customer_id,tenure,contract,monthly_charges,total_charges,internet_service,tech_support,online_security,payment_method,paperless_billing,senior_citizen,partner,dependents,num_support_calls,churn
CUST-10000,6,Two year,33.89,232.72,Fiber optic,Yes,Yes,Electronic check,No,0,Yes,Yes,0,0
CUST-10001,56,Month-to-month,79.48,4265.04,DSL,No,Yes,Bank transfer,No,0,Yes,Yes,2,0
CUST-10002,47,Two year,46.77,2166.76,No,Yes,No,Bank transfer,Yes,0,No,No,2,0
CUST-10003,32,One year,18.0,589.42,DSL,No,No,Mailed check,No,0,Yes,Yes,2,0
CUST-10004,31,Month-to-month,56.38,1730.57,DSL,No,No,Mailed check,No,1,No,No,1,1
CUST-10005,62,Two year,104.74,6345.78,No,Yes,Yes,Credit card,Yes,0,Yes,Yes,2,0
CUST-10006,6,Month-to-month,78.82,498.55,Fiber optic,Yes,No,Electronic check,Yes,0,Yes,Yes,1,1
CUST-10007,50,Month-to-month,120.0,5586.84,No,No,Yes,Credit card,Yes,1,Yes,No,2,0
CUST-10008,14,Month-to-month,70.32,1006.33,No,No,Yes,Bank transfer,Yes,0,Yes,Yes,0,1
CUST-10009,6,One year,120.0,787.13,Fiber optic,No,Yes,Electronic check,No,0,No,No,4,0
CUST-10010,38,Month-to-month,70.33,2635.66,DSL,Yes,No,Mailed check,Yes,0,No,No,1,1
CUST-10011,71,Month-to-month,65.67,4437.1,DSL,No,Yes,Credit card,Yes,0,Yes,Yes,4,1
CUST-10012,53,Month-to-month,26.62,1318.88,No,Yes,No,Bank transfer,Yes,0,Yes,Yes,0,0
CUST-10013,55,Month-to-month,98.32,5394.02,No,Yes,No,Electronic check,No,0,Yes,No,2,0
CUST-10014,52,Month-to-month,49.94,2605.83,Fiber optic,No,No,Electronic check,Yes,0,No,Yes,2,0
CUST-10015,57,Month-to-month,45.59,2635.77,Fiber optic,No,No,Credit card,Yes,0,No,Yes,3,1
CUST-10016,37,Month-to-month,103.44,3616.55,DSL,No,No,Electronic check,Yes,0,Yes,No,0,1
CUST-10017,9,Month-to-month,99.75,928.82,DSL,No,No,Bank transfer,No,0,No,Yes,1,1
CUST-10018,61,One year,98.96,5694.25,No,Yes,Yes,Credit card,Yes,0,Yes,No,1,1
CUST-10019,32,Month-to-month,54.13,1773.81,DSL,No,Yes,Electronic check,Yes,0,No,No,0,1
CUST-10020,36,One year,63.47,2253.85,Fiber optic,Yes,Yes,Electronic check,No,0,Yes,Yes,3,1
CUST-10021,27,Month-to-month,63.2,1755.87,No,No,Yes,Credit card,Yes,0,No,Yes,2,0
CUST-10022,13,Month-to-month,88.48,1225.14,Fiber optic,Yes,Yes,Credit card,No,0,Yes,Yes,3,0
CUST-10023,67,Month-to-month,111.61,7016.69,Fiber optic,No,Yes,Bank transfer,Yes,0,Yes,Yes,1,0
CUST-10024,57,Month-to-month,76.04,4157.97,DSL,Yes,No,Electronic check,No,0,No,No,2,0
CUST-10025,47,Month-to-month,120.0,5422.25,DSL,No,No,Electronic check,Yes,0,No,No,3,0
CUST-10026,29,Two year,91.92,2616.11,DSL,Yes,Yes,Credit card,Yes,0,Yes,Yes,2,0
CUST-10027,60,Month-to-month,57.96,3534.75,DSL,No,No,Credit card,Yes,0,No,No,0,1
CUST-10028,39,Month-to-month,89.86,3297.42,DSL,No,Yes,Credit card,No,0,No,Yes,0,1
CUST-10029,32,One year,116.18,3746.69,DSL,No,No,Credit card,No,0,Yes,No,1,1
CUST-10030,32,Month-to-month,120.0,3654.14,DSL,No,No,Mailed check,Yes,0,No,No,3,1
CUST-10031,16,Month-to-month,100.61,1665.8,DSL,Yes,Yes,Mailed check,Yes,0,Yes,No,1,1
CUST-10032,6,Month-to-month,65.77,423.68,No,No,Yes,Mailed check,Yes,0,No,No,1,0
CUST-10033,40,Month-to-month,58.5,2285.07,DSL,No,No,Bank transfer,Yes,0,No,No,0,1
CUST-10034,64,Month-to-month,82.28,5170.52,Fiber optic,Yes,No,Electronic check,Yes,0,Yes,No,2,0
CUST-10035,4,One year,115.22,543.37,No,No,No,Electronic check,No,0,Yes,Yes,0,1
CUST-10036,62,Two year,78.01,4898.0,DSL,No,Yes,Credit card,Yes,0,Yes,No,2,0
CUST-10037,60,Month-to-month,78.64,4655.79,Fiber optic,No,Yes,Mailed check,No,0,Yes,No,0,1
CUST-10038,20,One year,66.54,1279.59,No,No,Yes,Electronic check,Yes,0,No,No,2,0
CUST-10039,46,One year,55.16,2429.75,Fiber optic,No,No,Bank transfer,No,1,Yes,No,0,0
CUST-10040,12,Month-to-month,60.14,728.19,DSL,No,Yes,Mailed check,Yes,0,Yes,No,3,0
CUST-10041,55,One year,69.06,3594.91,Fiber optic,No,Yes,Electronic check,Yes,0,No,No,4,0
CUST-10042,51,One year,116.54,5582.4,Fiber optic,No,No,Mailed check,No,0,No,Yes,0,0
CUST-10043,25,Two year,57.81,1380.67,Fiber optic,Yes,No,Mailed check,Yes,0,No,No,2,0
CUST-10044,4,Two year,66.58,328.58,DSL,No,Yes,Bank transfer,No,0,No,Yes,0,0
CUST-10045,70,Month-to-month,39.04,2768.88,DSL,No,No,Credit card,No,0,No,Yes,0,0
CUST-10046,32,Month-to-month,86.5,2614.73,No,Yes,No,Credit card,No,0,No,Yes,2,1
CUST-10047,65,Month-to-month,106.0,6849.96,DSL,No,No,Credit card,No,0,No,No,1,0
CUST-10048,49,Month-to-month,113.73,5247.25,DSL,No,Yes,Mailed check,Yes,0,Yes,No,1,0
CUST-10049,56,Month-to-month,71.1,3858.85,Fiber optic,No,No,Bank transfer,Yes,0,No,No,0,1
CUST-10050,55,Two year,82.23,4235.17,No,No,Yes,Electronic check,No,0,No,No,1,0
CUST-10051,14,Month-to-month,60.39,839.82,DSL,Yes,No,Bank transfer,Yes,0,Yes,No,3,0
CUST-10052,26,Month-to-month,80.84,2054.05,DSL,No,No,Bank transfer,Yes,0,Yes,No,2,0
CUST-10053,34,Two year,74.42,2527.87,Fiber optic,No,No,Credit card,Yes,0,Yes,Yes,2,0
CUST-10054,36,Month-to-month,66.75,2339.85,Fiber optic,No,No,Electronic check,No,0,No,No,2,1
CUST-10055,3,Month-to-month,69.13,271.27,Fiber optic,Yes,No,Credit card,Yes,0,No,No,3,1
CUST-10056,39,Two year,78.56,2858.51,No,No,Yes,Bank transfer,Yes,0,No,Yes,2,0
CUST-10057,11,Month-to-month,56.18,645.3,DSL,No,Yes,Electronic check,No,1,No,No,1,1
CUST-10058,54,Month-to-month,57.73,2891.52,DSL,Yes,Yes,Credit card,No,0,Yes,Yes,2,0
CUST-10059,49,Month-to-month,116.22,5298.35,Fiber optic,No,No,Mailed check,Yes,0,No,No,0,1
CUST-10060,67,Two year,120.0,7596.07,DSL,No,Yes,Mailed check,Yes,1,No,No,0,0
CUST-10061,54,Month-to-month,28.87,1445.73,Fiber optic,No,No,Electronic check,No,0,No,No,0,0
CUST-10062,26,Month-to-month,27.22,718.44,Fiber optic,No,No,Electronic check,Yes,1,Yes,No,1,1
CUST-10063,70,Month-to-month,36.29,2449.67,DSL,No,No,Electronic check,No,0,No,No,0,1
CUST-10064,29,Month-to-month,61.9,1790.99,Fiber optic,No,No,Mailed check,No,0,Yes,No,0,1
CUST-10065,23,Two year,91.87,1996.8,DSL,No,No,Mailed check,Yes,0,Yes,No,2,0
CUST-10066,66,Month-to-month,82.74,5113.85,Fiber optic,No,No,Mailed check,Yes,0,No,No,0,0
CUST-10067,27,Two year,70.16,1870.83,Fiber optic,No,No,Bank transfer,Yes,1,No,No,2,0
CUST-10068,5,Month-to-month,80.87,440.68,Fiber optic,No,No,Credit card,Yes,1,No,No,2,1
CUST-10069,34,Month-to-month,44.24,1418.42,DSL,Yes,Yes,Credit card,Yes,0,Yes,No,1,0
CUST-10070,58,Two year,57.68,3070.25,No,Yes,Yes,Mailed check,Yes,0,Yes,No,1,0
CUST-10071,13,Month-to-month,64.4,893.62,No,No,No,Credit card,No,0,Yes,No,1,1
CUST-10072,33,Month-to-month,18.0,577.19,No,No,No,Bank transfer,No,0,No,Yes,1,0
CUST-10073,9,Two year,30.16,272.8,No,No,No,Mailed check,Yes,0,Yes,Yes,2,1
CUST-10074,50,Month-to-month,31.35,1512.59,DSL,No,No,Electronic check,Yes,0,Yes,No,5,0
CUST-10075,34,Month-to-month,87.92,3042.6,Fiber optic,No,No,Mailed check,Yes,0,Yes,No,0,0
CUST-10076,24,Two year,72.36,1662.46,DSL,Yes,No,Electronic check,Yes,0,No,No,1,0
CUST-10077,16,Month-to-month,83.33,1308.65,No,No,No,Electronic check,Yes,0,Yes,Yes,1,1
CUST-10078,41,Month-to-month,18.0,754.66,DSL,No,No,Credit card,Yes,0,No,Yes,1,1
CUST-10079,48,Month-to-month,20.49,989.34,DSL,Yes,Yes,Electronic check,Yes,0,Yes,No,2,0
CUST-10080,68,Month-to-month,84.9,5593.62,Fiber optic,No,Yes,Bank transfer,Yes,0,No,No,3,0
CUST-10081,31,Month-to-month,18.0,529.11,DSL,No,Yes,Electronic check,Yes,0,No,No,1,0
CUST-10082,11,One year,101.74,1125.59,Fiber optic,No,No,Bank transfer,No,0,Yes,Yes,1,0
CUST-10083,60,Month-to-month,18.0,1082.79,DSL,No,No,Credit card,No,0,No,No,4,1
CUST-10084,45,One year,90.3,4019.02,Fiber optic,Yes,No,Mailed check,No,1,Yes,No,1,0
CUST-10085,51,Month-to-month,38.34,1864.28,No,No,No,Electronic check,No,0,No,No,1,1
CUST-10086,7,Month-to-month,96.47,696.59,Fiber optic,No,Yes,Electronic check,Yes,0,Yes,Yes,3,1
CUST-10087,22,Month-to-month,120.0,2521.54,DSL,No,No,Credit card,Yes,0,No,No,0,0
CUST-10088,56,One year,18.0,998.22,DSL,Yes,No,Electronic check,No,1,Yes,No,1,0
CUST-10089,60,Month-to-month,85.86,5053.49,DSL,No,No,Mailed check,Yes,0,Yes,No,2,0
CUST-10090,31,Month-to-month,18.0,539.07,DSL,Yes,Yes,Credit card,Yes,0,No,No,2,0
CUST-10091,58,Two year,77.8,4402.9,Fiber optic,Yes,Yes,Bank transfer,No,0,Yes,No,0,0
CUST-10092,61,One year,58.8,3556.33,DSL,No,No,Credit card,No,0,Yes,Yes,0,0
CUST-10093,28,Month-to-month,68.89,1926.65,DSL,No,No,Credit card,No,0,No,No,3,0
CUST-10094,65,Two year,37.65,2295.93,DSL,No,No,Bank transfer,Yes,0,No,No,1,0
CUST-10095,21,Month-to-month,88.42,1935.81,No,Yes,No,Credit card,No,0,Yes,No,1,1
CUST-10096,17,Month-to-month,21.55,350.03,DSL,No,Yes,Electronic check,Yes,0,Yes,No,0,0
CUST-10097,49,Month-to-month,102.25,4885.65,DSL,No,Yes,Electronic check,Yes,0,No,No,0,1
CUST-10098,46,Month-to-month,52.72,2285.39,Fiber optic,No,Yes,Mailed check,No,0,Yes,No,1,0
CUST-10099,10,Month-to-month,22.92,244.75,DSL,No,Yes,Credit card,Yes,1,No,Yes,4,0
CUST-10100,60,One year,112.85,6582.2,No,No,No,Bank transfer,No,0,Yes,No,3,0
CUST-10101,14,Month-to-month,62.98,868.72,DSL,Yes,Yes,Mailed check,No,0,Yes,Yes,1,0
CUST-10102,58,Two year,120.0,6730.17,Fiber optic,Yes,Yes,Electronic check,No,1,No,Yes,1,0
CUST-10103,0,Two year,101.64,96.76,Fiber optic,No,No,Credit card,Yes,1,No,No,2,1
CUST-10104,58,One year,41.06,2282.11,No,No,Yes,Credit card,Yes,0,Yes,Yes,3,0
CUST-10105,57,One year,62.45,3275.17,Fiber optic,No,No,Electronic check,No,0,Yes,Yes,0,0
CUST-10106,56,One year,68.63,3601.61,Fiber optic,No,Yes,Mailed check,Yes,0,No,No,4,0
CUST-10107,48,Two year,110.79,5411.78,Fiber optic,No,Yes,Bank transfer,Yes,0,No,No,1,0
CUST-10108,34,Month-to-month,78.13,2512.64,Fiber optic,No,Yes,Electronic check,Yes,0,Yes,No,0,0
CUST-10109,51,Month-to-month,70.29,3457.25,Fiber optic,No,Yes,Bank transfer,Yes,0,No,Yes,2,0
CUST-10110,20,Month-to-month,59.0,1151.53,Fiber optic,Yes,Yes,Credit card,No,0,Yes,No,1,1
CUST-10111,56,Month-to-month,63.48,3530.38,Fiber optic,No,No,Credit card,Yes,1,No,No,3,1
CUST-10112,40,Month-to-month,104.14,4089.59,DSL,No,No,Credit card,No,1,No,No,1,1
CUST-10113,33,One year,65.11,2150.74,DSL,Yes,Yes,Credit card,Yes,1,No,No,3,0
CUST-10114,36,Month-to-month,53.15,1895.16,Fiber optic,Yes,Yes,Mailed check,Yes,0,No,No,3,0
CUST-10115,41,Two year,48.06,1918.34,DSL,No,Yes,Mailed check,Yes,0,No,No,3,0
CUST-10116,2,Month-to-month,48.39,144.6,Fiber optic,No,No,Mailed check,No,0,No,Yes,1,1
CUST-10117,10,Month-to-month,22.94,244.85,DSL,Yes,Yes,Credit card,Yes,0,Yes,No,0,1
CUST-10118,17,Month-to-month,42.49,741.02,Fiber optic,Yes,Yes,Bank transfer,Yes,0,Yes,No,1,0
CUST-10119,8,Month-to-month,109.95,958.92,Fiber optic,Yes,No,Mailed check,Yes,0,No,No,1,0
CUST-10120,32,Month-to-month,58.8,1836.94,Fiber optic,Yes,No,Bank transfer,Yes,0,No,Yes,2,1
CUST-10121,48,Month-to-month,86.13,4069.57,Fiber optic,No,No,Electronic check,Yes,1,No,No,0,1
CUST-10122,47,Month-to-month,18.0,829.83,DSL,No,Yes,Mailed check,Yes,0,Yes,Yes,1,0
CUST-10123,34,Month-to-month,82.05,2839.67,DSL,No,Yes,Electronic check,Yes,0,Yes,No,3,1
CUST-10124,62,Month-to-month,60.16,3782.06,Fiber optic,Yes,Yes,Credit card,No,0,Yes,Yes,1,0
CUST-10125,41,Month-to-month,50.56,2013.74,No,No,No,Electronic check,Yes,0,Yes,No,0,1
CUST-10126,5,Month-to-month,70.43,405.71,Fiber optic,Yes,No,Credit card,No,0,Yes,No,2,1
CUST-10127,55,Month-to-month,50.13,2608.04,Fiber optic,No,Yes,Electronic check,No,0,No,No,1,0
CUST-10128,41,Month-to-month,18.0,744.31,Fiber optic,No,No,Electronic check,No,0,No,Yes,3,1
CUST-10129,46,Month-to-month,92.67,4229.48,Fiber optic,No,No,Bank transfer,No,0,Yes,No,2,0
CUST-10130,41,Month-to-month,72.29,3013.1,Fiber optic,No,No,Electronic check,Yes,0,Yes,Yes,1,0
CUST-10131,40,One year,55.58,2188.77,Fiber optic,Yes,Yes,Electronic check,Yes,1,No,No,2,0
CUST-10132,6,Two year,36.01,244.73,DSL,Yes,Yes,Mailed check,Yes,0,Yes,Yes,1,0
CUST-10133,40,Two year,20.9,779.36,DSL,No,Yes,Bank transfer,Yes,0,Yes,No,3,0
CUST-10134,58,Month-to-month,71.72,4065.07,Fiber optic,Yes,No,Electronic check,No,0,Yes,No,3,0
CUST-10135,22,Month-to-month,113.4,2445.65,Fiber optic,No,Yes,Electronic check,Yes,0,Yes,No,0,1
CUST-10136,44,Month-to-month,71.09,3041.69,Fiber optic,Yes,Yes,Mailed check,Yes,1,No,No,2,0
CUST-10137,2,One year,23.52,65.81,DSL,No,No,Bank transfer,Yes,0,No,No,2,0
CUST-10138,25,One year,71.75,1732.54,DSL,Yes,No,Electronic check,No,0,No,No,2,0
CUST-10139,31,Two year,63.4,1992.43,Fiber optic,Yes,No,Mailed check,Yes,0,No,Yes,0,0
CUST-10140,71,Two year,90.92,6256.65,DSL,No,No,Electronic check,Yes,0,Yes,No,2,0
CUST-10141,15,Month-to-month,83.2,1231.79,No,No,No,Mailed check,Yes,0,Yes,No,2,0
CUST-10142,20,One year,18.0,369.18,DSL,No,No,Mailed check,No,1,No,Yes,3,0
CUST-10143,29,Two year,81.36,2214.98,Fiber optic,No,Yes,Bank transfer,No,1,Yes,No,0,0
CUST-10144,72,Month-to-month,34.9,2367.62,Fiber optic,Yes,Yes,Electronic check,Yes,0,No,Yes,0,0
CUST-10145,62,Two year,22.35,1314.6,DSL,Yes,No,Credit card,No,0,Yes,No,1,0
CUST-10146,2,Month-to-month,59.35,163.41,DSL,Yes,Yes,Electronic check,Yes,0,Yes,No,0,1
CUST-10147,17,Two year,77.33,1370.04,DSL,No,No,Credit card,Yes,0,No,No,2,0
CUST-10148,59,One year,18.0,1044.78,DSL,Yes,No,Bank transfer,Yes,0,Yes,No,0,0
CUST-10149,4,Month-to-month,86.14,416.5,DSL,Yes,Yes,Mailed check,Yes,0,Yes,No,4,0
CUST-10150,62,One year,87.9,5312.15,Fiber optic,No,No,Mailed check,No,0,Yes,Yes,0,0
CUST-10151,20,Month-to-month,66.41,1307.91,DSL,No,No,Credit card,Yes,0,No,No,0,1
CUST-10152,66,One year,38.97,2521.96,Fiber optic,No,No,Credit card,No,0,Yes,No,3,0
CUST-10153,21,One year,35.62,762.97,DSL,Yes,No,Bank transfer,Yes,1,Yes,No,2,0
CUST-10154,31,One year,95.78,2923.51,No,No,Yes,Electronic check,Yes,0,No,No,1,0
CUST-10155,48,Two year,19.66,912.35,Fiber optic,No,Yes,Credit card,Yes,0,Yes,No,0,0
CUST-10156,9,Month-to-month,96.93,894.04,No,Yes,Yes,Mailed check,No,0,No,Yes,0,1
CUST-10157,40,Month-to-month,60.04,2236.15,No,No,No,Electronic check,Yes,0,Yes,Yes,4,0
CUST-10158,36,Month-to-month,62.12,2078.09,DSL,Yes,Yes,Credit card,Yes,0,No,Yes,0,0
CUST-10159,57,Month-to-month,18.0,1014.17,Fiber optic,No,No,Electronic check,Yes,1,Yes,Yes,0,1
CUST-10160,72,Month-to-month,60.6,4135.65,DSL,No,Yes,Mailed check,Yes,1,No,No,0,1
CUST-10161,48,Month-to-month,83.41,3967.91,No,Yes,No,Electronic check,Yes,0,No,Yes,1,1
CUST-10162,29,Month-to-month,24.91,710.53,Fiber optic,No,No,Mailed check,No,0,Yes,Yes,2,0
CUST-10163,29,Month-to-month,79.96,2266.12,Fiber optic,No,Yes,Credit card,Yes,0,No,No,3,0
CUST-10164,30,Two year,67.67,2019.93,No,No,No,Electronic check,Yes,0,No,No,1,0
CUST-10165,59,Month-to-month,45.69,2517.5,No,No,No,Electronic check,No,0,Yes,No,1,0
CUST-10166,23,Two year,90.64,2170.94,No,No,No,Credit card,No,1,No,No,1,0
CUST-10167,12,Month-to-month,18.0,218.33,DSL,Yes,No,Electronic check,No,0,Yes,No,1,1
CUST-10168,24,Month-to-month,75.4,1841.49,DSL,Yes,No,Electronic check,Yes,0,No,No,1,1
CUST-10169,1,Month-to-month,113.58,210.07,DSL,No,No,Bank transfer,No,0,No,Yes,2,0
CUST-10170,7,Month-to-month,108.2,819.54,Fiber optic,No,No,Mailed check,Yes,0,Yes,No,0,1
CUST-10171,6,Month-to-month,76.69,509.95,Fiber optic,No,Yes,Credit card,Yes,0,Yes,No,4,0
CUST-10172,56,Month-to-month,55.95,2968.03,DSL,No,No,Electronic check,Yes,0,No,No,2,1
CUST-10173,52,Month-to-month,45.93,2275.73,Fiber optic,No,Yes,Bank transfer,Yes,0,Yes,Yes,0,0
CUST-10174,50,Month-to-month,55.91,2690.39,DSL,No,No,Credit card,Yes,1,No,No,4,0
CUST-10175,33,One year,81.31,2719.25,Fiber optic,No,Yes,Bank transfer,No,0,No,No,3,0
CUST-10176,52,Month-to-month,40.78,2053.28,No,No,No,Electronic check,Yes,0,Yes,No,1,0
CUST-10177,11,Two year,87.72,956.7,Fiber optic,No,Yes,Electronic check,Yes,0,Yes,No,0,1
CUST-10178,65,Month-to-month,120.0,7299.61,Fiber optic,No,Yes,Electronic check,Yes,0,No,No,0,1
CUST-10179,36,Two year,63.14,2332.91,DSL,No,Yes,Credit card,Yes,0,Yes,No,0,0
CUST-10180,68,One year,24.67,1547.31,DSL,No,Yes,Electronic check,No,0,Yes,No,1,0
CUST-10181,11,Two year,24.66,285.5,Fiber optic,No,Yes,Electronic check,No,0,No,No,2,1
CUST-10182,36,Two year,88.3,3009.38,Fiber optic,Yes,No,Mailed check,No,1,No,No,5,0
CUST-10183,50,Month-to-month,63.21,3040.58,DSL,No,Yes,Mailed check,No,1,No,No,2,0
CUST-10184,36,Month-to-month,91.3,3160.89,No,No,Yes,Electronic check,Yes,1,Yes,No,3,1
CUST-10185,32,Month-to-month,48.99,1612.98,Fiber optic,No,Yes,Mailed check,Yes,0,No,No,1,1
CUST-10186,12,Two year,89.92,1116.51,No,Yes,Yes,Credit card,Yes,0,Yes,No,3,0
CUST-10187,27,One year,60.25,1560.46,Fiber optic,No,No,Electronic check,No,0,Yes,Yes,2,1
CUST-10188,17,Month-to-month,43.02,743.66,No,No,Yes,Credit card,Yes,0,No,No,2,1
CUST-10189,22,Two year,52.97,1105.18,DSL,No,No,Bank transfer,Yes,0,Yes,No,0,1
CUST-10190,49,Month-to-month,29.09,1443.83,DSL,Yes,No,Mailed check,Yes,0,No,No,1,0
CUST-10191,46,One year,120.0,5270.15,No,No,No,Bank transfer,Yes,0,No,No,1,0
CUST-10192,44,One year,62.11,2762.35,No,Yes,No,Mailed check,No,0,Yes,No,1,1
CUST-10193,26,Month-to-month,84.34,2233.73,Fiber optic,Yes,Yes,Electronic check,No,0,No,No,1,1
CUST-10194,70,One year,48.89,3188.91,DSL,Yes,No,Electronic check,Yes,1,No,No,5,0
CUST-10195,6,Two year,33.44,233.2,DSL,No,No,Electronic check,Yes,0,No,No,0,1
CUST-10196,25,Month-to-month,57.98,1506.23,Fiber optic,No,Yes,Bank transfer,Yes,0,Yes,Yes,3,1
CUST-10197,8,Month-to-month,98.04,865.18,No,No,No,Electronic check,Yes,0,Yes,No,1,1
CUST-10198,24,Month-to-month,49.38,1166.79,DSL,No,Yes,Electronic check,Yes,0,No,Yes,2,1
CUST-10199,70,One year,38.88,2670.09,DSL,No,No,Electronic check,Yes,0,No,No,4,0
CUST-10200,26,Month-to-month,69.66,1707.91,Fiber optic,No,No,Electronic check,Yes,1,Yes,Yes,2,1
CUST-10201,66,Two year,79.97,5315.73,Fiber optic,Yes,Yes,Credit card,No,0,Yes,No,0,1
CUST-10202,36,Two year,114.29,3899.63,Fiber optic,Yes,Yes,Electronic check,No,0,No,No,2,0
CUST-10203,51,Month-to-month,75.61,3820.34,Fiber optic,Yes,No,Bank transfer,Yes,1,No,Yes,1,1
CUST-10204,33,Month-to-month,84.32,2809.98,No,No,Yes,Mailed check,No,0,No,Yes,0,1
CUST-10205,19,One year,86.58,1726.33,DSL,No,No,Electronic check,No,0,No,Yes,1,1
CUST-10206,55,One year,30.41,1672.96,Fiber optic,No,Yes,Mailed check,Yes,0,No,No,3,0
CUST-10207,70,Month-to-month,36.1,2516.46,Fiber optic,No,Yes,Electronic check,Yes,0,Yes,No,1,1
CUST-10208,19,Month-to-month,32.48,630.46,Fiber optic,Yes,No,Mailed check,Yes,0,No,No,3,1
CUST-10209,56,Month-to-month,25.04,1366.86,No,No,No,Credit card,Yes,0,Yes,No,3,0
CUST-10210,19,Two year,88.86,1606.92,Fiber optic,No,No,Bank transfer,Yes,0,Yes,No,0,1
CUST-10211,52,Month-to-month,73.7,3895.44,Fiber optic,Yes,No,Credit card,Yes,1,No,Yes,3,1
CUST-10212,57,Two year,67.38,3692.7,DSL,No,Yes,Bank transfer,No,0,Yes,Yes,1,0
CUST-10213,32,Month-to-month,18.0,581.93,Fiber optic,No,No,Credit card,No,0,No,No,1,0
CUST-10214,53,Two year,120.0,6076.48,DSL,Yes,Yes,Electronic check,Yes,0,Yes,Yes,1,0
CUST-10215,19,Month-to-month,38.17,721.88,DSL,Yes,Yes,Electronic check,No,0,Yes,No,1,0
CUST-10216,5,Month-to-month,120.0,681.29,Fiber optic,Yes,Yes,Mailed check,No,0,No,Yes,0,1
CUST-10217,7,Two year,21.52,171.99,Fiber optic,No,No,Bank transfer,Yes,0,Yes,No,1,0
CUST-10218,32,Two year,40.63,1235.05,No,No,Yes,Credit card,Yes,0,No,Yes,1,0
CUST-10219,65,Month-to-month,18.0,1128.81,Fiber optic,No,Yes,Electronic check,No,1,No,Yes,3,0
CUST-10220,9,Month-to-month,75.86,694.47,No,Yes,No,Electronic check,No,0,Yes,Yes,1,0
CUST-10221,33,Month-to-month,31.96,1031.67,DSL,No,Yes,Credit card,No,0,Yes,No,2,0
CUST-10222,51,Month-to-month,32.81,1628.66,Fiber optic,No,No,Bank transfer,Yes,0,Yes,Yes,1,0
CUST-10223,14,Month-to-month,23.82,326.45,No,No,Yes,Mailed check,No,0,Yes,No,1,1
CUST-10224,52,Two year,88.32,4539.71,Fiber optic,No,Yes,Electronic check,Yes,0,No,No,1,0
CUST-10225,22,Month-to-month,86.34,1951.66,No,No,No,Bank transfer,Yes,0,Yes,No,1,0
CUST-10226,59,One year,119.36,7029.85,Fiber optic,No,No,Credit card,Yes,0,Yes,No,2,0
CUST-10227,42,Month-to-month,44.43,1858.76,DSL,No,No,Electronic check,No,0,Yes,No,1,1
CUST-10228,39,Month-to-month,71.56,2616.49,Fiber optic,Yes,No,Electronic check,Yes,0,No,No,2,1
CUST-10229,12,One year,26.32,329.21,DSL,No,Yes,Credit card,Yes,0,Yes,No,1,0
CUST-10230,33,Month-to-month,54.95,1811.94,DSL,No,No,Credit card,No,0,Yes,No,2,0
CUST-10231,62,One year,49.43,3039.15,DSL,Yes,No,Electronic check,Yes,1,No,No,4,0
CUST-10232,1,Month-to-month,78.93,153.27,DSL,Yes,No,Bank transfer,No,1,Yes,Yes,4,1
CUST-10233,55,Two year,95.51,5150.02,Fiber optic,No,Yes,Credit card,Yes,1,No,No,0,0
CUST-10234,35,One year,94.73,3317.43,No,Yes,Yes,Electronic check,Yes,0,Yes,No,1,0
CUST-10235,52,Two year,39.72,2074.07,Fiber optic,Yes,Yes,Electronic check,Yes,0,No,No,1,0
CUST-10236,48,Month-to-month,94.95,4452.17,No,No,No,Electronic check,No,0,Yes,No,2,0
CUST-10237,31,Month-to-month,63.68,1863.59,Fiber optic,Yes,Yes,Credit card,No,1,Yes,No,2,0
CUST-10238,22,Month-to-month,55.26,1247.59,DSL,Yes,No,Credit card,Yes,1,No,No,1,0
CUST-10239,45,Month-to-month,43.74,1943.84,DSL,Yes,Yes,Electronic check,No,0,No,Yes,1,0
CUST-10240,10,Month-to-month,48.2,513.58,No,Yes,No,Electronic check,No,0,No,No,0,0
CUST-10241,42,Month-to-month,117.27,4686.71,Fiber optic,No,Yes,Bank transfer,Yes,0,Yes,No,1,0
CUST-10242,6,Month-to-month,74.22,475.36,No,No,No,Credit card,Yes,0,Yes,Yes,1,1
CUST-10243,47,Month-to-month,70.24,3297.59,DSL,Yes,No,Credit card,No,0,No,No,1,0
CUST-10244,45,Month-to-month,57.13,2378.17,Fiber optic,No,No,Electronic check,Yes,0,Yes,Yes,0,0
CUST-10245,6,Month-to-month,120.0,789.8,Fiber optic,No,Yes,Mailed check,No,0,Yes,Yes,1,1
CUST-10246,55,Month-to-month,104.15,5545.95,No,Yes,No,Electronic check,Yes,0,No,No,4,1
CUST-10247,30,One year,43.37,1212.37,DSL,No,Yes,Electronic check,No,0,No,No,0,0
CUST-10248,57,Month-to-month,56.79,3161.08,No,Yes,No,Bank transfer,No,0,No,No,2,0
CUST-10249,3,Month-to-month,58.57,213.65,Fiber optic,Yes,No,Mailed check,Yes,0,Yes,Yes,5,0
CUST-10250,13,Month-to-month,69.38,897.64,No,Yes,Yes,Bank transfer,Yes,0,Yes,No,0,1
CUST-10251,36,One year,43.96,1625.47,Fiber optic,Yes,No,Mailed check,No,0,No,No,1,0
CUST-10252,13,Month-to-month,78.16,1046.12,Fiber optic,No,No,Bank transfer,No,0,No,No,2,0
CUST-10253,24,One year,108.56,2705.39,Fiber optic,No,Yes,Bank transfer,Yes,0,No,Yes,0,0
CUST-10254,48,Two year,25.59,1190.29,No,No,Yes,Electronic check,Yes,0,No,No,3,0
CUST-10255,10,Month-to-month,31.16,336.02,DSL,Yes,No,Electronic check,No,0,Yes,No,0,0
CUST-10256,49,Two year,50.51,2282.54,Fiber optic,No,No,Mailed check,Yes,0,Yes,No,1,0
CUST-10257,7,One year,51.9,385.77,Fiber optic,No,No,Electronic check,No,0,No,No,1,1
CUST-10258,12,Month-to-month,120.0,1448.18,Fiber optic,Yes,No,Electronic check,Yes,0,Yes,No,2,1
CUST-10259,42,Month-to-month,95.05,3706.96,Fiber optic,No,Yes,Mailed check,No,0,Yes,No,1,1
CUST-10260,57,One year,93.33,5387.21,Fiber optic,No,Yes,Mailed check,Yes,0,No,No,1,0
CUST-10261,12,Two year,57.07,705.16,Fiber optic,Yes,Yes,Mailed check,No,0,Yes,Yes,1,0
CUST-10262,21,Month-to-month,56.41,1190.51,Fiber optic,No,Yes,Electronic check,Yes,0,Yes,No,2,1
CUST-10263,67,Month-to-month,21.45,1388.65,Fiber optic,Yes,Yes,Electronic check,No,0,No,No,2,0
CUST-10264,72,One year,88.45,5971.66,Fiber optic,No,Yes,Credit card,Yes,1,Yes,Yes,0,0
CUST-10265,42,Month-to-month,79.73,3402.44,No,Yes,No,Bank transfer,No,0,No,No,2,0
CUST-10266,32,One year,103.58,3305.0,Fiber optic,Yes,No,Mailed check,No,0,Yes,Yes,4,1
CUST-10267,25,Month-to-month,58.68,1391.97,DSL,No,Yes,Electronic check,No,0,Yes,No,3,1
CUST-10268,44,One year,60.75,2586.62,Fiber optic,No,No,Mailed check,Yes,0,No,No,1,0
CUST-10269,43,Two year,70.1,2776.41,DSL,Yes,Yes,Credit card,Yes,1,Yes,No,0,0
CUST-10270,21,One year,91.76,1953.06,DSL,No,Yes,Credit card,Yes,0,No,No,0,1
CUST-10271,1,One year,20.89,39.79,Fiber optic,No,No,Credit card,Yes,0,Yes,No,0,1
CUST-10272,11,One year,87.08,1034.95,Fiber optic,No,No,Electronic check,No,1,No,Yes,1,0
CUST-10273,69,Two year,64.39,4483.56,Fiber optic,No,Yes,Mailed check,No,0,Yes,No,3,0
CUST-10274,30,Two year,33.24,937.51,No,No,Yes,Electronic check,No,0,No,No,1,0
CUST-10275,35,Month-to-month,18.0,589.0,DSL,No,No,Credit card,Yes,0,Yes,No,1,0
CUST-10276,34,One year,60.91,2110.34,DSL,Yes,Yes,Electronic check,Yes,0,Yes,Yes,5,0
CUST-10277,57,Month-to-month,108.43,5982.1,DSL,No,No,Bank transfer,Yes,0,Yes,Yes,2,0
CUST-10278,4,Two year,115.24,545.64,DSL,Yes,No,Mailed check,Yes,0,No,No,1,0
CUST-10279,6,One year,75.66,506.89,Fiber optic,Yes,Yes,Bank transfer,No,0,No,No,1,0
CUST-10280,20,Month-to-month,120.0,2385.53,Fiber optic,No,No,Credit card,Yes,0,Yes,No,2,1
CUST-10281,35,Month-to-month,63.71,2205.09,Fiber optic,Yes,No,Mailed check,Yes,0,No,No,2,1
CUST-10282,48,Month-to-month,93.6,4563.04,DSL,No,No,Electronic check,No,0,No,Yes,4,1
CUST-10283,35,One year,51.46,1779.57,Fiber optic,No,No,Bank transfer,Yes,0,No,Yes,0,0
CUST-10284,32,Month-to-month,49.56,1524.39,DSL,No,No,Bank transfer,Yes,0,No,Yes,3,0
CUST-10285,68,Month-to-month,44.67,2839.78,Fiber optic,No,Yes,Electronic check,Yes,0,No,Yes,0,0
CUST-10286,11,Two year,18.0,215.27,Fiber optic,No,Yes,Electronic check,Yes,1,Yes,No,3,0
CUST-10287,41,One year,103.61,4168.59,DSL,No,Yes,Bank transfer,Yes,0,Yes,Yes,1,0
CUST-10288,39,Month-to-month,45.75,1750.7,No,Yes,No,Bank transfer,Yes,0,Yes,Yes,1,0
CUST-10289,34,Month-to-month,40.96,1295.02,Fiber optic,Yes,No,Electronic check,No,0,Yes,No,4,1
CUST-10290,58,Two year,29.6,1732.15,DSL,No,Yes,Bank transfer,Yes,0,Yes,No,2,1
CUST-10291,19,One year,58.87,1114.95,Fiber optic,No,No,Mailed check,Yes,0,Yes,Yes,2,0
CUST-10292,69,One year,117.9,8252.79,Fiber optic,No,Yes,Electronic check,No,0,No,Yes,1,1
CUST-10293,24,Month-to-month,120.0,2750.36,DSL,Yes,No,Bank transfer,Yes,0,Yes,No,1,0
CUST-10294,39,Month-to-month,18.0,671.49,DSL,Yes,No,Bank transfer,Yes,0,Yes,No,4,0
CUST-10295,38,Month-to-month,54.37,1952.93,Fiber optic,No,Yes,Electronic check,Yes,1,No,No,2,0
CUST-10296,62,One year,33.97,2007.19,No,No,Yes,Bank transfer,Yes,0,Yes,Yes,1,0
CUST-10297,32,Month-to-month,94.65,3116.15,Fiber optic,No,Yes,Electronic check,Yes,0,Yes,No,2,1
CUST-10298,20,Month-to-month,73.6,1455.15,Fiber optic,No,No,Bank transfer,No,0,No,No,1,0
CUST-10299,1,One year,45.9,90.21,Fiber optic,No,Yes,Credit card,Yes,0,No,No,0,0
CUST-10300,26,Two year,67.18,1769.47,Fiber optic,Yes,No,Credit card,Yes,0,No,No,4,0
CUST-10301,60,One year,50.68,2874.44,DSL,No,No,Mailed check,Yes,0,No,No,2,0
CUST-10302,0,Month-to-month,113.43,108.66,Fiber optic,Yes,No,Mailed check,Yes,1,No,Yes,0,1
CUST-10303,65,Month-to-month,81.41,5293.38,No,Yes,No,Electronic check,No,0,Yes,No,0,0
CUST-10304,39,Month-to-month,85.09,3271.31,No,No,No,Credit card,No,0,No,No,3,1
CUST-10305,10,Month-to-month,18.0,183.45,No,Yes,No,Mailed check,No,0,Yes,Yes,1,0
CUST-10306,22,Month-to-month,63.0,1429.17,DSL,Yes,No,Credit card,Yes,0,Yes,Yes,3,1
CUST-10307,40,Month-to-month,120.0,4701.63,Fiber optic,No,Yes,Credit card,Yes,0,No,Yes,1,0
CUST-10308,23,One year,104.78,2509.69,Fiber optic,No,Yes,Mailed check,No,0,No,No,1,0
CUST-10309,7,Two year,18.0,139.04,DSL,No,Yes,Bank transfer,Yes,0,No,No,1,1
CUST-10310,48,Two year,55.6,2574.25,DSL,No,No,Mailed check,Yes,0,No,No,2,0
CUST-10311,49,Month-to-month,28.95,1365.85,Fiber optic,Yes,Yes,Bank transfer,Yes,0,Yes,No,2,1
CUST-10312,8,Month-to-month,116.33,1034.42,Fiber optic,No,No,Electronic check,Yes,1,No,No,3,1
CUST-10313,20,Month-to-month,72.33,1515.98,Fiber optic,Yes,Yes,Credit card,No,1,No,No,2,1
CUST-10314,17,Month-to-month,41.97,710.91,DSL,No,No,Electronic check,No,0,Yes,Yes,0,1
CUST-10315,48,Month-to-month,66.02,2964.22,Fiber optic,Yes,No,Bank transfer,No,0,Yes,Yes,3,0
CUST-10316,53,Month-to-month,18.0,878.67,DSL,Yes,No,Credit card,Yes,0,Yes,No,2,0
CUST-10317,53,One year,32.45,1633.56,DSL,Yes,No,Credit card,No,0,No,No,0,0
CUST-10318,68,Month-to-month,66.09,4260.14,Fiber optic,No,Yes,Credit card,No,0,No,No,4,1
CUST-10319,56,Two year,90.37,4855.35,DSL,Yes,Yes,Bank transfer,No,0,No,No,1,0
CUST-10320,23,Month-to-month,18.0,395.07,No,No,No,Credit card,Yes,0,No,No,2,0
CUST-10321,7,Month-to-month,53.57,406.82,Fiber optic,No,Yes,Credit card,No,0,Yes,Yes,2,0
CUST-10322,44,Month-to-month,95.29,4263.76,DSL,No,No,Mailed check,Yes,0,Yes,Yes,1,0
CUST-10323,66,Month-to-month,21.46,1327.47,DSL,No,No,Bank transfer,No,0,Yes,No,2,0
CUST-10324,71,Month-to-month,71.88,5012.21,Fiber optic,Yes,Yes,Mailed check,No,0,No,No,1,0
CUST-10325,16,Two year,66.98,1029.12,DSL,No,No,Mailed check,No,1,No,No,4,0
CUST-10326,17,Month-to-month,116.43,2021.09,DSL,No,Yes,Credit card,No,0,No,Yes,1,1
CUST-10327,2,Month-to-month,58.1,173.21,Fiber optic,No,No,Electronic check,Yes,0,No,No,1,0
CUST-10328,10,One year,59.85,611.1,DSL,No,Yes,Electronic check,No,0,Yes,No,0,0
CUST-10329,40,Month-to-month,90.65,3648.35,Fiber optic,Yes,No,Electronic check,Yes,0,No,Yes,5,1
CUST-10330,39,One year,25.21,915.87,Fiber optic,No,Yes,Electronic check,No,0,No,No,0,0
CUST-10331,27,Month-to-month,58.37,1529.47,DSL,Yes,No,Bank transfer,Yes,0,No,Yes,2,1
CUST-10332,22,Two year,51.33,1063.32,Fiber optic,Yes,No,Credit card,Yes,1,No,No,1,1
CUST-10333,60,Month-to-month,60.83,3471.33,Fiber optic,Yes,No,Credit card,No,0,No,No,0,0
CUST-10334,33,Month-to-month,90.45,2863.06,Fiber optic,No,No,Credit card,No,0,Yes,Yes,2,1
CUST-10335,59,One year,81.62,4746.74,DSL,Yes,No,Credit card,Yes,0,No,No,0,0
CUST-10336,70,Two year,42.54,2807.26,Fiber optic,No,No,Mailed check,Yes,0,No,No,2,0
CUST-10337,23,Month-to-month,69.1,1629.06,DSL,No,No,Credit card,Yes,0,No,No,2,0
CUST-10338,14,One year,109.71,1529.05,Fiber optic,No,No,Mailed check,Yes,1,Yes,No,1,0
CUST-10339,69,Month-to-month,40.06,2586.4,DSL,Yes,No,Bank transfer,Yes,0,Yes,No,1,0
CUST-10340,46,Month-to-month,69.36,3095.14,No,No,No,Electronic check,No,0,Yes,No,1,0
CUST-10341,21,Month-to-month,59.21,1257.87,DSL,Yes,Yes,Credit card,Yes,1,Yes,Yes,1,0
CUST-10342,45,One year,63.11,2870.76,No,No,No,Credit card,Yes,0,Yes,No,3,0
CUST-10343,37,Month-to-month,18.0,671.24,No,Yes,Yes,Bank transfer,No,1,No,No,2,0
CUST-10344,66,One year,107.32,6848.54,Fiber optic,No,Yes,Electronic check,Yes,0,No,Yes,0,0
CUST-10345,18,Month-to-month,41.77,791.91,DSL,Yes,No,Mailed check,Yes,0,Yes,No,2,0
CUST-10346,72,Two year,95.78,6500.07,Fiber optic,No,Yes,Bank transfer,Yes,0,Yes,No,2,0
CUST-10347,68,Two year,46.36,3198.67,No,Yes,Yes,Mailed check,Yes,1,Yes,Yes,2,0
CUST-10348,13,Month-to-month,46.23,607.43,Fiber optic,Yes,No,Bank transfer,Yes,1,Yes,No,3,1
CUST-10349,12,Month-to-month,101.39,1220.85,Fiber optic,No,No,Mailed check,No,0,Yes,No,3,1
CUST-10350,38,Month-to-month,94.82,3469.74,DSL,Yes,Yes,Credit card,Yes,0,No,No,0,0
CUST-10351,3,Two year,71.26,273.23,No,No,No,Electronic check,No,0,No,No,2,1
CUST-10352,21,Month-to-month,87.83,1830.61,DSL,No,Yes,Mailed check,No,0,No,No,2,1
CUST-10353,31,Month-to-month,56.34,1631.64,DSL,No,No,Electronic check,No,0,No,No,3,0
CUST-10354,70,Month-to-month,64.75,4301.19,DSL,No,Yes,Bank transfer,No,0,Yes,Yes,0,0
CUST-10355,72,One year,45.15,3128.46,Fiber optic,No,Yes,Mailed check,No,0,No,Yes,1,0
CUST-10356,11,Month-to-month,92.12,1068.22,No,No,No,Mailed check,No,0,No,No,2,0
CUST-10357,65,Month-to-month,44.2,2903.5,Fiber optic,Yes,No,Electronic check,Yes,0,No,Yes,3,0
CUST-10358,6,Two year,109.55,763.47,DSL,No,No,Credit card,Yes,0,Yes,Yes,0,1
CUST-10359,54,Month-to-month,55.52,2905.21,Fiber optic,No,No,Electronic check,No,0,No,Yes,2,1
CUST-10360,61,Two year,65.62,3893.13,Fiber optic,Yes,No,Credit card,No,0,Yes,Yes,1,0
CUST-10361,65,Month-to-month,87.76,5617.26,Fiber optic,Yes,No,Credit card,No,0,No,No,0,0
CUST-10362,16,Month-to-month,65.72,1098.84,DSL,Yes,Yes,Credit card,No,0,Yes,Yes,1,0
CUST-10363,65,Two year,56.06,3605.7,Fiber optic,No,No,Mailed check,No,1,Yes,Yes,1,0
CUST-10364,8,One year,64.1,560.78,Fiber optic,Yes,No,Bank transfer,No,0,Yes,No,2,1
CUST-10365,37,One year,91.81,3295.95,No,No,Yes,Credit card,No,0,No,No,0,0
CUST-10366,34,Month-to-month,45.11,1558.16,Fiber optic,No,Yes,Electronic check,Yes,0,No,No,0,1
CUST-10367,23,Month-to-month,61.21,1419.47,DSL,No,Yes,Electronic check,Yes,0,No,No,0,1
CUST-10368,1,Month-to-month,65.31,119.64,Fiber optic,Yes,No,Electronic check,Yes,0,Yes,No,1,1
CUST-10369,56,Month-to-month,90.94,4975.4,DSL,No,No,Credit card,Yes,0,No,No,3,0
CUST-10370,24,Month-to-month,62.0,1443.14,No,No,No,Electronic check,Yes,0,No,Yes,4,1
CUST-10371,48,Month-to-month,119.25,5377.58,Fiber optic,Yes,Yes,Credit card,Yes,0,Yes,Yes,0,0
CUST-10372,29,Month-to-month,60.3,1745.48,DSL,Yes,Yes,Credit card,No,0,No,No,3,0
CUST-10373,27,Month-to-month,57.87,1562.39,Fiber optic,Yes,No,Credit card,Yes,0,No,No,0,1
CUST-10374,64,Month-to-month,59.87,3873.93,DSL,No,No,Bank transfer,No,0,Yes,No,2,1
CUST-10375,6,Month-to-month,25.5,178.08,DSL,Yes,No,Bank transfer,Yes,0,Yes,No,2,1
CUST-10376,53,Two year,33.9,1722.37,Fiber optic,Yes,No,Bank transfer,No,0,Yes,Yes,2,0
CUST-10377,54,One year,49.08,2477.65,Fiber optic,Yes,No,Bank transfer,Yes,1,Yes,Yes,1,0
CUST-10378,27,Month-to-month,99.07,2535.53,No,Yes,No,Credit card,Yes,0,Yes,No,1,0
CUST-10379,19,One year,64.01,1276.9,Fiber optic,No,No,Mailed check,No,0,Yes,Yes,5,1
CUST-10380,0,Two year,50.46,47.41,DSL,No,Yes,Credit card,Yes,0,Yes,No,3,0
CUST-10381,68,Month-to-month,101.8,6562.56,Fiber optic,No,No,Mailed check,Yes,1,Yes,No,0,1
CUST-10382,69,Month-to-month,111.54,7512.0,Fiber optic,No,No,Electronic check,No,0,Yes,No,0,0
CUST-10383,17,Month-to-month,102.66,1673.68,DSL,Yes,No,Credit card,No,0,Yes,No,0,1
CUST-10384,2,Month-to-month,39.41,114.05,No,No,Yes,Bank transfer,Yes,0,Yes,Yes,0,1
CUST-10385,8,One year,50.14,445.65,No,No,No,Electronic check,No,0,No,No,2,1
CUST-10386,4,Two year,119.41,580.59,DSL,No,Yes,Electronic check,Yes,0,No,No,0,0
CUST-10387,60,Month-to-month,72.23,4149.36,Fiber optic,No,No,Electronic check,Yes,0,Yes,No,1,1
CUST-10388,65,One year,56.97,3427.69,Fiber optic,Yes,No,Bank transfer,Yes,0,No,No,0,0
CUST-10389,11,Month-to-month,86.55,959.8,DSL,No,No,Credit card,Yes,0,No,Yes,2,1
CUST-10390,54,One year,95.22,4852.4,Fiber optic,No,Yes,Mailed check,Yes,0,No,Yes,0,1
CUST-10391,13,One year,47.86,628.83,DSL,Yes,No,Electronic check,No,0,Yes,No,2,0
CUST-10392,26,Month-to-month,71.58,1765.17,DSL,No,Yes,Credit card,Yes,0,No,No,1,0
CUST-10393,43,Month-to-month,92.8,3909.93,No,Yes,No,Bank transfer,No,0,Yes,No,3,0
CUST-10394,52,One year,30.19,1498.68,Fiber optic,Yes,Yes,Bank transfer,Yes,0,No,No,0,0
CUST-10395,63,Two year,65.37,3972.98,DSL,No,Yes,Electronic check,No,0,Yes,Yes,0,0
CUST-10396,3,Month-to-month,31.57,117.25,Fiber optic,No,No,Bank transfer,Yes,0,No,No,0,1
CUST-10397,14,Month-to-month,35.49,503.28,No,No,Yes,Mailed check,Yes,0,Yes,No,1,0
CUST-10398,20,Month-to-month,48.11,981.28,Fiber optic,No,No,Electronic check,Yes,0,No,Yes,3,0
CUST-10399,22,One year,79.31,1657.81,No,Yes,Yes,Mailed check,No,0,Yes,No,3,0
CUST-10400,72,One year,55.34,3841.91,No,No,No,Electronic check,No,0,No,No,2,0
CUST-10401,56,One year,45.55,2497.25,DSL,No,Yes,Mailed check,Yes,0,Yes,Yes,1,0
CUST-10402,23,One year,66.55,1544.12,Fiber optic,Yes,No,Credit card,Yes,0,Yes,Yes,7,1
CUST-10403,70,Two year,30.59,2155.12,Fiber optic,No,No,Credit card,Yes,0,No,Yes,1,1
CUST-10404,36,Two year,77.86,2817.77,Fiber optic,No,No,Bank transfer,Yes,0,No,Yes,2,0
CUST-10405,36,Month-to-month,98.94,3565.23,Fiber optic,Yes,Yes,Credit card,No,0,Yes,No,2,0
CUST-10406,31,One year,62.62,1977.39,DSL,No,No,Credit card,Yes,0,Yes,No,2,0
CUST-10407,10,Month-to-month,58.92,642.57,DSL,No,No,Electronic check,No,0,No,Yes,2,1
CUST-10408,68,Month-to-month,76.2,5173.33,Fiber optic,No,Yes,Mailed check,No,0,Yes,Yes,0,0
CUST-10409,1,Two year,18.0,34.61,Fiber optic,No,No,Mailed check,Yes,0,Yes,No,1,1
CUST-10410,12,One year,81.1,1037.76,Fiber optic,No,No,Bank transfer,No,0,Yes,No,1,0
CUST-10411,16,Two year,120.0,1902.59,Fiber optic,No,No,Credit card,No,0,Yes,No,2,0
CUST-10412,20,Month-to-month,61.32,1281.54,DSL,Yes,Yes,Credit card,Yes,0,Yes,No,0,0
CUST-10413,9,Month-to-month,61.43,563.53,DSL,No,No,Electronic check,No,1,Yes,Yes,0,1
CUST-10414,1,Month-to-month,87.31,161.16,Fiber optic,No,No,Bank transfer,Yes,0,No,Yes,1,1
CUST-10415,49,Month-to-month,114.36,5236.84,Fiber optic,No,No,Electronic check,No,0,Yes,No,0,1
CUST-10416,70,Month-to-month,94.25,6542.53,Fiber optic,No,No,Mailed check,No,0,Yes,No,3,0
CUST-10417,8,Month-to-month,18.0,152.84,DSL,No,No,Mailed check,No,0,No,Yes,2,0
CUST-10418,21,Month-to-month,81.9,1754.6,Fiber optic,No,Yes,Bank transfer,No,0,Yes,No,4,1
CUST-10419,36,Two year,120.0,4222.47,No,No,Yes,Credit card,No,0,Yes,No,1,0
CUST-10420,67,Month-to-month,83.67,5350.05,DSL,No,No,Credit card,Yes,0,No,Yes,1,0
CUST-10421,50,Month-to-month,30.36,1532.32,DSL,No,No,Mailed check,No,1,No,No,1,1
CUST-10422,55,One year,73.45,3879.63,Fiber optic,Yes,No,Bank transfer,No,0,Yes,No,3,0
CUST-10423,42,Month-to-month,26.58,1099.33,Fiber optic,Yes,No,Electronic check,No,1,No,No,2,0
CUST-10424,30,Two year,101.98,3116.68,No,No,Yes,Electronic check,No,0,Yes,Yes,6,1
CUST-10425,14,One year,36.32,501.9,No,Yes,Yes,Credit card,Yes,1,Yes,Yes,2,0
CUST-10426,63,Month-to-month,67.23,4045.73,Fiber optic,Yes,Yes,Credit card,Yes,0,No,No,0,0
CUST-10427,58,One year,39.27,2118.81,DSL,Yes,No,Credit card,No,0,No,Yes,3,0
CUST-10428,1,One year,48.61,92.77,Fiber optic,No,Yes,Mailed check,No,0,No,No,1,0
CUST-10429,52,One year,109.58,5685.53,No,No,No,Bank transfer,No,0,No,No,1,0
CUST-10430,6,Two year,68.1,431.65,Fiber optic,No,No,Electronic check,Yes,0,Yes,No,3,0
CUST-10431,53,One year,48.22,2359.2,No,No,Yes,Bank transfer,Yes,0,No,No,3,0
CUST-10432,60,One year,30.64,1820.67,Fiber optic,No,Yes,Mailed check,Yes,0,Yes,No,2,0
CUST-10433,9,Month-to-month,18.0,174.77,DSL,Yes,No,Credit card,Yes,0,No,No,1,1
CUST-10434,31,One year,27.46,826.19,Fiber optic,Yes,Yes,Mailed check,No,0,Yes,No,3,0
CUST-10435,9,Two year,68.36,639.9,Fiber optic,Yes,No,Bank transfer,Yes,1,Yes,No,1,1
CUST-10436,41,One year,94.41,3680.53,DSL,Yes,No,Bank transfer,Yes,0,No,No,3,0
CUST-10437,67,One year,48.19,2969.47,DSL,No,Yes,Credit card,Yes,0,No,Yes,0,0
CUST-10438,5,Month-to-month,112.12,640.0,Fiber optic,Yes,No,Electronic check,No,0,Yes,No,1,1
CUST-10439,29,One year,43.47,1254.03,DSL,No,Yes,Mailed check,No,1,Yes,No,0,0
CUST-10440,71,Two year,57.86,4109.83,DSL,No,Yes,Mailed check,Yes,0,No,Yes,1,0
CUST-10441,21,Month-to-month,32.61,684.55,Fiber optic,Yes,Yes,Electronic check,Yes,0,No,No,0,1
CUST-10442,9,Month-to-month,94.72,866.87,Fiber optic,No,No,Credit card,Yes,1,No,No,3,0
CUST-10443,35,Month-to-month,120.0,4021.13,Fiber optic,No,No,Credit card,Yes,0,Yes,No,4,1
CUST-10444,37,Month-to-month,18.0,669.3,No,No,Yes,Electronic check,No,0,No,Yes,2,0
CUST-10445,48,One year,54.62,2574.19,No,No,No,Bank transfer,Yes,0,Yes,Yes,0,0
CUST-10446,22,Month-to-month,102.94,2313.43,Fiber optic,No,No,Credit card,Yes,0,Yes,No,4,1
CUST-10447,69,Month-to-month,21.59,1422.66,DSL,No,No,Mailed check,Yes,1,No,No,2,0
CUST-10448,38,One year,82.0,2899.79,Fiber optic,No,No,Bank transfer,Yes,1,Yes,Yes,1,0
CUST-10449,20,One year,101.64,2111.42,DSL,Yes,No,Bank transfer,Yes,0,Yes,No,2,0
CUST-10450,70,One year,67.35,4470.66,No,No,No,Electronic check,No,0,Yes,No,1,0
CUST-10451,67,One year,81.51,5034.63,Fiber optic,No,Yes,Credit card,Yes,0,Yes,No,0,0
CUST-10452,36,One year,117.83,4179.61,Fiber optic,Yes,No,Credit card,Yes,0,Yes,No,2,1
CUST-10453,1,One year,120.0,233.86,Fiber optic,Yes,Yes,Mailed check,No,0,Yes,No,2,0
CUST-10454,43,One year,63.14,2633.14,Fiber optic,Yes,No,Mailed check,No,1,No,No,2,0
CUST-10455,40,Month-to-month,49.03,1932.61,No,Yes,No,Credit card,Yes,0,No,No,1,0
CUST-10456,10,One year,37.4,387.43,DSL,Yes,Yes,Credit card,Yes,0,No,No,3,0
CUST-10457,46,Month-to-month,94.31,4349.98,No,No,Yes,Electronic check,No,0,Yes,No,3,0
CUST-10458,61,Month-to-month,23.85,1446.72,DSL,No,No,Mailed check,Yes,0,No,Yes,0,0
CUST-10459,7,Month-to-month,57.42,446.5,Fiber optic,No,No,Bank transfer,No,0,Yes,No,5,1
CUST-10460,52,Two year,68.08,3254.59,No,No,No,Electronic check,No,0,Yes,Yes,4,0
CUST-10461,10,One year,49.91,522.46,Fiber optic,Yes,No,Credit card,Yes,0,No,No,2,0
CUST-10462,54,Month-to-month,73.39,3949.81,DSL,No,Yes,Electronic check,Yes,0,Yes,Yes,1,1
CUST-10463,30,One year,120.0,3439.09,No,Yes,Yes,Credit card,No,1,Yes,No,0,0
CUST-10464,0,Month-to-month,61.35,56.81,No,Yes,No,Electronic check,Yes,0,No,No,0,1
CUST-10465,70,One year,51.94,3652.43,DSL,No,No,Credit card,Yes,0,Yes,No,2,0
CUST-10466,12,Two year,95.46,1221.34,Fiber optic,No,No,Electronic check,Yes,0,Yes,No,1,0
CUST-10467,43,One year,72.19,3172.59,No,No,Yes,Bank transfer,No,0,No,No,3,0
CUST-10468,13,One year,108.18,1438.4,DSL,No,Yes,Mailed check,No,0,No,Yes,3,0
CUST-10469,68,Month-to-month,69.94,4403.23,Fiber optic,No,No,Mailed check,No,0,Yes,Yes,4,1
CUST-10470,53,Month-to-month,57.55,2799.49,Fiber optic,No,No,Electronic check,Yes,0,No,No,1,0
CUST-10471,58,Two year,18.0,1030.79,DSL,No,No,Bank transfer,Yes,1,Yes,No,5,0
CUST-10472,31,One year,18.0,565.44,No,Yes,Yes,Bank transfer,No,1,No,No,3,0
CUST-10473,34,Month-to-month,18.0,593.98,DSL,Yes,No,Mailed check,Yes,0,No,Yes,0,1
CUST-10474,46,Month-to-month,76.38,3383.73,No,No,No,Mailed check,No,1,Yes,Yes,1,0
CUST-10475,57,Month-to-month,24.13,1377.19,Fiber optic,No,No,Bank transfer,No,0,No,No,1,1
CUST-10476,61,Month-to-month,102.67,5847.42,Fiber optic,Yes,No,Bank transfer,Yes,0,No,Yes,2,0
CUST-10477,1,Month-to-month,65.91,119.47,Fiber optic,Yes,No,Bank transfer,No,0,Yes,Yes,1,1
CUST-10478,48,Month-to-month,57.67,2816.14,Fiber optic,Yes,No,Electronic check,Yes,1,No,No,1,0
CUST-10479,7,Two year,39.68,302.91,No,No,No,Bank transfer,Yes,0,No,No,1,0
CUST-10480,21,Month-to-month,83.67,1798.84,Fiber optic,Yes,No,Mailed check,Yes,0,Yes,No,2,0
CUST-10481,60,Month-to-month,40.87,2481.79,Fiber optic,No,No,Mailed check,Yes,0,No,No,1,1
CUST-10482,18,Month-to-month,35.44,660.59,Fiber optic,Yes,Yes,Mailed check,Yes,0,Yes,No,2,0
CUST-10483,58,Month-to-month,100.65,5622.2,DSL,Yes,No,Mailed check,Yes,0,No,Yes,4,1
CUST-10484,33,Two year,75.64,2481.26,DSL,Yes,Yes,Electronic check,No,0,Yes,No,0,1
CUST-10485,16,Month-to-month,57.95,948.92,Fiber optic,No,Yes,Mailed check,No,1,No,Yes,2,1
CUST-10486,24,One year,84.24,2090.32,Fiber optic,Yes,No,Bank transfer,Yes,0,No,No,0,0
CUST-10487,38,Two year,65.27,2326.89,Fiber optic,No,Yes,Electronic check,No,0,No,Yes,2,0
CUST-10488,55,Month-to-month,76.49,4153.1,Fiber optic,No,No,Credit card,No,0,No,No,1,0
CUST-10489,44,One year,40.49,1797.06,Fiber optic,No,No,Mailed check,Yes,0,Yes,No,2,0
CUST-10490,68,Two year,120.0,7749.32,Fiber optic,Yes,Yes,Bank transfer,No,0,No,No,1,1
CUST-10491,63,Month-to-month,47.61,2958.16,Fiber optic,No,Yes,Electronic check,Yes,0,No,No,3,0
CUST-10492,54,Month-to-month,111.68,5681.63,No,Yes,Yes,Electronic check,Yes,0,Yes,Yes,1,1
CUST-10493,44,Two year,59.33,2426.37,DSL,No,Yes,Credit card,Yes,0,Yes,No,0,0
CUST-10494,21,Two year,89.21,1771.34,Fiber optic,No,Yes,Credit card,Yes,1,Yes,Yes,3,0
CUST-10495,30,Month-to-month,87.03,2571.11,DSL,No,Yes,Electronic check,Yes,0,Yes,No,1,1
CUST-10496,8,One year,99.41,809.84,No,No,Yes,Credit card,Yes,0,Yes,No,2,1
CUST-10497,27,Month-to-month,39.78,1068.44,Fiber optic,No,No,Credit card,Yes,0,No,No,4,1
CUST-10498,67,Two year,97.27,6201.31,Fiber optic,No,Yes,Electronic check,No,0,No,No,0,0
CUST-10499,31,Month-to-month,120.0,3458.64,No,Yes,Yes,Electronic check,No,0,Yes,Yes,2,1
CUST-10500,8,Month-to-month,57.24,475.31,Fiber optic,No,Yes,Electronic check,No,0,Yes,No,0,1
CUST-10501,47,One year,66.04,3087.0,DSL,Yes,Yes,Credit card,No,0,Yes,No,0,0
CUST-10502,70,Two year,49.3,3282.86,Fiber optic,Yes,Yes,Credit card,No,0,Yes,Yes,1,0
CUST-10503,63,Two year,54.61,3399.12,DSL,No,Yes,Bank transfer,Yes,0,Yes,Yes,1,0
CUST-10504,20,Month-to-month,116.34,2397.94,No,No,Yes,Mailed check,Yes,0,Yes,Yes,2,0
CUST-10505,33,Month-to-month,34.87,1161.51,Fiber optic,No,No,Credit card,Yes,0,No,Yes,2,0
CUST-10506,38,Two year,36.74,1385.66,Fiber optic,No,Yes,Credit card,Yes,0,No,No,1,0
CUST-10507,18,Two year,113.33,2098.7,No,No,Yes,Credit card,Yes,0,No,Yes,1,0
CUST-10508,19,Month-to-month,83.74,1602.75,Fiber optic,No,No,Mailed check,Yes,0,No,Yes,1,1
CUST-10509,17,One year,120.0,2044.39,Fiber optic,No,No,Bank transfer,Yes,0,Yes,Yes,2,0
CUST-10510,72,Month-to-month,51.49,3406.09,DSL,No,Yes,Bank transfer,Yes,0,No,Yes,0,0
CUST-10511,54,Month-to-month,68.79,3774.03,Fiber optic,Yes,No,Electronic check,No,0,No,No,1,0
CUST-10512,61,Month-to-month,45.18,2756.41,No,No,No,Bank transfer,Yes,0,Yes,Yes,4,1
CUST-10513,59,Month-to-month,69.3,4021.59,No,No,No,Bank transfer,Yes,0,Yes,Yes,4,0
CUST-10514,70,Month-to-month,18.0,1232.52,Fiber optic,No,No,Bank transfer,Yes,1,No,Yes,0,0
CUST-10515,7,Two year,85.55,655.44,DSL,Yes,No,Mailed check,Yes,0,No,No,1,0
CUST-10516,64,Month-to-month,74.7,4415.8,DSL,Yes,No,Bank transfer,No,0,No,No,2,0
CUST-10517,4,Month-to-month,63.27,294.82,No,Yes,No,Credit card,Yes,0,No,No,1,1
CUST-10518,34,Month-to-month,53.29,1741.98,DSL,Yes,No,Bank transfer,Yes,0,No,Yes,2,0
CUST-10519,43,Month-to-month,38.16,1644.4,Fiber optic,No,No,Credit card,No,1,Yes,No,4,1
CUST-10520,26,Month-to-month,86.83,2251.8,Fiber optic,Yes,Yes,Credit card,Yes,1,Yes,No,1,1
CUST-10521,10,One year,29.87,308.79,DSL,Yes,Yes,Mailed check,No,0,No,Yes,2,0
CUST-10522,14,Month-to-month,80.36,1124.41,Fiber optic,No,No,Bank transfer,No,0,Yes,No,2,1
CUST-10523,60,One year,120.0,7213.04,No,No,No,Bank transfer,Yes,1,Yes,Yes,0,0
CUST-10524,23,Two year,109.57,2573.31,Fiber optic,Yes,No,Credit card,Yes,0,Yes,Yes,1,0
CUST-10525,22,Month-to-month,19.85,448.02,Fiber optic,No,Yes,Mailed check,Yes,1,Yes,No,0,1
CUST-10526,67,Two year,48.9,3124.16,Fiber optic,No,No,Electronic check,Yes,0,No,No,1,0
CUST-10527,10,Two year,77.64,809.57,No,No,Yes,Bank transfer,Yes,0,Yes,No,1,0
CUST-10528,66,Two year,62.89,4033.82,Fiber optic,No,No,Bank transfer,No,0,Yes,No,1,0
CUST-10529,67,One year,23.02,1438.85,Fiber optic,No,Yes,Bank transfer,Yes,0,Yes,No,0,0
CUST-10530,43,One year,76.56,3153.82,Fiber optic,Yes,Yes,Bank transfer,Yes,0,Yes,No,3,0
CUST-10531,12,One year,64.7,798.3,DSL,No,No,Bank transfer,Yes,0,No,No,1,1
CUST-10532,11,One year,120.0,1392.53,DSL,No,Yes,Electronic check,Yes,1,Yes,No,2,0
CUST-10533,20,Month-to-month,57.4,1139.04,No,No,Yes,Credit card,No,0,No,Yes,2,0
CUST-10534,42,Two year,100.04,3938.05,Fiber optic,No,No,Mailed check,Yes,0,Yes,Yes,3,0
CUST-10535,11,One year,26.99,305.26,DSL,Yes,Yes,Electronic check,No,0,No,No,1,0
CUST-10536,33,One year,34.16,1107.01,DSL,Yes,No,Credit card,No,0,Yes,Yes,0,0
CUST-10537,8,Month-to-month,86.65,752.62,No,No,No,Credit card,Yes,0,No,No,1,0
CUST-10538,39,Month-to-month,97.51,3843.38,Fiber optic,No,Yes,Bank transfer,No,0,No,No,0,0
CUST-10539,1,Month-to-month,36.28,66.99,Fiber optic,Yes,No,Bank transfer,Yes,0,Yes,Yes,0,0
CUST-10540,51,Month-to-month,65.72,3266.98,DSL,No,No,Electronic check,Yes,1,Yes,No,1,1
CUST-10541,4,Month-to-month,23.55,110.89,No,No,No,Mailed check,Yes,1,Yes,Yes,2,0
CUST-10542,14,Month-to-month,59.56,865.43,No,No,No,Electronic check,Yes,0,No,Yes,0,1
CUST-10543,12,Month-to-month,90.11,1156.7,Fiber optic,Yes,No,Mailed check,No,0,No,No,0,0
CUST-10544,60,Month-to-month,51.95,3003.24,DSL,No,No,Mailed check,Yes,0,Yes,No,1,1
CUST-10545,3,Month-to-month,57.53,226.53,Fiber optic,No,Yes,Electronic check,Yes,0,Yes,No,2,1
CUST-10546,31,Two year,31.11,896.17,No,No,Yes,Bank transfer,No,0,Yes,No,3,0
CUST-10547,43,Month-to-month,45.55,1986.61,Fiber optic,No,No,Bank transfer,Yes,0,No,Yes,4,1
CUST-10548,37,Month-to-month,117.74,4379.49,No,No,Yes,Mailed check,No,1,No,No,1,0
CUST-10549,49,Month-to-month,67.19,3068.51,Fiber optic,Yes,No,Credit card,Yes,0,Yes,No,1,0
CUST-10550,58,Month-to-month,34.93,1993.95,DSL,No,Yes,Mailed check,No,0,No,No,2,0
CUST-10551,28,Month-to-month,55.56,1532.97,Fiber optic,Yes,Yes,Electronic check,Yes,0,Yes,No,1,0
CUST-10552,60,One year,18.0,1094.78,No,No,No,Credit card,No,0,Yes,No,2,0
CUST-10553,23,Two year,34.58,772.19,DSL,No,Yes,Electronic check,Yes,0,Yes,No,1,0
CUST-10554,71,Month-to-month,105.81,7320.45,DSL,No,Yes,Electronic check,No,0,No,Yes,0,0
CUST-10555,36,One year,60.73,2139.8,Fiber optic,No,No,Mailed check,No,1,Yes,No,2,0
CUST-10556,53,Month-to-month,120.0,5975.29,Fiber optic,Yes,No,Bank transfer,No,0,No,No,1,0
CUST-10557,63,Month-to-month,62.14,3902.86,No,No,No,Mailed check,Yes,0,Yes,Yes,2,0
CUST-10558,57,Month-to-month,63.92,3612.09,DSL,No,Yes,Credit card,Yes,0,Yes,Yes,0,0
CUST-10559,62,Month-to-month,84.23,5064.59,DSL,Yes,No,Mailed check,No,0,Yes,No,3,0
CUST-10560,39,One year,18.0,715.97,DSL,Yes,No,Credit card,No,0,Yes,Yes,2,0
CUST-10561,3,One year,71.15,282.51,Fiber optic,No,No,Bank transfer,No,1,Yes,No,1,0
CUST-10562,35,One year,63.53,2245.45,Fiber optic,Yes,Yes,Electronic check,No,0,No,No,2,0
CUST-10563,13,Month-to-month,109.58,1404.09,Fiber optic,Yes,Yes,Mailed check,Yes,1,No,Yes,2,1
CUST-10564,64,One year,93.94,6041.47,Fiber optic,Yes,No,Electronic check,Yes,0,No,No,3,0
CUST-10565,17,Month-to-month,30.99,519.1,DSL,No,No,Credit card,Yes,1,Yes,No,2,0
CUST-10566,16,Month-to-month,102.26,1663.68,Fiber optic,No,Yes,Bank transfer,No,0,Yes,No,5,1
CUST-10567,18,Month-to-month,57.13,1082.73,No,No,No,Mailed check,Yes,0,Yes,No,2,1
CUST-10568,46,One year,37.87,1643.01,Fiber optic,No,No,Bank transfer,Yes,0,Yes,No,2,0
CUST-10569,41,Two year,70.91,2739.89,DSL,Yes,Yes,Bank transfer,No,0,Yes,No,3,0
CUST-10570,69,Month-to-month,58.92,4063.33,Fiber optic,No,No,Bank transfer,Yes,0,No,No,1,0
CUST-10571,30,One year,111.15,3105.58,DSL,Yes,Yes,Mailed check,Yes,0,Yes,Yes,1,0
CUST-10572,20,One year,75.22,1449.18,DSL,No,No,Mailed check,Yes,0,No,No,5,0
CUST-10573,3,Two year,71.17,265.53,DSL,Yes,No,Mailed check,Yes,0,Yes,Yes,0,0
CUST-10574,0,Month-to-month,92.02,89.61,DSL,Yes,No,Credit card,Yes,0,Yes,No,1,1
CUST-10575,27,One year,97.79,2595.87,DSL,No,No,Mailed check,No,0,Yes,No,0,0
CUST-10576,67,One year,88.51,5653.54,Fiber optic,Yes,No,Mailed check,No,0,Yes,No,1,0
CUST-10577,38,Two year,107.58,4161.53,DSL,No,Yes,Bank transfer,No,0,Yes,No,0,0
CUST-10578,65,Month-to-month,83.26,5361.03,Fiber optic,No,No,Bank transfer,No,1,Yes,No,1,1
CUST-10579,7,Two year,70.03,539.67,No,No,No,Credit card,Yes,0,No,Yes,0,1
CUST-10580,6,Month-to-month,102.18,668.06,Fiber optic,Yes,Yes,Electronic check,Yes,1,Yes,No,3,1
CUST-10581,60,Two year,62.27,3744.87,Fiber optic,No,No,Electronic check,Yes,1,Yes,No,2,0
CUST-10582,7,Month-to-month,66.0,488.56,Fiber optic,No,Yes,Mailed check,No,0,Yes,No,0,0
CUST-10583,3,Month-to-month,116.65,464.08,DSL,Yes,No,Bank transfer,Yes,0,Yes,Yes,1,1
CUST-10584,29,Month-to-month,113.66,3157.63,Fiber optic,No,No,Credit card,No,0,No,No,0,0
CUST-10585,67,Month-to-month,64.75,4323.78,Fiber optic,No,No,Bank transfer,Yes,1,No,Yes,0,0
CUST-10586,50,Month-to-month,51.39,2598.41,No,No,No,Credit card,No,0,No,No,2,0
CUST-10587,7,Month-to-month,108.9,803.81,No,No,Yes,Electronic check,Yes,0,Yes,Yes,1,1
CUST-10588,61,Month-to-month,89.01,5093.37,No,No,No,Bank transfer,No,0,No,No,2,1
CUST-10589,61,Month-to-month,74.47,4191.72,Fiber optic,Yes,No,Credit card,Yes,0,Yes,No,3,0
CUST-10590,58,One year,55.34,3050.0,Fiber optic,No,Yes,Bank transfer,Yes,0,Yes,Yes,1,1
CUST-10591,65,Two year,74.95,4699.49,No,Yes,Yes,Mailed check,No,0,Yes,No,2,0
CUST-10592,17,One year,64.35,1052.43,No,No,No,Credit card,Yes,1,Yes,Yes,0,0
CUST-10593,71,Month-to-month,45.07,2968.02,Fiber optic,No,No,Credit card,No,0,No,Yes,4,0
CUST-10594,23,Month-to-month,68.87,1557.37,No,No,Yes,Mailed check,No,0,Yes,No,2,0
CUST-10595,58,Two year,72.96,3951.72,No,No,Yes,Bank transfer,No,0,No,No,2,0
CUST-10596,42,Month-to-month,53.74,2258.48,Fiber optic,Yes,Yes,Credit card,Yes,0,Yes,No,2,0
CUST-10597,56,Month-to-month,92.11,4894.54,DSL,No,No,Electronic check,Yes,0,Yes,Yes,2,0
CUST-10598,45,Two year,103.66,4313.62,DSL,Yes,No,Electronic check,Yes,0,No,Yes,0,1
CUST-10599,46,Two year,94.1,4048.77,Fiber optic,No,No,Bank transfer,No,1,No,No,1,0
CUST-10600,44,Month-to-month,56.71,2375.16,DSL,No,No,Credit card,Yes,0,No,No,2,0
CUST-10601,56,One year,87.67,4570.33,Fiber optic,Yes,Yes,Electronic check,No,0,No,No,3,0
CUST-10602,53,Month-to-month,67.34,3351.11,Fiber optic,No,No,Bank transfer,No,0,Yes,No,4,1
CUST-10603,9,One year,27.93,257.14,No,No,Yes,Bank transfer,Yes,0,No,No,2,0
CUST-10604,60,Month-to-month,85.18,4893.93,No,No,No,Credit card,No,0,No,Yes,2,0
CUST-10605,39,Month-to-month,69.38,2643.12,Fiber optic,No,No,Credit card,Yes,0,Yes,No,1,1
CUST-10606,23,One year,120.0,2771.3,Fiber optic,No,No,Electronic check,Yes,0,Yes,No,0,1
CUST-10607,37,Month-to-month,108.72,4093.92,DSL,No,No,Bank transfer,Yes,0,No,Yes,0,1
CUST-10608,70,One year,86.33,5938.23,Fiber optic,Yes,Yes,Bank transfer,No,0,No,No,2,0
CUST-10609,62,Month-to-month,72.48,4200.3,DSL,Yes,Yes,Mailed check,No,0,Yes,No,0,0
CUST-10610,60,Two year,69.91,4029.62,Fiber optic,Yes,No,Electronic check,Yes,0,No,No,2,0
CUST-10611,33,Two year,34.89,1154.17,No,Yes,No,Mailed check,Yes,0,Yes,Yes,6,0
CUST-10612,57,Month-to-month,18.0,997.56,Fiber optic,Yes,Yes,Bank transfer,Yes,0,No,No,1,0
CUST-10613,28,One year,38.82,1032.27,Fiber optic,No,No,Bank transfer,Yes,0,No,No,1,1
CUST-10614,50,Month-to-month,63.57,3173.18,Fiber optic,No,No,Bank transfer,Yes,0,Yes,No,3,0
CUST-10615,46,Month-to-month,18.0,778.04,No,Yes,No,Bank transfer,No,0,No,No,3,0
CUST-10616,18,Month-to-month,48.67,864.1,Fiber optic,No,No,Credit card,No,0,Yes,No,1,0
CUST-10617,19,Two year,57.57,1120.73,Fiber optic,No,Yes,Bank transfer,Yes,0,Yes,No,1,0
CUST-10618,4,Two year,58.54,291.8,DSL,Yes,No,Electronic check,No,0,No,No,2,0
CUST-10619,10,Two year,45.15,491.21,Fiber optic,No,No,Mailed check,No,0,Yes,Yes,1,1
CUST-10620,31,Two year,54.75,1746.71,DSL,Yes,No,Electronic check,Yes,0,Yes,No,2,0
CUST-10621,34,Two year,116.72,3838.76,Fiber optic,No,No,Credit card,No,0,No,No,2,0
CUST-10622,12,Month-to-month,84.86,1040.94,Fiber optic,No,Yes,Credit card,Yes,0,Yes,No,2,1
CUST-10623,30,Two year,48.19,1368.83,DSL,Yes,Yes,Credit card,Yes,0,No,No,5,0
CUST-10624,44,One year,62.95,2683.36,Fiber optic,Yes,Yes,Electronic check,Yes,0,Yes,Yes,3,0
CUST-10625,16,Month-to-month,64.15,1066.61,DSL,No,No,Bank transfer,No,0,No,Yes,0,0
CUST-10626,24,One year,41.96,951.33,DSL,Yes,No,Electronic check,Yes,0,Yes,No,2,0
CUST-10627,26,Month-to-month,41.93,1055.01,DSL,No,No,Mailed check,Yes,0,Yes,No,3,1
CUST-10628,36,Month-to-month,95.32,3500.59,DSL,No,No,Mailed check,Yes,1,Yes,No,2,1
CUST-10629,26,Month-to-month,52.41,1299.4,No,Yes,Yes,Mailed check,Yes,0,Yes,No,1,0
CUST-10630,53,Month-to-month,32.16,1614.58,No,No,No,Mailed check,Yes,0,Yes,Yes,1,0
CUST-10631,23,Month-to-month,63.71,1519.11,Fiber optic,No,No,Mailed check,Yes,0,No,No,0,1
CUST-10632,31,Two year,68.54,2049.58,Fiber optic,Yes,Yes,Electronic check,No,0,No,Yes,2,0
CUST-10633,27,One year,18.0,495.48,Fiber optic,No,No,Credit card,Yes,0,Yes,Yes,1,1
CUST-10634,13,Month-to-month,63.78,829.26,No,No,No,Mailed check,Yes,0,Yes,Yes,3,0
CUST-10635,50,Month-to-month,91.04,4298.07,Fiber optic,No,No,Credit card,No,0,No,Yes,1,1
CUST-10636,17,Month-to-month,78.54,1298.8,DSL,Yes,Yes,Electronic check,No,0,Yes,No,0,0
CUST-10637,21,Month-to-month,120.0,2392.54,Fiber optic,Yes,No,Credit card,Yes,0,No,No,2,1
CUST-10638,57,Two year,102.53,5599.07,No,No,No,Bank transfer,Yes,0,No,No,3,0
CUST-10639,69,Month-to-month,108.47,7375.3,DSL,No,No,Electronic check,Yes,0,No,No,4,1
CUST-10640,48,One year,120.0,5589.14,Fiber optic,Yes,Yes,Credit card,Yes,0,No,No,2,0
CUST-10641,66,One year,87.74,5530.18,Fiber optic,No,Yes,Bank transfer,No,0,No,No,2,0
CUST-10642,62,One year,69.89,4052.78,Fiber optic,No,No,Bank transfer,Yes,0,No,No,3,0
CUST-10643,35,Two year,94.21,3284.22,Fiber optic,Yes,Yes,Credit card,Yes,1,Yes,No,1,0
CUST-10644,56,Month-to-month,48.22,2543.18,Fiber optic,No,Yes,Credit card,Yes,0,No,No,0,0
CUST-10645,23,Two year,68.23,1479.02,No,No,No,Electronic check,Yes,0,No,No,0,0
CUST-10646,33,One year,45.57,1543.89,Fiber optic,No,Yes,Mailed check,Yes,0,Yes,No,5,0
CUST-10647,39,One year,76.94,3059.9,DSL,No,No,Electronic check,No,0,No,No,1,0
CUST-10648,70,One year,45.44,2972.81,No,No,No,Electronic check,Yes,0,Yes,No,2,0
CUST-10649,61,Two year,44.39,2542.63,Fiber optic,No,No,Electronic check,Yes,0,No,No,2,0
CUST-10650,35,Two year,77.4,2669.4,Fiber optic,No,No,Bank transfer,No,0,Yes,No,2,0
CUST-10651,47,Month-to-month,60.87,2754.46,Fiber optic,Yes,No,Bank transfer,Yes,1,Yes,No,2,0
CUST-10652,14,Two year,18.0,266.97,No,No,Yes,Electronic check,Yes,0,Yes,No,2,0
CUST-10653,58,One year,21.33,1186.35,Fiber optic,No,Yes,Mailed check,Yes,0,Yes,No,1,0
CUST-10654,40,Month-to-month,30.58,1145.43,DSL,No,Yes,Electronic check,Yes,0,Yes,No,0,1
CUST-10655,38,Two year,38.51,1433.8,DSL,Yes,Yes,Electronic check,Yes,0,No,No,3,0
CUST-10656,55,Month-to-month,77.43,3951.58,DSL,Yes,No,Electronic check,Yes,0,Yes,No,2,0
CUST-10657,46,One year,71.57,3177.84,Fiber optic,Yes,No,Bank transfer,No,0,No,Yes,4,0
CUST-10658,5,Month-to-month,96.96,557.17,DSL,No,Yes,Electronic check,No,0,Yes,No,2,0
CUST-10659,21,Month-to-month,87.58,1916.23,Fiber optic,No,Yes,Credit card,Yes,0,Yes,No,1,0
CUST-10660,12,Two year,97.16,1173.83,Fiber optic,No,No,Credit card,Yes,0,Yes,Yes,1,0
CUST-10661,53,Month-to-month,83.25,4337.9,No,Yes,No,Credit card,No,0,Yes,No,2,0
CUST-10662,2,Month-to-month,71.29,192.49,Fiber optic,No,Yes,Credit card,Yes,0,Yes,Yes,3,1
CUST-10663,14,Month-to-month,97.98,1450.81,No,Yes,Yes,Credit card,Yes,0,Yes,Yes,1,0
CUST-10664,43,Month-to-month,92.58,3795.34,No,No,Yes,Credit card,No,0,Yes,No,2,0
CUST-10665,50,Two year,76.28,3594.94,DSL,Yes,No,Credit card,Yes,0,Yes,No,0,0
CUST-10666,36,Two year,103.13,3473.34,Fiber optic,No,Yes,Electronic check,No,0,Yes,No,2,0
CUST-10667,62,Month-to-month,18.0,1109.65,DSL,No,No,Bank transfer,Yes,0,Yes,Yes,3,0
CUST-10668,67,One year,56.29,3466.6,No,Yes,Yes,Mailed check,No,1,Yes,No,2,1
CUST-10669,9,Month-to-month,55.83,536.97,Fiber optic,Yes,No,Credit card,Yes,0,No,No,1,0
CUST-10670,69,One year,99.58,6493.48,DSL,No,No,Electronic check,Yes,0,No,No,0,0
CUST-10671,44,Month-to-month,112.14,4900.53,DSL,Yes,Yes,Mailed check,Yes,0,No,No,0,0
CUST-10672,46,Month-to-month,21.49,1006.58,Fiber optic,No,No,Mailed check,No,0,No,No,2,0
CUST-10673,6,Month-to-month,107.34,696.89,No,Yes,No,Credit card,Yes,0,Yes,No,1,1
CUST-10674,45,One year,29.86,1321.33,Fiber optic,Yes,No,Mailed check,Yes,0,Yes,No,0,0
CUST-10675,52,Month-to-month,30.76,1527.66,DSL,Yes,No,Credit card,No,0,No,No,3,0
CUST-10676,42,Month-to-month,57.97,2370.43,DSL,No,No,Mailed check,Yes,1,No,No,0,1
CUST-10677,6,Two year,55.45,352.57,Fiber optic,No,Yes,Bank transfer,Yes,1,Yes,No,1,0
CUST-10678,38,One year,18.25,655.12,Fiber optic,Yes,No,Bank transfer,Yes,0,Yes,No,2,0
CUST-10679,68,Month-to-month,84.5,5710.53,DSL,No,No,Mailed check,No,0,No,No,2,0
CUST-10680,52,Two year,85.38,4228.71,DSL,Yes,No,Mailed check,Yes,0,Yes,No,1,0
CUST-10681,10,Two year,96.62,956.65,No,No,Yes,Mailed check,Yes,0,No,No,0,0
CUST-10682,70,Month-to-month,52.0,3441.26,Fiber optic,Yes,Yes,Bank transfer,No,0,Yes,No,1,0
CUST-10683,69,One year,63.81,4319.16,Fiber optic,No,Yes,Mailed check,No,0,Yes,No,2,0
CUST-10684,12,Month-to-month,64.09,830.8,Fiber optic,Yes,Yes,Credit card,Yes,0,Yes,Yes,0,1
CUST-10685,58,One year,115.64,6723.23,Fiber optic,No,No,Electronic check,Yes,0,No,No,1,1
CUST-10686,29,Month-to-month,18.0,526.87,Fiber optic,No,No,Electronic check,Yes,0,Yes,No,0,0
CUST-10687,43,One year,36.29,1585.47,DSL,No,Yes,Electronic check,Yes,0,Yes,No,1,0
CUST-10688,32,Month-to-month,65.17,2077.37,DSL,No,Yes,Credit card,Yes,0,Yes,No,0,0
CUST-10689,57,Month-to-month,32.43,1790.5,No,Yes,Yes,Mailed check,No,0,No,No,1,1
CUST-10690,72,Two year,57.25,3986.83,No,No,Yes,Electronic check,No,0,Yes,No,1,0
CUST-10691,58,Month-to-month,61.22,3591.84,Fiber optic,No,No,Electronic check,Yes,0,No,No,4,0
CUST-10692,67,Two year,45.27,2771.18,DSL,No,Yes,Credit card,Yes,0,No,No,0,0
CUST-10693,69,Two year,66.93,4458.18,DSL,No,No,Credit card,Yes,0,No,Yes,1,0
CUST-10694,6,Two year,83.84,573.33,DSL,No,No,Mailed check,No,0,No,No,3,0
CUST-10695,18,Month-to-month,57.91,994.45,No,No,No,Bank transfer,No,0,Yes,Yes,2,0
CUST-10696,52,Two year,51.4,2676.03,No,No,No,Mailed check,No,0,No,No,1,0
CUST-10697,43,Month-to-month,60.03,2600.11,Fiber optic,No,No,Credit card,No,0,Yes,No,1,0
CUST-10698,3,Month-to-month,64.78,246.78,No,No,No,Bank transfer,No,0,Yes,No,2,1
CUST-10699,6,Two year,18.0,123.84,DSL,No,Yes,Mailed check,No,0,Yes,Yes,3,0
CUST-10700,37,One year,78.85,2739.41,Fiber optic,No,No,Credit card,No,0,Yes,No,3,1
CUST-10701,44,Month-to-month,51.47,2302.96,DSL,No,Yes,Electronic check,Yes,0,Yes,No,0,0
CUST-10702,12,Month-to-month,102.85,1209.88,DSL,Yes,Yes,Credit card,No,0,No,No,2,1
CUST-10703,12,Two year,82.73,971.95,No,No,No,Mailed check,Yes,0,Yes,Yes,2,0
CUST-10704,9,One year,100.1,953.35,No,No,Yes,Credit card,Yes,1,No,No,5,0
CUST-10705,41,Month-to-month,34.67,1417.59,DSL,Yes,Yes,Credit card,Yes,0,Yes,No,2,0
CUST-10706,0,Two year,53.86,52.24,DSL,No,Yes,Bank transfer,Yes,0,No,Yes,2,0
CUST-10707,41,Month-to-month,27.73,1112.27,Fiber optic,Yes,Yes,Electronic check,No,0,No,No,1,0
CUST-10708,34,Month-to-month,43.84,1501.2,DSL,Yes,Yes,Credit card,Yes,1,No,No,1,0
CUST-10709,34,One year,102.56,3448.79,Fiber optic,No,No,Bank transfer,Yes,0,Yes,No,1,0
CUST-10710,49,Two year,109.62,5398.89,Fiber optic,No,No,Credit card,No,1,No,No,1,0
CUST-10711,38,Month-to-month,30.56,1086.46,DSL,No,No,Electronic check,Yes,0,Yes,No,1,1
CUST-10712,53,Month-to-month,51.25,2762.36,DSL,Yes,Yes,Electronic check,Yes,0,Yes,No,3,0
CUST-10713,55,Month-to-month,62.71,3469.87,DSL,No,No,Mailed check,Yes,0,No,No,5,0
CUST-10714,67,Two year,82.57,5555.96,No,Yes,No,Mailed check,Yes,0,No,Yes,3,0
CUST-10715,58,Month-to-month,18.0,994.42,Fiber optic,No,No,Electronic check,No,0,Yes,Yes,2,0
CUST-10716,37,Month-to-month,18.0,680.37,Fiber optic,Yes,No,Electronic check,Yes,0,Yes,No,0,0
CUST-10717,35,Two year,79.69,2622.55,DSL,No,No,Mailed check,No,0,No,Yes,1,0
CUST-10718,17,Month-to-month,18.0,294.12,Fiber optic,Yes,Yes,Credit card,Yes,0,Yes,No,1,0
CUST-10719,43,One year,51.6,2133.88,DSL,Yes,No,Electronic check,No,0,No,No,1,0
CUST-10720,10,Month-to-month,69.86,763.32,DSL,No,No,Electronic check,Yes,0,No,Yes,0,1
CUST-10721,67,Two year,77.47,5251.03,Fiber optic,No,No,Credit card,Yes,0,No,Yes,1,0
CUST-10722,61,Month-to-month,60.75,3575.74,Fiber optic,No,Yes,Electronic check,Yes,0,Yes,No,1,0
CUST-10723,8,Month-to-month,54.03,474.21,DSL,No,No,Electronic check,Yes,0,Yes,Yes,0,0
CUST-10724,57,Month-to-month,90.34,4997.77,Fiber optic,Yes,No,Credit card,No,1,Yes,No,0,1
CUST-10725,8,One year,73.56,603.35,No,Yes,Yes,Mailed check,No,0,No,Yes,2,0
CUST-10726,52,One year,45.59,2332.46,DSL,No,No,Mailed check,Yes,0,No,No,3,0
CUST-10727,6,Month-to-month,66.13,423.42,DSL,Yes,No,Electronic check,No,1,No,No,3,1
CUST-10728,35,Month-to-month,76.5,2659.32,Fiber optic,No,No,Mailed check,Yes,1,No,No,1,0
CUST-10729,48,Two year,116.55,5277.17,DSL,No,Yes,Credit card,No,1,No,Yes,2,0
CUST-10730,53,Month-to-month,88.59,4431.45,Fiber optic,No,No,Credit card,Yes,0,Yes,No,1,0
CUST-10731,30,Month-to-month,101.44,3042.42,Fiber optic,No,No,Bank transfer,Yes,0,No,No,1,1
CUST-10732,67,One year,46.68,3004.4,Fiber optic,Yes,No,Bank transfer,Yes,1,No,No,1,0
CUST-10733,56,Month-to-month,49.27,2760.71,Fiber optic,No,No,Bank transfer,Yes,0,No,Yes,4,1
CUST-10734,15,Month-to-month,57.94,897.4,Fiber optic,No,No,Bank transfer,No,0,No,Yes,2,1
CUST-10735,48,Month-to-month,60.69,2764.16,Fiber optic,No,No,Bank transfer,Yes,1,Yes,Yes,1,1
CUST-10736,53,Month-to-month,34.76,1835.2,DSL,No,No,Electronic check,Yes,1,Yes,Yes,3,1
CUST-10737,24,Month-to-month,102.98,2333.7,DSL,No,No,Credit card,No,0,Yes,Yes,2,0
CUST-10738,53,One year,91.5,4809.98,Fiber optic,Yes,No,Credit card,Yes,0,No,Yes,2,0
CUST-10739,65,One year,55.83,3458.31,DSL,No,Yes,Electronic check,Yes,1,No,No,0,0
CUST-10740,59,Month-to-month,84.25,4702.22,DSL,Yes,No,Electronic check,No,0,Yes,No,2,0
CUST-10741,55,Two year,71.69,3823.01,DSL,No,Yes,Credit card,Yes,0,No,No,2,0
CUST-10742,46,Month-to-month,86.59,4031.93,Fiber optic,Yes,No,Electronic check,No,0,No,Yes,4,1
CUST-10743,19,One year,24.67,456.73,DSL,No,Yes,Credit card,Yes,0,No,Yes,1,0
CUST-10744,58,Month-to-month,60.63,3576.95,Fiber optic,Yes,No,Credit card,Yes,0,No,No,0,0
CUST-10745,26,One year,63.26,1637.8,Fiber optic,Yes,No,Electronic check,Yes,1,Yes,Yes,0,1
CUST-10746,38,Month-to-month,83.71,3020.53,Fiber optic,No,No,Credit card,Yes,0,Yes,No,2,1
CUST-10747,22,Month-to-month,46.15,1028.66,DSL,Yes,No,Electronic check,Yes,0,Yes,No,2,1
CUST-10748,22,Month-to-month,18.0,403.05,No,No,Yes,Mailed check,Yes,0,No,No,1,0
CUST-10749,11,Month-to-month,32.55,372.3,DSL,Yes,Yes,Bank transfer,No,0,No,No,1,0
CUST-10750,70,Month-to-month,63.17,4095.13,No,Yes,No,Bank transfer,Yes,1,Yes,No,3,0
CUST-10751,10,One year,66.92,722.51,Fiber optic,Yes,No,Electronic check,No,0,No,No,1,0
CUST-10752,6,Two year,115.51,793.23,DSL,No,No,Electronic check,Yes,1,No,No,0,1
CUST-10753,68,Month-to-month,82.48,5557.51,Fiber optic,Yes,No,Mailed check,No,1,Yes,Yes,2,1
CUST-10754,40,Two year,67.45,2697.89,Fiber optic,Yes,Yes,Bank transfer,Yes,0,No,No,1,0
CUST-10755,31,One year,64.03,1922.2,Fiber optic,No,Yes,Mailed check,No,0,No,Yes,2,0
CUST-10756,53,Two year,98.13,5030.22,Fiber optic,No,No,Mailed check,Yes,1,Yes,No,1,1
CUST-10757,27,One year,47.3,1279.56,Fiber optic,No,No,Electronic check,Yes,0,No,No,3,0
CUST-10758,9,One year,60.79,557.18,Fiber optic,Yes,No,Credit card,Yes,1,Yes,Yes,0,1
CUST-10759,53,Month-to-month,32.32,1676.21,No,No,No,Bank transfer,No,0,No,No,1,0
CUST-10760,12,One year,107.57,1273.98,DSL,No,No,Credit card,No,0,No,No,2,0
CUST-10761,40,Two year,76.77,3099.67,Fiber optic,No,No,Mailed check,No,0,No,Yes,1,0
CUST-10762,69,Month-to-month,43.77,2794.22,Fiber optic,Yes,No,Credit card,Yes,0,No,Yes,0,0
CUST-10763,68,Month-to-month,61.57,4151.64,Fiber optic,Yes,Yes,Bank transfer,Yes,0,Yes,No,1,0
CUST-10764,26,Month-to-month,80.29,1999.17,Fiber optic,No,No,Bank transfer,Yes,0,No,Yes,2,1
CUST-10765,56,Two year,57.48,3252.89,Fiber optic,Yes,No,Mailed check,No,0,Yes,Yes,1,0
CUST-10766,44,Month-to-month,48.97,2128.28,Fiber optic,No,Yes,Bank transfer,Yes,0,Yes,No,1,1
CUST-10767,34,One year,45.37,1497.62,DSL,Yes,No,Mailed check,No,0,Yes,Yes,2,0
CUST-10768,10,Two year,75.17,747.79,DSL,Yes,No,Bank transfer,No,1,No,Yes,2,0
CUST-10769,27,Two year,54.26,1459.6,Fiber optic,Yes,No,Mailed check,Yes,1,Yes,No,0,1
CUST-10770,47,Month-to-month,51.39,2313.3,DSL,Yes,Yes,Credit card,No,0,Yes,Yes,3,1
CUST-10771,72,One year,24.92,1782.47,DSL,No,Yes,Credit card,Yes,1,Yes,No,2,0
CUST-10772,0,Two year,67.33,65.93,DSL,Yes,No,Mailed check,Yes,0,Yes,No,0,0
CUST-10773,52,Month-to-month,59.56,3057.89,Fiber optic,No,Yes,Mailed check,Yes,0,No,No,0,0
CUST-10774,61,One year,55.35,3180.44,No,Yes,Yes,Credit card,Yes,0,Yes,Yes,0,0
CUST-10775,69,Month-to-month,70.96,4556.39,Fiber optic,No,No,Bank transfer,Yes,0,No,No,3,1
CUST-10776,30,One year,87.44,2574.31,DSL,No,Yes,Electronic check,No,0,No,No,1,1
CUST-10777,8,Month-to-month,86.05,732.04,No,No,No,Credit card,No,1,Yes,No,0,1
CUST-10778,19,Month-to-month,81.58,1578.24,DSL,No,No,Bank transfer,Yes,0,No,No,1,0
CUST-10779,62,Month-to-month,57.78,3470.08,No,No,Yes,Bank transfer,No,0,Yes,No,0,0
CUST-10780,64,Month-to-month,47.99,2961.8,Fiber optic,No,No,Credit card,No,0,Yes,Yes,2,0
CUST-10781,46,Month-to-month,33.68,1500.77,DSL,No,Yes,Electronic check,Yes,0,No,No,1,0
CUST-10782,8,One year,47.21,403.83,Fiber optic,No,Yes,Credit card,Yes,0,No,No,0,0
CUST-10783,8,Month-to-month,65.59,582.76,DSL,Yes,No,Electronic check,No,0,No,No,2,1
CUST-10784,34,Month-to-month,41.41,1329.18,Fiber optic,No,No,Credit card,Yes,0,No,No,1,0
CUST-10785,42,One year,67.88,2632.43,DSL,Yes,Yes,Bank transfer,Yes,0,No,No,1,0
CUST-10786,2,One year,36.04,99.71,No,No,No,Bank transfer,No,0,Yes,No,0,1
CUST-10787,50,Month-to-month,18.0,854.68,Fiber optic,Yes,Yes,Bank transfer,No,0,Yes,No,4,0
CUST-10788,39,Two year,89.58,3444.32,No,Yes,No,Mailed check,No,0,Yes,Yes,3,0
CUST-10789,0,Month-to-month,50.77,49.97,No,No,Yes,Credit card,No,0,Yes,No,0,0
CUST-10790,6,Two year,39.89,271.22,DSL,No,No,Electronic check,Yes,0,No,No,0,0
CUST-10791,33,Month-to-month,32.18,1093.93,Fiber optic,No,No,Bank transfer,No,0,No,Yes,0,1
CUST-10792,52,One year,77.69,3706.1,No,No,Yes,Credit card,No,0,Yes,No,3,0
CUST-10793,60,Two year,106.25,5956.35,Fiber optic,No,No,Electronic check,Yes,0,Yes,No,2,1
CUST-10794,31,Two year,52.91,1538.55,DSL,No,No,Bank transfer,Yes,0,No,No,3,0
CUST-10795,21,One year,58.53,1244.34,DSL,No,Yes,Credit card,Yes,0,No,Yes,2,0
CUST-10796,70,One year,97.15,6502.39,DSL,Yes,No,Bank transfer,No,0,Yes,No,1,0
CUST-10797,33,Month-to-month,18.0,569.85,No,Yes,No,Bank transfer,No,0,Yes,No,2,0
CUST-10798,23,One year,120.0,2682.05,Fiber optic,No,Yes,Electronic check,No,0,Yes,No,3,1
CUST-10799,32,One year,120.0,3917.62,Fiber optic,No,No,Credit card,Yes,0,Yes,Yes,1,0
CUST-10800,0,Two year,18.0,16.34,No,No,No,Credit card,No,0,Yes,No,4,0
CUST-10801,22,Month-to-month,62.07,1329.59,DSL,Yes,No,Credit card,Yes,0,No,No,1,0
CUST-10802,37,Month-to-month,43.43,1567.8,Fiber optic,Yes,No,Electronic check,No,0,Yes,No,0,1
CUST-10803,67,One year,57.06,3651.77,DSL,Yes,No,Mailed check,Yes,0,No,No,2,0
CUST-10804,53,Month-to-month,52.45,2743.8,DSL,No,No,Credit card,No,0,No,No,2,0
CUST-10805,57,Month-to-month,89.35,4978.89,DSL,No,No,Bank transfer,Yes,1,Yes,No,1,1
CUST-10806,39,Month-to-month,61.62,2415.62,DSL,No,Yes,Credit card,Yes,0,Yes,No,2,1
CUST-10807,8,One year,37.67,333.75,Fiber optic,Yes,Yes,Bank transfer,Yes,0,No,Yes,0,1
CUST-10808,28,Month-to-month,59.83,1630.96,Fiber optic,Yes,No,Bank transfer,No,0,Yes,No,2,0
CUST-10809,72,Month-to-month,80.44,5793.48,DSL,Yes,Yes,Mailed check,Yes,0,No,Yes,0,0
CUST-10810,3,Month-to-month,29.49,113.62,DSL,No,No,Credit card,No,0,Yes,No,2,1
CUST-10811,64,Two year,18.0,1153.66,Fiber optic,No,Yes,Bank transfer,Yes,0,No,No,4,0
CUST-10812,49,One year,120.0,5679.22,DSL,Yes,Yes,Credit card,Yes,0,No,No,2,0
CUST-10813,20,Month-to-month,45.73,866.75,No,No,Yes,Electronic check,Yes,0,No,No,0,0
CUST-10814,56,Month-to-month,60.88,3351.47,No,No,No,Mailed check,Yes,0,Yes,Yes,2,0
CUST-10815,61,One year,53.07,3279.16,Fiber optic,Yes,Yes,Electronic check,Yes,0,No,Yes,1,0
CUST-10816,3,Month-to-month,81.44,323.49,Fiber optic,No,Yes,Bank transfer,Yes,0,No,Yes,1,0
CUST-10817,7,One year,118.18,865.27,Fiber optic,No,No,Bank transfer,Yes,0,No,No,1,1
CUST-10818,48,Month-to-month,82.4,3831.5,Fiber optic,No,No,Mailed check,No,0,No,No,1,1
CUST-10819,72,Two year,19.45,1401.79,No,Yes,No,Mailed check,Yes,0,No,Yes,3,0
CUST-10820,1,Month-to-month,23.48,44.22,No,Yes,Yes,Bank transfer,Yes,0,Yes,No,2,1
CUST-10821,48,One year,53.03,2473.27,Fiber optic,No,Yes,Credit card,No,0,No,Yes,0,0
CUST-10822,9,Month-to-month,56.95,569.36,Fiber optic,Yes,No,Mailed check,Yes,0,No,No,1,1
CUST-10823,47,Two year,18.0,819.3,No,No,Yes,Mailed check,Yes,0,No,No,2,0
CUST-10824,45,Two year,89.58,3786.92,DSL,No,No,Electronic check,Yes,0,No,Yes,2,0
CUST-10825,6,One year,32.41,205.06,Fiber optic,No,No,Credit card,Yes,0,No,Yes,0,0
CUST-10826,49,Month-to-month,109.8,5194.29,Fiber optic,No,Yes,Credit card,Yes,0,No,No,1,1
CUST-10827,65,Month-to-month,119.62,7511.7,Fiber optic,Yes,No,Bank transfer,Yes,0,Yes,No,1,0
CUST-10828,63,Two year,57.55,3653.71,Fiber optic,Yes,Yes,Credit card,Yes,0,No,No,1,0
CUST-10829,2,One year,78.17,229.63,DSL,Yes,Yes,Credit card,No,0,Yes,No,1,0
CUST-10830,17,Month-to-month,28.04,457.42,DSL,No,Yes,Credit card,No,0,No,Yes,2,0
CUST-10831,17,Month-to-month,83.71,1479.18,Fiber optic,No,No,Mailed check,Yes,0,No,No,2,1
CUST-10832,33,Month-to-month,50.05,1543.36,No,No,No,Electronic check,Yes,0,Yes,No,1,1
CUST-10833,10,Two year,32.38,321.06,No,No,No,Credit card,Yes,0,No,No,1,1
CUST-10834,62,One year,56.32,3387.41,Fiber optic,No,Yes,Electronic check,Yes,0,Yes,No,4,0
CUST-10835,56,One year,51.03,2771.94,DSL,Yes,No,Mailed check,No,0,Yes,No,1,0
CUST-10836,59,One year,55.25,3088.4,Fiber optic,Yes,No,Bank transfer,Yes,1,Yes,No,1,0
CUST-10837,14,Month-to-month,93.49,1326.7,Fiber optic,No,No,Credit card,Yes,0,No,Yes,2,1
CUST-10838,1,Month-to-month,41.44,82.22,Fiber optic,Yes,No,Bank transfer,No,0,No,No,1,0
CUST-10839,66,Month-to-month,117.05,7588.56,Fiber optic,No,No,Mailed check,No,1,Yes,No,3,1
CUST-10840,21,One year,25.25,518.97,DSL,Yes,No,Credit card,Yes,0,No,No,3,0
CUST-10841,47,Month-to-month,113.46,5410.11,Fiber optic,No,Yes,Electronic check,No,0,Yes,No,4,1
CUST-10842,66,Month-to-month,34.5,2118.02,Fiber optic,Yes,No,Electronic check,No,0,Yes,Yes,2,0
CUST-10843,2,Month-to-month,64.97,178.83,Fiber optic,No,Yes,Bank transfer,No,0,No,No,0,1
CUST-10844,0,Month-to-month,50.29,46.43,No,Yes,No,Mailed check,Yes,0,Yes,No,1,0
CUST-10845,0,One year,54.69,50.49,Fiber optic,No,Yes,Mailed check,No,0,No,No,2,1
CUST-10846,11,Month-to-month,89.04,969.22,No,No,Yes,Mailed check,Yes,0,Yes,Yes,0,1
CUST-10847,3,Month-to-month,109.99,409.59,Fiber optic,No,Yes,Mailed check,Yes,0,No,No,1,1
CUST-10848,59,One year,100.72,5770.44,Fiber optic,Yes,No,Credit card,Yes,0,No,No,2,0
CUST-10849,44,Month-to-month,52.85,2193.41,No,No,Yes,Mailed check,Yes,0,No,No,4,0
CUST-10850,71,Month-to-month,70.53,4624.6,No,No,No,Bank transfer,Yes,0,No,No,2,1
CUST-10851,58,Month-to-month,41.54,2365.19,No,Yes,No,Electronic check,Yes,0,No,No,2,1
CUST-10852,70,Two year,35.25,2357.59,No,No,Yes,Credit card,Yes,0,No,Yes,1,0
CUST-10853,17,Month-to-month,30.61,531.88,Fiber optic,No,No,Credit card,No,0,No,Yes,2,1
CUST-10854,21,One year,51.87,1055.33,DSL,No,No,Electronic check,Yes,0,No,No,3,1
CUST-10855,62,Two year,72.49,4455.48,Fiber optic,No,No,Bank transfer,Yes,0,No,No,4,1
CUST-10856,17,One year,18.0,323.12,No,No,Yes,Bank transfer,No,0,No,No,0,1
CUST-10857,4,Month-to-month,63.61,294.55,Fiber optic,No,No,Electronic check,Yes,0,Yes,No,1,1
CUST-10858,48,One year,110.48,5218.29,Fiber optic,Yes,Yes,Credit card,No,0,No,Yes,1,1
CUST-10859,58,Month-to-month,98.66,5684.18,No,No,No,Credit card,Yes,0,Yes,Yes,3,1
CUST-10860,70,Month-to-month,47.44,3214.4,No,Yes,No,Credit card,No,0,Yes,No,1,1
CUST-10861,67,Month-to-month,23.09,1458.82,No,Yes,No,Bank transfer,Yes,1,Yes,No,1,0
CUST-10862,8,Month-to-month,78.79,653.4,Fiber optic,Yes,Yes,Bank transfer,Yes,0,No,Yes,3,1
CUST-10863,56,Month-to-month,18.0,989.74,Fiber optic,No,No,Bank transfer,No,0,Yes,Yes,0,1
CUST-10864,61,Month-to-month,98.3,5777.62,No,Yes,Yes,Credit card,Yes,0,Yes,No,0,0
CUST-10865,50,Month-to-month,58.59,2939.47,DSL,Yes,Yes,Bank transfer,Yes,0,Yes,No,1,1
CUST-10866,59,Month-to-month,119.94,6541.06,DSL,Yes,Yes,Bank transfer,Yes,0,Yes,No,2,0
CUST-10867,61,One year,18.0,1008.05,No,Yes,No,Electronic check,No,0,Yes,No,1,0
CUST-10868,32,Two year,92.54,2861.69,Fiber optic,No,Yes,Bank transfer,Yes,0,Yes,Yes,1,0
CUST-10869,2,Month-to-month,61.98,176.17,Fiber optic,No,No,Electronic check,No,0,Yes,No,2,1
CUST-10870,33,One year,55.07,1804.89,DSL,No,No,Mailed check,No,1,No,No,0,0
CUST-10871,14,Month-to-month,23.9,326.74,Fiber optic,No,No,Credit card,Yes,0,No,No,4,1
CUST-10872,8,Month-to-month,82.87,715.05,No,Yes,No,Electronic check,No,0,Yes,No,2,1
CUST-10873,9,Month-to-month,85.28,836.86,Fiber optic,No,No,Credit card,No,1,Yes,Yes,0,1
CUST-10874,50,Month-to-month,118.55,5991.36,Fiber optic,No,Yes,Mailed check,Yes,0,No,Yes,2,1
CUST-10875,36,Month-to-month,95.24,3488.56,Fiber optic,No,No,Credit card,Yes,0,Yes,No,1,1
CUST-10876,39,Month-to-month,47.18,1796.33,No,No,Yes,Credit card,Yes,1,No,No,2,1
CUST-10877,54,Month-to-month,34.88,1899.07,No,No,Yes,Electronic check,No,0,Yes,No,1,0
CUST-10878,40,Month-to-month,23.95,936.55,Fiber optic,No,Yes,Electronic check,Yes,0,No,No,3,1
CUST-10879,45,Month-to-month,109.2,4557.73,Fiber optic,Yes,No,Credit card,Yes,0,Yes,No,4,0
CUST-10880,6,Month-to-month,41.65,290.78,DSL,No,Yes,Mailed check,No,0,No,No,2,1
CUST-10881,62,Month-to-month,109.41,6205.34,Fiber optic,Yes,Yes,Mailed check,No,1,No,No,1,1
CUST-10882,32,Month-to-month,80.75,2474.43,DSL,No,No,Electronic check,Yes,0,No,Yes,0,0
CUST-10883,11,Month-to-month,74.9,813.09,Fiber optic,No,Yes,Bank transfer,No,0,No,No,1,0
CUST-10884,59,Month-to-month,55.79,3194.65,Fiber optic,No,No,Electronic check,No,0,Yes,No,3,0
CUST-10885,53,Month-to-month,84.82,4382.15,DSL,Yes,No,Mailed check,Yes,0,No,No,1,0
CUST-10886,3,Month-to-month,64.54,248.81,DSL,No,No,Mailed check,Yes,0,No,No,1,1
CUST-10887,14,Two year,53.92,739.27,DSL,No,Yes,Credit card,No,0,No,No,1,0
CUST-10888,1,Month-to-month,85.88,154.88,DSL,No,Yes,Mailed check,Yes,0,No,Yes,1,0
CUST-10889,19,Month-to-month,60.68,1124.48,Fiber optic,No,No,Credit card,No,0,No,No,1,1
CUST-10890,7,Month-to-month,41.05,297.25,DSL,No,No,Bank transfer,Yes,0,Yes,No,2,0
CUST-10891,51,Two year,82.99,3899.16,DSL,No,Yes,Mailed check,No,0,No,No,0,0
CUST-10892,38,One year,63.08,2279.04,No,Yes,Yes,Electronic check,No,0,Yes,Yes,0,0
CUST-10893,71,One year,79.67,5735.57,DSL,No,No,Credit card,Yes,0,Yes,No,4,0
CUST-10894,54,Two year,51.38,2770.34,No,No,Yes,Mailed check,Yes,0,No,No,3,0
CUST-10895,44,Month-to-month,28.73,1210.33,Fiber optic,No,No,Bank transfer,No,0,Yes,No,2,0
CUST-10896,37,Two year,117.05,4170.39,Fiber optic,Yes,No,Mailed check,No,0,Yes,No,0,0
CUST-10897,3,Month-to-month,111.4,442.47,Fiber optic,Yes,No,Mailed check,Yes,0,No,Yes,2,1
CUST-10898,5,One year,91.51,530.5,DSL,Yes,No,Bank transfer,Yes,0,No,No,1,0
CUST-10899,44,Month-to-month,53.37,2362.5,No,No,No,Mailed check,Yes,0,No,No,1,1
CUST-10900,0,Month-to-month,55.99,55.23,No,No,No,Credit card,Yes,0,Yes,No,1,1
CUST-10901,3,Two year,106.47,390.5,DSL,No,No,Bank transfer,Yes,0,No,No,2,0
CUST-10902,15,Month-to-month,54.39,784.62,Fiber optic,Yes,No,Credit card,Yes,1,Yes,No,0,1
CUST-10903,64,Two year,46.02,2772.41,Fiber optic,Yes,No,Mailed check,Yes,0,Yes,Yes,1,0
CUST-10904,33,Month-to-month,120.0,3914.52,No,No,No,Electronic check,No,0,Yes,Yes,0,0
CUST-10905,51,One year,63.57,3275.41,No,Yes,Yes,Electronic check,No,0,No,Yes,3,0
CUST-10906,30,Two year,118.05,3406.53,DSL,Yes,No,Credit card,No,0,No,Yes,0,0
CUST-10907,12,Month-to-month,23.05,295.16,No,Yes,No,Credit card,No,0,No,No,1,1
CUST-10908,27,Two year,80.55,2179.21,No,No,Yes,Bank transfer,Yes,0,No,No,1,0
CUST-10909,6,One year,120.0,810.98,Fiber optic,No,No,Bank transfer,Yes,1,No,No,3,1
CUST-10910,56,One year,65.89,3649.17,DSL,Yes,No,Electronic check,Yes,1,Yes,No,1,0
CUST-10911,13,Month-to-month,57.08,760.09,No,Yes,No,Credit card,Yes,1,No,No,0,1
CUST-10912,27,Month-to-month,29.97,811.77,Fiber optic,No,No,Bank transfer,No,1,No,Yes,3,1
CUST-10913,71,One year,97.47,6872.76,DSL,No,Yes,Bank transfer,No,0,Yes,No,1,0
CUST-10914,43,Month-to-month,41.9,1767.9,No,No,No,Electronic check,No,0,Yes,Yes,1,1
CUST-10915,33,Month-to-month,62.16,1910.39,Fiber optic,Yes,Yes,Bank transfer,Yes,0,Yes,Yes,1,0
CUST-10916,39,Month-to-month,27.96,1063.67,No,Yes,No,Bank transfer,Yes,0,No,Yes,1,0
CUST-10917,57,Two year,111.71,6218.05,Fiber optic,No,No,Credit card,No,0,Yes,Yes,3,0
CUST-10918,18,Month-to-month,99.65,1869.75,DSL,No,No,Electronic check,Yes,0,No,No,3,1
CUST-10919,46,One year,64.05,2710.89,No,No,Yes,Electronic check,Yes,0,Yes,No,0,0
CUST-10920,63,Two year,30.38,1759.33,Fiber optic,No,No,Credit card,No,0,No,No,1,0
CUST-10921,41,Month-to-month,111.08,4370.48,Fiber optic,Yes,No,Mailed check,No,0,No,No,3,0
CUST-10922,32,Month-to-month,54.02,1747.54,Fiber optic,No,Yes,Mailed check,Yes,1,Yes,No,0,1
CUST-10923,10,One year,31.84,332.18,DSL,Yes,Yes,Bank transfer,Yes,0,Yes,No,2,0
CUST-10924,18,Month-to-month,18.0,318.24,Fiber optic,Yes,Yes,Mailed check,No,0,No,No,0,0
CUST-10925,69,One year,45.62,3095.44,Fiber optic,No,No,Credit card,No,0,Yes,No,1,0
CUST-10926,39,One year,21.36,812.05,No,No,No,Credit card,Yes,0,No,No,1,0
CUST-10927,21,One year,46.32,975.6,No,No,No,Mailed check,No,0,Yes,No,0,0
CUST-10928,30,Month-to-month,87.33,2552.47,Fiber optic,No,No,Electronic check,Yes,0,Yes,No,2,1
CUST-10929,42,One year,53.74,2247.28,DSL,No,No,Credit card,No,0,No,Yes,1,0
CUST-10930,39,One year,75.67,2728.84,Fiber optic,No,No,Bank transfer,Yes,0,Yes,No,1,0
CUST-10931,51,Month-to-month,43.3,2026.82,DSL,Yes,Yes,Credit card,No,1,Yes,No,1,0
CUST-10932,18,One year,66.96,1231.89,No,No,Yes,Mailed check,No,0,Yes,No,2,0
CUST-10933,47,Two year,120.0,5199.36,Fiber optic,No,Yes,Mailed check,Yes,0,Yes,Yes,2,0
CUST-10934,32,One year,54.55,1680.83,No,No,No,Electronic check,Yes,0,Yes,Yes,2,0
CUST-10935,68,Month-to-month,76.53,4945.96,Fiber optic,No,No,Mailed check,No,0,No,Yes,1,1
CUST-10936,11,Month-to-month,18.03,208.0,DSL,No,No,Bank transfer,Yes,0,Yes,No,3,1
CUST-10937,10,Month-to-month,110.6,1188.91,No,Yes,No,Electronic check,No,0,Yes,No,0,1
CUST-10938,33,Month-to-month,50.68,1692.42,Fiber optic,Yes,No,Bank transfer,Yes,0,No,No,0,1
CUST-10939,37,Month-to-month,96.52,3403.74,No,No,No,Bank transfer,Yes,0,No,No,1,1
CUST-10940,50,Two year,61.3,2864.41,No,Yes,No,Credit card,No,0,Yes,Yes,1,1
CUST-10941,29,Month-to-month,83.35,2495.7,Fiber optic,No,Yes,Electronic check,Yes,1,Yes,No,1,1
CUST-10942,66,Two year,85.13,5158.29,Fiber optic,Yes,Yes,Electronic check,No,0,No,No,1,0
CUST-10943,34,Month-to-month,51.43,1766.54,Fiber optic,Yes,No,Mailed check,Yes,0,No,Yes,2,1
CUST-10944,9,Month-to-month,97.76,881.81,No,No,No,Credit card,Yes,0,No,No,3,1
CUST-10945,8,Month-to-month,42.23,360.5,No,No,No,Electronic check,Yes,1,No,No,0,0
CUST-10946,71,Month-to-month,88.34,6132.45,DSL,No,Yes,Credit card,Yes,0,No,No,2,0
CUST-10947,9,One year,53.29,505.07,Fiber optic,Yes,No,Credit card,No,0,Yes,No,1,0
CUST-10948,69,Two year,75.49,5054.28,DSL,No,No,Electronic check,Yes,0,Yes,Yes,3,0
CUST-10949,20,Two year,51.14,969.27,Fiber optic,No,Yes,Mailed check,Yes,0,No,No,1,1
CUST-10950,6,Month-to-month,66.5,426.13,No,No,No,Mailed check,No,1,No,No,2,0
CUST-10951,22,One year,32.76,719.82,No,Yes,No,Mailed check,Yes,0,Yes,No,1,1
CUST-10952,44,Month-to-month,72.43,3203.19,Fiber optic,Yes,Yes,Credit card,Yes,0,Yes,No,0,0
CUST-10953,31,Two year,66.33,2026.71,Fiber optic,No,Yes,Mailed check,No,0,Yes,No,1,0
CUST-10954,57,Month-to-month,48.8,2688.73,DSL,No,No,Bank transfer,No,0,Yes,Yes,1,0
CUST-10955,44,Month-to-month,63.35,2847.38,DSL,No,No,Electronic check,Yes,0,No,Yes,0,1
CUST-10956,29,Month-to-month,69.02,1944.26,Fiber optic,No,Yes,Bank transfer,No,0,No,Yes,0,0
CUST-10957,46,Month-to-month,46.51,2051.64,No,No,No,Mailed check,Yes,0,No,Yes,3,1
CUST-10958,70,Month-to-month,61.14,3938.98,Fiber optic,No,No,Credit card,Yes,1,No,No,3,0
CUST-10959,30,Two year,34.83,1056.32,DSL,No,Yes,Credit card,Yes,0,Yes,Yes,3,0
CUST-10960,11,One year,120.0,1305.75,Fiber optic,No,No,Electronic check,No,0,Yes,No,3,0
CUST-10961,29,Two year,96.77,2652.32,DSL,No,No,Bank transfer,Yes,1,No,No,1,0
CUST-10962,61,Month-to-month,73.19,4109.76,DSL,No,Yes,Mailed check,No,0,Yes,Yes,4,0
CUST-10963,15,One year,100.16,1473.13,No,No,Yes,Mailed check,Yes,0,Yes,No,1,0
CUST-10964,69,Month-to-month,18.0,1189.3,DSL,Yes,Yes,Mailed check,Yes,0,No,Yes,2,0
CUST-10965,42,Month-to-month,18.0,699.85,Fiber optic,Yes,No,Credit card,No,1,Yes,No,1,1
CUST-10966,43,Month-to-month,53.02,2195.58,Fiber optic,No,No,Mailed check,No,0,No,No,2,1
CUST-10967,23,Month-to-month,23.64,537.92,DSL,No,No,Electronic check,Yes,0,Yes,Yes,0,1
CUST-10968,67,One year,57.9,3587.1,DSL,Yes,No,Electronic check,Yes,0,Yes,No,3,0
CUST-10969,2,Month-to-month,71.17,193.34,DSL,No,Yes,Credit card,No,0,No,No,2,1
CUST-10970,21,Month-to-month,92.61,1897.73,DSL,No,No,Mailed check,Yes,0,Yes,No,0,1
CUST-10971,30,One year,30.85,922.93,No,No,No,Electronic check,Yes,0,No,No,2,0
CUST-10972,34,Month-to-month,76.99,2588.79,Fiber optic,No,No,Mailed check,Yes,0,No,No,2,0
CUST-10973,34,Two year,65.43,2090.04,Fiber optic,Yes,No,Credit card,No,1,No,Yes,0,0
CUST-10974,10,Month-to-month,75.43,754.38,Fiber optic,No,No,Credit card,Yes,0,Yes,No,1,0
CUST-10975,16,Two year,49.41,771.67,No,Yes,No,Credit card,Yes,1,No,No,0,0
CUST-10976,6,One year,106.49,736.06,DSL,No,No,Bank transfer,Yes,0,Yes,No,2,1
CUST-10977,41,One year,61.89,2581.62,No,Yes,No,Credit card,Yes,1,No,No,1,0
CUST-10978,25,One year,118.23,2926.92,DSL,No,No,Credit card,Yes,0,Yes,No,5,0
CUST-10979,41,Two year,41.29,1717.23,No,No,Yes,Electronic check,Yes,0,Yes,No,0,0
CUST-10980,43,One year,87.28,3506.75,DSL,No,Yes,Mailed check,No,0,No,No,3,1
CUST-10981,51,Month-to-month,63.21,3174.25,DSL,No,No,Bank transfer,Yes,0,Yes,Yes,2,0
CUST-10982,39,Month-to-month,55.17,2129.29,Fiber optic,No,No,Mailed check,Yes,0,No,No,2,0
CUST-10983,47,One year,83.97,3808.61,DSL,No,Yes,Credit card,No,0,No,Yes,3,0
CUST-10984,42,Month-to-month,56.02,2345.7,Fiber optic,Yes,Yes,Credit card,Yes,0,Yes,No,2,0
CUST-10985,47,Month-to-month,18.0,818.64,Fiber optic,Yes,No,Bank transfer,Yes,0,Yes,No,3,1
CUST-10986,45,Month-to-month,18.0,816.12,Fiber optic,No,Yes,Electronic check,Yes,0,Yes,No,2,0
CUST-10987,23,Month-to-month,103.17,2262.11,DSL,Yes,No,Mailed check,Yes,0,Yes,No,1,0
CUST-10988,17,Month-to-month,101.91,1654.12,Fiber optic,No,Yes,Electronic check,No,1,No,No,2,1
CUST-10989,57,One year,120.0,6527.17,DSL,Yes,No,Mailed check,No,0,Yes,Yes,2,0
CUST-10990,25,One year,64.47,1530.16,No,No,Yes,Electronic check,No,0,No,No,3,0
CUST-10991,40,Two year,26.22,986.77,Fiber optic,Yes,No,Electronic check,Yes,0,Yes,No,3,1
CUST-10992,14,Month-to-month,52.41,711.29,Fiber optic,No,No,Electronic check,No,0,Yes,No,1,1
CUST-10993,31,Month-to-month,65.34,1971.83,No,Yes,Yes,Mailed check,Yes,0,No,No,2,0
CUST-10994,38,One year,34.79,1321.16,Fiber optic,No,No,Electronic check,Yes,1,No,No,1,0
CUST-10995,45,Month-to-month,114.46,5031.74,Fiber optic,Yes,No,Electronic check,Yes,1,No,Yes,1,0
CUST-10996,38,One year,120.0,4378.93,DSL,No,No,Mailed check,Yes,0,Yes,No,0,0
CUST-10997,26,Month-to-month,79.35,1930.71,Fiber optic,Yes,Yes,Bank transfer,Yes,0,No,No,3,0
CUST-10998,70,Two year,64.67,4366.15,Fiber optic,No,No,Bank transfer,Yes,0,No,No,4,0
CUST-10999,37,Month-to-month,26.15,926.89,DSL,No,Yes,Mailed check,No,0,No,No,1,0
CUST-11000,59,Two year,111.39,6174.71,No,No,No,Bank transfer,No,0,Yes,Yes,2,0
CUST-11001,53,One year,67.29,3434.37,DSL,No,No,Electronic check,No,0,No,No,2,0
CUST-11002,40,Month-to-month,56.33,2117.85,Fiber optic,No,No,Bank transfer,Yes,0,Yes,No,1,0
CUST-11003,64,One year,79.44,4813.31,DSL,No,Yes,Electronic check,Yes,1,Yes,Yes,2,0
CUST-11004,9,Month-to-month,47.43,470.8,Fiber optic,Yes,Yes,Electronic check,No,0,No,No,1,1
CUST-11005,67,One year,69.41,4536.21,No,No,Yes,Credit card,Yes,0,No,No,1,0
CUST-11006,62,One year,21.73,1367.59,DSL,Yes,No,Mailed check,Yes,0,Yes,Yes,1,0
CUST-11007,36,Month-to-month,97.61,3477.18,Fiber optic,No,No,Bank transfer,Yes,0,Yes,No,3,1
CUST-11008,53,Month-to-month,61.87,3039.28,Fiber optic,Yes,No,Mailed check,Yes,0,No,No,1,1
CUST-11009,37,One year,99.76,3664.2,No,No,Yes,Bank transfer,Yes,1,No,Yes,1,0
CUST-11010,19,Month-to-month,58.97,1163.58,DSL,No,Yes,Bank transfer,No,0,Yes,Yes,1,0
CUST-11011,58,Two year,60.91,3562.32,Fiber optic,No,No,Credit card,No,0,No,No,3,0
CUST-11012,17,One year,28.63,492.38,Fiber optic,Yes,No,Electronic check,No,0,Yes,No,3,0
CUST-11013,22,One year,87.79,1841.51,Fiber optic,No,No,Bank transfer,Yes,0,Yes,No,0,0
CUST-11014,37,Month-to-month,38.72,1418.84,Fiber optic,No,Yes,Credit card,Yes,0,No,No,1,0
CUST-11015,61,One year,50.41,2857.56,Fiber optic,Yes,Yes,Mailed check,No,1,No,No,2,0
CUST-11016,28,Two year,65.03,1707.85,Fiber optic,Yes,Yes,Mailed check,Yes,0,Yes,No,1,0
CUST-11017,36,Month-to-month,68.64,2339.48,DSL,No,No,Bank transfer,Yes,1,Yes,Yes,2,1
CUST-11018,3,Month-to-month,18.0,65.5,Fiber optic,No,No,Bank transfer,No,0,Yes,No,1,1
CUST-11019,8,Month-to-month,58.08,493.73,Fiber optic,Yes,Yes,Mailed check,Yes,1,No,Yes,1,1
CUST-11020,4,Month-to-month,88.86,441.81,Fiber optic,No,Yes,Credit card,Yes,1,No,No,1,1
CUST-11021,5,One year,53.65,310.97,DSL,Yes,No,Bank transfer,Yes,0,Yes,Yes,3,0
CUST-11022,63,Month-to-month,58.26,3614.72,Fiber optic,No,Yes,Bank transfer,Yes,0,No,Yes,1,1
CUST-11023,61,One year,69.87,4246.86,Fiber optic,No,No,Electronic check,Yes,1,Yes,No,3,0
CUST-11024,59,Month-to-month,61.22,3393.76,Fiber optic,No,Yes,Bank transfer,Yes,1,No,Yes,2,0
CUST-11025,4,Month-to-month,34.08,163.11,No,Yes,Yes,Credit card,Yes,0,No,No,2,1
CUST-11026,5,Month-to-month,63.91,372.45,Fiber optic,No,Yes,Bank transfer,No,1,Yes,No,3,0
CUST-11027,20,Two year,94.82,1852.64,Fiber optic,Yes,No,Bank transfer,No,1,Yes,No,1,0
CUST-11028,41,One year,33.46,1319.25,DSL,No,Yes,Bank transfer,No,0,No,Yes,2,0
CUST-11029,24,Month-to-month,53.77,1304.1,No,No,Yes,Electronic check,No,0,Yes,Yes,2,0
CUST-11030,35,One year,23.55,831.56,DSL,No,No,Electronic check,Yes,0,Yes,No,3,1
CUST-11031,12,Month-to-month,93.24,1134.74,Fiber optic,No,Yes,Bank transfer,Yes,0,No,No,1,1
CUST-11032,53,Month-to-month,62.23,3234.64,DSL,Yes,Yes,Electronic check,Yes,1,Yes,Yes,3,0
CUST-11033,22,Month-to-month,39.49,877.78,DSL,Yes,Yes,Electronic check,Yes,1,No,Yes,2,1
CUST-11034,4,Two year,67.77,336.44,Fiber optic,No,No,Credit card,No,0,Yes,No,0,1
CUST-11035,54,One year,28.89,1555.18,DSL,No,No,Mailed check,Yes,0,Yes,No,4,0
CUST-11036,65,One year,34.0,2063.25,DSL,Yes,No,Credit card,No,0,Yes,No,2,0
CUST-11037,1,Month-to-month,21.2,40.81,DSL,No,No,Credit card,Yes,0,Yes,Yes,2,0
CUST-11038,31,Month-to-month,33.0,1051.54,No,No,No,Electronic check,Yes,0,Yes,No,0,0
CUST-11039,60,One year,105.72,6047.97,Fiber optic,No,Yes,Credit card,No,0,Yes,No,1,0
CUST-11040,51,Month-to-month,43.01,2184.03,No,No,No,Mailed check,Yes,0,Yes,No,3,0
CUST-11041,62,Two year,78.99,4747.06,No,Yes,No,Bank transfer,No,0,Yes,No,3,0
CUST-11042,30,One year,39.91,1167.66,No,Yes,No,Electronic check,No,1,No,Yes,1,0
CUST-11043,27,Month-to-month,87.79,2352.49,Fiber optic,No,Yes,Mailed check,No,0,Yes,No,1,0
CUST-11044,51,One year,34.22,1677.15,DSL,No,No,Bank transfer,No,0,Yes,No,3,0
CUST-11045,11,Two year,66.18,740.0,DSL,No,No,Mailed check,Yes,1,Yes,Yes,3,0
CUST-11046,17,Month-to-month,66.59,1169.99,DSL,No,No,Bank transfer,Yes,1,Yes,No,2,1
CUST-11047,43,One year,120.0,5033.26,Fiber optic,Yes,Yes,Electronic check,No,0,No,No,1,0
CUST-11048,48,Two year,83.91,4084.81,DSL,No,No,Electronic check,Yes,0,Yes,No,1,1
CUST-11049,8,Month-to-month,47.21,382.77,DSL,Yes,No,Bank transfer,No,0,No,No,1,1
CUST-11050,37,Two year,85.55,3175.92,Fiber optic,Yes,No,Mailed check,Yes,0,Yes,No,0,0
CUST-11051,26,Month-to-month,120.0,2966.98,DSL,No,No,Bank transfer,Yes,0,Yes,Yes,5,0
CUST-11052,36,One year,18.0,650.1,DSL,No,No,Mailed check,Yes,0,No,No,2,0
CUST-11053,69,One year,39.73,2745.01,DSL,Yes,Yes,Electronic check,No,0,Yes,Yes,1,0
CUST-11054,5,One year,57.89,339.84,Fiber optic,No,Yes,Bank transfer,Yes,0,No,No,2,0
CUST-11055,72,Month-to-month,52.49,3676.14,DSL,Yes,Yes,Electronic check,Yes,1,Yes,No,4,0
CUST-11056,32,One year,55.02,1656.37,DSL,No,No,Credit card,Yes,0,Yes,Yes,3,0
CUST-11057,56,Month-to-month,25.87,1468.75,DSL,No,Yes,Electronic check,Yes,0,Yes,No,1,0
CUST-11058,30,Month-to-month,107.12,3097.02,Fiber optic,Yes,No,Credit card,Yes,0,Yes,No,3,0
CUST-11059,22,Month-to-month,22.32,463.47,DSL,No,No,Mailed check,No,0,No,No,1,1
CUST-11060,56,One year,58.99,3026.82,DSL,No,No,Credit card,Yes,0,Yes,No,2,0
CUST-11061,50,Month-to-month,96.37,4786.41,No,Yes,No,Electronic check,Yes,0,Yes,No,1,0
CUST-11062,10,Month-to-month,64.09,693.22,No,Yes,No,Mailed check,Yes,1,Yes,Yes,2,1
CUST-11063,51,Two year,35.62,1815.76,DSL,No,Yes,Mailed check,Yes,1,No,No,0,0
CUST-11064,54,Month-to-month,24.54,1290.18,DSL,Yes,No,Electronic check,No,1,No,No,2,0
CUST-11065,28,Month-to-month,58.1,1622.88,DSL,Yes,No,Mailed check,No,0,No,Yes,2,0
CUST-11066,67,Month-to-month,42.29,2848.92,Fiber optic,Yes,No,Electronic check,No,0,No,No,0,0
CUST-11067,46,Month-to-month,71.16,3232.02,DSL,No,Yes,Mailed check,No,0,No,No,2,0
CUST-11068,24,One year,22.96,536.76,No,Yes,Yes,Mailed check,Yes,0,Yes,Yes,4,0
CUST-11069,0,Month-to-month,89.39,88.95,No,No,No,Electronic check,No,0,No,No,1,0
CUST-11070,49,Month-to-month,68.47,3411.72,Fiber optic,Yes,No,Credit card,Yes,0,Yes,No,0,1
CUST-11071,15,Two year,70.7,1089.11,DSL,Yes,No,Bank transfer,No,0,No,No,1,0
CUST-11072,55,Two year,108.23,5797.9,No,No,No,Credit card,No,1,No,No,4,0
CUST-11073,38,One year,51.87,2010.16,Fiber optic,Yes,No,Credit card,Yes,0,No,Yes,0,1
CUST-11074,34,Two year,43.23,1479.47,Fiber optic,No,No,Mailed check,Yes,1,No,Yes,1,0
CUST-11075,11,Two year,48.57,531.48,DSL,No,No,Mailed check,Yes,0,Yes,No,0,0
CUST-11076,51,Month-to-month,59.22,3066.56,Fiber optic,No,No,Credit card,Yes,0,Yes,No,1,0
CUST-11077,12,One year,62.27,787.2,No,Yes,Yes,Mailed check,Yes,0,No,No,0,0
CUST-11078,30,One year,40.08,1210.05,No,No,Yes,Electronic check,No,0,No,No,5,0
CUST-11079,61,Month-to-month,18.0,1049.14,Fiber optic,Yes,No,Bank transfer,Yes,1,Yes,No,1,0
CUST-11080,67,Month-to-month,48.17,2950.77,Fiber optic,No,Yes,Credit card,Yes,0,Yes,No,0,0
CUST-11081,72,Month-to-month,75.79,5129.74,Fiber optic,Yes,No,Electronic check,Yes,0,Yes,Yes,1,0
CUST-11082,69,One year,69.09,4512.81,Fiber optic,Yes,Yes,Bank transfer,Yes,0,No,No,3,0
CUST-11083,40,One year,100.99,3915.3,No,No,No,Mailed check,Yes,0,No,Yes,1,1
CUST-11084,14,One year,120.0,1746.24,Fiber optic,Yes,Yes,Mailed check,Yes,0,Yes,Yes,2,1
CUST-11085,61,Month-to-month,87.78,5143.36,DSL,No,No,Mailed check,Yes,0,No,Yes,2,0
CUST-11086,58,Month-to-month,106.48,5887.87,DSL,No,No,Electronic check,Yes,0,No,No,3,1
CUST-11087,72,Month-to-month,88.0,5940.99,Fiber optic,No,Yes,Mailed check,Yes,0,Yes,No,2,0
CUST-11088,47,Month-to-month,116.3,5453.17,No,No,No,Mailed check,Yes,0,No,Yes,0,1
CUST-11089,10,Two year,120.0,1291.95,DSL,No,No,Credit card,No,0,No,No,2,0
CUST-11090,36,Two year,93.53,3240.24,Fiber optic,No,No,Electronic check,No,0,Yes,No,4,0
CUST-11091,32,Two year,86.19,2621.72,No,Yes,No,Credit card,Yes,0,Yes,No,2,0
CUST-11092,61,Two year,58.84,3363.55,Fiber optic,No,No,Electronic check,No,0,No,Yes,1,1
CUST-11093,28,Two year,63.76,1786.69,DSL,Yes,No,Mailed check,No,0,No,No,2,0
CUST-11094,23,Month-to-month,54.86,1286.7,Fiber optic,Yes,No,Mailed check,Yes,0,No,No,1,1
CUST-11095,5,Month-to-month,83.64,491.05,Fiber optic,Yes,No,Mailed check,Yes,0,No,No,0,0
CUST-11096,60,Month-to-month,43.39,2612.56,DSL,Yes,No,Credit card,Yes,0,No,No,0,1
CUST-11097,55,Month-to-month,59.27,3237.63,Fiber optic,Yes,No,Credit card,Yes,0,Yes,Yes,1,0
CUST-11098,3,Month-to-month,18.0,68.3,Fiber optic,Yes,No,Bank transfer,No,0,Yes,No,3,0
CUST-11099,31,Month-to-month,116.69,3460.51,Fiber optic,No,No,Bank transfer,No,1,Yes,No,2,0
CUST-11100,35,Two year,58.39,1970.41,Fiber optic,No,No,Bank transfer,Yes,1,No,No,1,0
CUST-11101,34,Month-to-month,78.67,2556.23,DSL,No,Yes,Credit card,Yes,0,No,Yes,0,0
CUST-11102,67,Two year,108.73,6727.84,DSL,Yes,No,Credit card,No,0,No,No,1,0
CUST-11103,10,One year,74.01,744.41,DSL,Yes,No,Credit card,Yes,0,Yes,No,1,1
CUST-11104,22,One year,108.33,2245.59,DSL,No,Yes,Electronic check,Yes,0,No,No,0,0
CUST-11105,13,One year,27.75,357.29,Fiber optic,Yes,No,Mailed check,Yes,0,No,No,1,0
CUST-11106,17,Month-to-month,120.0,2124.41,DSL,Yes,No,Mailed check,No,1,No,No,1,1
CUST-11107,66,One year,97.61,6237.16,Fiber optic,No,Yes,Electronic check,No,0,Yes,No,3,0
CUST-11108,68,Month-to-month,71.28,4618.03,DSL,No,No,Credit card,No,0,Yes,No,1,0
CUST-11109,3,Two year,107.75,398.13,DSL,Yes,Yes,Electronic check,No,0,Yes,Yes,3,0
CUST-11110,46,Month-to-month,29.94,1349.47,DSL,No,No,Credit card,Yes,0,Yes,Yes,5,1
CUST-11111,16,Month-to-month,56.34,955.23,Fiber optic,No,Yes,Credit card,Yes,1,No,Yes,2,0
CUST-11112,14,One year,108.33,1519.0,Fiber optic,No,No,Bank transfer,No,0,No,Yes,2,1
CUST-11113,21,One year,18.0,389.96,No,Yes,Yes,Mailed check,No,0,Yes,No,2,0
CUST-11114,14,Month-to-month,81.81,1219.69,DSL,No,No,Mailed check,Yes,0,Yes,Yes,2,0
CUST-11115,35,One year,80.97,2852.81,Fiber optic,No,No,Bank transfer,Yes,0,Yes,No,3,1
CUST-11116,72,Month-to-month,120.0,8402.1,Fiber optic,Yes,Yes,Bank transfer,No,0,No,No,2,0
CUST-11117,42,One year,18.0,719.98,DSL,No,No,Bank transfer,Yes,0,No,No,2,0
CUST-11118,52,Month-to-month,113.29,5423.98,DSL,No,No,Bank transfer,Yes,0,Yes,Yes,1,1
CUST-11119,36,Month-to-month,48.22,1737.14,DSL,Yes,No,Credit card,Yes,0,Yes,No,3,0
CUST-11120,1,Month-to-month,51.59,102.73,DSL,No,No,Credit card,Yes,0,Yes,Yes,1,1
CUST-11121,6,Month-to-month,28.34,192.21,No,No,No,Credit card,No,1,Yes,No,0,0
CUST-11122,19,Month-to-month,32.36,584.82,Fiber optic,No,No,Mailed check,No,0,Yes,No,2,0
CUST-11123,17,Month-to-month,77.11,1268.54,Fiber optic,Yes,No,Electronic check,Yes,0,No,Yes,1,0
CUST-11124,61,Month-to-month,31.63,1842.01,Fiber optic,No,Yes,Mailed check,Yes,1,Yes,Yes,3,0
CUST-11125,61,Month-to-month,87.21,5401.23,Fiber optic,Yes,Yes,Mailed check,Yes,0,No,No,3,0
CUST-11126,62,Month-to-month,45.11,2581.86,Fiber optic,No,Yes,Mailed check,Yes,1,No,No,3,1
CUST-11127,46,Month-to-month,28.61,1252.95,DSL,No,Yes,Bank transfer,Yes,0,No,No,4,1
CUST-11128,40,One year,49.17,1925.63,Fiber optic,No,No,Credit card,Yes,1,Yes,Yes,2,0
CUST-11129,47,Two year,75.1,3284.68,DSL,No,Yes,Credit card,No,0,No,Yes,1,0
CUST-11130,29,Month-to-month,56.68,1550.36,DSL,Yes,No,Bank transfer,No,1,No,No,2,0
CUST-11131,48,Two year,66.03,2934.15,DSL,Yes,Yes,Bank transfer,Yes,0,No,No,3,0
CUST-11132,57,Month-to-month,85.89,4733.92,Fiber optic,No,Yes,Mailed check,No,0,No,No,1,0
CUST-11133,55,Month-to-month,97.47,5068.88,Fiber optic,Yes,No,Bank transfer,No,1,Yes,No,0,1
CUST-11134,44,One year,55.7,2265.75,Fiber optic,No,Yes,Mailed check,Yes,0,Yes,No,1,0
CUST-11135,4,One year,33.67,159.96,DSL,No,No,Credit card,No,0,No,No,1,0
CUST-11136,52,Two year,67.28,3469.72,No,No,No,Credit card,Yes,0,No,No,2,0
CUST-11137,26,Month-to-month,79.12,2065.5,DSL,Yes,No,Mailed check,Yes,0,Yes,Yes,3,0
CUST-11138,54,One year,21.18,1128.12,No,No,No,Bank transfer,Yes,0,No,Yes,1,0
CUST-11139,39,Month-to-month,38.28,1462.39,Fiber optic,Yes,No,Electronic check,Yes,0,No,Yes,1,1
CUST-11140,64,Month-to-month,43.42,2760.56,Fiber optic,No,Yes,Mailed check,No,0,No,Yes,0,0
CUST-11141,24,Month-to-month,58.77,1331.49,Fiber optic,No,No,Credit card,No,0,No,No,1,0
CUST-11142,67,Two year,42.17,2635.49,Fiber optic,No,Yes,Bank transfer,Yes,1,No,No,2,0
CUST-11143,61,Month-to-month,86.21,5186.44,Fiber optic,No,No,Bank transfer,Yes,0,No,No,2,1
CUST-11144,24,Two year,18.0,420.11,DSL,Yes,No,Electronic check,No,0,No,No,1,0
CUST-11145,35,One year,18.0,598.68,Fiber optic,No,No,Credit card,No,0,Yes,No,3,0
CUST-11146,38,One year,54.98,1935.6,DSL,No,No,Credit card,No,1,No,No,1,0
CUST-11147,56,One year,59.73,3359.83,Fiber optic,Yes,No,Mailed check,Yes,0,Yes,No,1,1
CUST-11148,50,Two year,21.36,1071.71,Fiber optic,No,No,Credit card,Yes,0,No,Yes,0,0
CUST-11149,62,Month-to-month,46.8,2671.39,No,No,No,Bank transfer,Yes,0,Yes,No,0,1
CUST-11150,27,Month-to-month,52.97,1379.99,Fiber optic,No,Yes,Mailed check,No,0,No,No,2,0
CUST-11151,36,One year,53.2,1813.79,DSL,No,Yes,Mailed check,No,0,No,Yes,0,0
CUST-11152,31,Month-to-month,69.56,2049.36,Fiber optic,Yes,No,Bank transfer,No,0,Yes,No,0,0
CUST-11153,66,Month-to-month,45.15,2800.62,DSL,No,No,Mailed check,Yes,0,Yes,Yes,1,0
CUST-11154,22,Month-to-month,109.34,2338.04,Fiber optic,Yes,Yes,Bank transfer,No,0,Yes,No,1,0
CUST-11155,42,Month-to-month,79.65,3324.44,Fiber optic,No,No,Electronic check,No,0,Yes,Yes,4,0
CUST-11156,8,Month-to-month,40.79,366.0,Fiber optic,Yes,Yes,Mailed check,No,0,No,No,0,0
CUST-11157,62,Month-to-month,67.84,3865.95,DSL,No,No,Bank transfer,No,0,No,No,1,0
CUST-11158,28,Two year,68.72,1857.94,DSL,Yes,Yes,Credit card,Yes,0,No,Yes,1,0
CUST-11159,24,Month-to-month,101.44,2451.66,Fiber optic,Yes,Yes,Mailed check,Yes,0,Yes,Yes,3,1
CUST-11160,42,Two year,46.99,1880.33,DSL,Yes,Yes,Bank transfer,Yes,0,No,No,2,0
CUST-11161,36,Two year,88.02,2993.31,DSL,No,Yes,Mailed check,Yes,0,Yes,No,0,0
CUST-11162,61,Month-to-month,66.26,3766.25,Fiber optic,Yes,No,Credit card,Yes,0,Yes,No,2,0
CUST-11163,38,One year,109.75,4108.16,Fiber optic,Yes,No,Mailed check,No,1,No,No,1,0
CUST-11164,37,One year,103.73,3607.11,DSL,Yes,Yes,Bank transfer,Yes,0,No,Yes,2,0
CUST-11165,7,One year,70.91,516.03,Fiber optic,Yes,No,Mailed check,Yes,0,Yes,Yes,1,1
CUST-11166,1,Month-to-month,57.13,111.4,No,No,No,Mailed check,Yes,0,No,No,2,1
CUST-11167,29,Month-to-month,80.2,2248.11,Fiber optic,No,No,Bank transfer,No,1,Yes,Yes,1,1
CUST-11168,72,Month-to-month,59.59,4304.19,DSL,Yes,Yes,Bank transfer,No,0,No,No,0,0
CUST-11169,66,One year,115.41,7343.06,DSL,Yes,Yes,Bank transfer,Yes,0,Yes,No,2,0
CUST-11170,45,Two year,67.35,2829.12,DSL,Yes,No,Credit card,No,0,No,No,4,0
CUST-11171,46,One year,52.83,2282.57,Fiber optic,Yes,No,Bank transfer,No,0,No,Yes,1,0
CUST-11172,28,One year,51.21,1467.49,Fiber optic,Yes,No,Credit card,No,1,No,No,1,1
CUST-11173,12,Two year,28.61,339.41,DSL,Yes,No,Mailed check,No,1,No,No,2,0
CUST-11174,0,One year,81.7,76.11,DSL,Yes,Yes,Bank transfer,No,1,Yes,Yes,1,0
CUST-11175,24,Month-to-month,40.4,939.65,DSL,Yes,Yes,Mailed check,No,1,Yes,Yes,3,0
CUST-11176,23,Two year,97.94,2347.67,DSL,No,Yes,Bank transfer,Yes,1,Yes,No,0,1
CUST-11177,13,Month-to-month,26.21,366.0,No,Yes,No,Electronic check,No,0,No,No,1,1
CUST-11178,18,Month-to-month,68.82,1267.32,DSL,No,Yes,Credit card,Yes,1,Yes,Yes,1,1
CUST-11179,1,Month-to-month,99.51,183.81,DSL,No,Yes,Bank transfer,Yes,0,Yes,No,1,1
CUST-11180,44,Two year,18.0,743.52,Fiber optic,No,Yes,Bank transfer,No,0,No,No,0,0
CUST-11181,67,Month-to-month,120.0,7393.04,DSL,Yes,Yes,Credit card,No,0,No,Yes,2,1
CUST-11182,50,Month-to-month,52.24,2414.15,DSL,No,No,Mailed check,No,0,Yes,Yes,2,1
CUST-11183,32,Month-to-month,69.23,2271.07,Fiber optic,No,No,Mailed check,No,0,Yes,No,1,0
CUST-11184,30,Month-to-month,82.14,2445.38,DSL,No,No,Bank transfer,No,0,No,No,0,1
CUST-11185,22,Month-to-month,86.78,1835.93,DSL,No,No,Credit card,Yes,0,No,No,0,1
CUST-11186,10,One year,73.22,787.81,Fiber optic,Yes,No,Mailed check,No,0,Yes,Yes,1,0
CUST-11187,43,Two year,94.92,3790.75,Fiber optic,No,No,Electronic check,Yes,0,No,No,0,1
CUST-11188,41,Month-to-month,80.57,3222.32,DSL,No,Yes,Electronic check,Yes,0,Yes,No,0,0
CUST-11189,0,Month-to-month,117.83,108.35,No,Yes,Yes,Bank transfer,Yes,0,No,No,3,1
CUST-11190,30,Month-to-month,80.67,2362.88,DSL,Yes,No,Electronic check,Yes,0,Yes,Yes,5,1
CUST-11191,20,Month-to-month,120.0,2325.73,No,No,No,Bank transfer,No,0,Yes,Yes,3,1
CUST-11192,12,One year,92.03,1093.08,No,Yes,No,Credit card,No,0,No,No,1,0
CUST-11193,51,One year,18.0,929.15,Fiber optic,No,Yes,Bank transfer,Yes,0,No,Yes,1,0
CUST-11194,38,One year,120.0,4642.53,DSL,No,Yes,Electronic check,No,0,No,No,1,0
CUST-11195,46,Month-to-month,47.77,2131.42,No,No,Yes,Bank transfer,No,0,Yes,No,2,0
CUST-11196,52,One year,109.87,5698.61,Fiber optic,Yes,No,Mailed check,No,0,Yes,No,2,0
CUST-11197,71,Month-to-month,65.8,4359.42,DSL,No,No,Electronic check,Yes,1,No,No,1,1
CUST-11198,58,Month-to-month,96.83,5368.46,Fiber optic,No,Yes,Electronic check,No,0,No,No,0,1
CUST-11199,45,Two year,44.35,1882.1,Fiber optic,No,Yes,Bank transfer,No,1,No,No,2,0
CUST-11200,64,One year,83.77,4946.16,No,Yes,Yes,Bank transfer,Yes,0,No,Yes,0,0
CUST-11201,34,Two year,57.4,1893.26,Fiber optic,Yes,Yes,Mailed check,Yes,0,No,No,0,0
CUST-11202,71,Two year,112.37,7884.25,No,Yes,No,Credit card,Yes,0,No,Yes,2,0
CUST-11203,55,One year,78.16,4265.26,Fiber optic,Yes,Yes,Bank transfer,Yes,1,No,No,0,0
CUST-11204,47,Two year,93.08,4219.15,Fiber optic,No,No,Credit card,Yes,0,Yes,No,3,1
CUST-11205,65,Month-to-month,18.0,1122.22,Fiber optic,Yes,No,Electronic check,No,0,No,No,1,1
CUST-11206,37,Month-to-month,62.43,2278.13,No,Yes,No,Mailed check,Yes,0,Yes,No,2,0
CUST-11207,52,Month-to-month,77.32,4070.55,No,No,No,Electronic check,No,0,No,Yes,0,1
CUST-11208,20,Month-to-month,71.71,1377.92,No,Yes,No,Mailed check,Yes,0,Yes,No,1,0
CUST-11209,70,Month-to-month,93.83,6265.49,Fiber optic,Yes,No,Credit card,Yes,0,Yes,Yes,0,0
CUST-11210,45,Month-to-month,54.02,2461.48,Fiber optic,No,Yes,Mailed check,No,1,No,No,0,1
CUST-11211,57,One year,66.46,3680.72,DSL,Yes,Yes,Mailed check,No,0,Yes,Yes,0,0
CUST-11212,33,One year,100.44,3344.24,No,No,Yes,Electronic check,No,0,No,Yes,0,0
CUST-11213,63,One year,18.0,1090.1,DSL,No,No,Mailed check,No,0,No,Yes,0,0
CUST-11214,5,Month-to-month,82.68,492.16,DSL,Yes,No,Electronic check,No,0,No,No,3,1
CUST-11215,8,One year,54.98,489.39,Fiber optic,No,Yes,Electronic check,No,0,No,No,3,0
CUST-11216,37,Month-to-month,37.63,1350.71,Fiber optic,No,No,Electronic check,No,0,Yes,No,0,0
CUST-11217,53,Month-to-month,75.1,3651.89,Fiber optic,Yes,No,Bank transfer,Yes,0,No,Yes,1,0
CUST-11218,59,Month-to-month,101.82,5844.16,DSL,No,No,Bank transfer,Yes,0,No,No,0,0
CUST-11219,32,Month-to-month,96.17,2920.97,DSL,No,No,Bank transfer,No,1,No,No,1,1
CUST-11220,47,Month-to-month,60.95,2703.42,DSL,No,Yes,Electronic check,Yes,0,No,Yes,0,0
CUST-11221,40,Two year,91.27,3528.67,DSL,No,No,Credit card,Yes,0,No,No,2,1
CUST-11222,70,One year,91.04,6108.32,DSL,Yes,Yes,Bank transfer,Yes,0,Yes,No,2,0
CUST-11223,47,One year,62.38,2952.52,Fiber optic,No,No,Bank transfer,No,0,Yes,No,0,0
CUST-11224,30,Month-to-month,44.21,1237.75,DSL,Yes,Yes,Credit card,Yes,0,No,Yes,1,0
CUST-11225,70,Two year,45.94,3031.81,Fiber optic,No,Yes,Mailed check,No,1,Yes,No,2,0
CUST-11226,7,One year,90.14,694.61,DSL,No,No,Bank transfer,No,1,No,No,1,1
CUST-11227,71,Month-to-month,63.74,4415.8,Fiber optic,Yes,No,Electronic check,No,0,No,No,2,1
CUST-11228,11,One year,33.61,375.8,No,Yes,Yes,Mailed check,Yes,0,No,No,3,0
CUST-11229,21,Month-to-month,18.0,363.45,DSL,No,No,Mailed check,No,1,Yes,Yes,0,0
CUST-11230,59,Month-to-month,89.95,5006.81,DSL,Yes,Yes,Electronic check,No,0,Yes,No,0,0
CUST-11231,53,Month-to-month,48.6,2596.14,Fiber optic,Yes,No,Bank transfer,Yes,0,Yes,No,2,0
CUST-11232,70,Month-to-month,74.91,4926.56,DSL,Yes,Yes,Electronic check,No,1,Yes,Yes,0,0
CUST-11233,54,Month-to-month,102.19,5334.79,No,No,Yes,Credit card,Yes,0,No,Yes,0,0
CUST-11234,46,Month-to-month,25.73,1202.33,No,Yes,No,Electronic check,No,0,No,No,1,0
CUST-11235,25,Month-to-month,63.65,1509.01,Fiber optic,No,No,Electronic check,No,0,Yes,Yes,2,0
CUST-11236,0,Two year,59.88,59.11,No,No,No,Mailed check,Yes,0,No,No,1,0
CUST-11237,9,Month-to-month,76.39,744.3,Fiber optic,Yes,No,Mailed check,No,0,Yes,Yes,2,0
CUST-11238,21,Month-to-month,102.17,2132.08,Fiber optic,No,No,Bank transfer,Yes,0,No,No,1,1
CUST-11239,2,Month-to-month,25.12,74.98,DSL,Yes,No,Bank transfer,No,0,No,No,1,1
CUST-11240,37,Two year,82.09,2830.69,DSL,Yes,Yes,Bank transfer,No,0,Yes,No,1,0
CUST-11241,56,One year,95.95,5389.62,DSL,No,No,Bank transfer,Yes,0,Yes,No,3,1
CUST-11242,70,Two year,59.41,3879.68,Fiber optic,Yes,No,Credit card,No,0,Yes,Yes,4,0
CUST-11243,35,Month-to-month,60.88,2050.14,Fiber optic,No,No,Bank transfer,No,0,No,Yes,2,1
CUST-11244,63,Month-to-month,77.55,4527.61,DSL,No,No,Electronic check,Yes,0,No,Yes,0,0
CUST-11245,71,One year,75.34,5150.7,Fiber optic,Yes,No,Mailed check,No,0,No,No,5,0
CUST-11246,62,Month-to-month,82.47,4763.9,DSL,No,No,Bank transfer,Yes,1,No,Yes,0,1
CUST-11247,33,Two year,81.84,2575.29,DSL,No,Yes,Mailed check,Yes,0,No,No,1,0
CUST-11248,23,Two year,35.54,772.75,DSL,Yes,No,Credit card,Yes,0,Yes,No,0,0
CUST-11249,71,Month-to-month,94.71,6345.26,Fiber optic,No,No,Mailed check,Yes,0,No,No,4,1
CUST-11250,17,Two year,100.0,1649.49,Fiber optic,No,No,Mailed check,Yes,0,No,No,3,1
CUST-11251,30,One year,70.58,2119.13,Fiber optic,No,No,Mailed check,Yes,0,Yes,No,2,0
CUST-11252,5,Month-to-month,20.18,116.7,DSL,No,Yes,Bank transfer,No,0,No,No,2,0
CUST-11253,57,Month-to-month,61.56,3451.03,Fiber optic,No,No,Bank transfer,Yes,0,Yes,Yes,0,0
CUST-11254,47,Month-to-month,70.83,3289.69,No,Yes,No,Mailed check,No,0,Yes,Yes,2,0
CUST-11255,6,Two year,30.66,195.37,DSL,Yes,Yes,Electronic check,Yes,0,No,No,2,0
CUST-11256,16,Month-to-month,54.2,848.96,Fiber optic,No,Yes,Electronic check,Yes,0,No,Yes,1,0
CUST-11257,40,Month-to-month,22.72,907.07,DSL,No,No,Mailed check,No,0,No,No,1,0
CUST-11258,39,One year,83.22,3156.43,DSL,No,Yes,Credit card,Yes,1,No,No,2,0
CUST-11259,58,Month-to-month,69.98,3976.09,Fiber optic,Yes,No,Credit card,Yes,0,Yes,No,1,0
CUST-11260,19,Month-to-month,18.0,326.04,DSL,No,Yes,Bank transfer,No,0,Yes,Yes,0,1
CUST-11261,67,One year,75.54,4821.49,Fiber optic,Yes,Yes,Bank transfer,Yes,1,Yes,Yes,4,0
CUST-11262,32,Month-to-month,63.3,1971.5,No,Yes,Yes,Bank transfer,Yes,0,Yes,No,3,0
CUST-11263,60,Month-to-month,80.49,4758.84,DSL,No,No,Electronic check,No,0,Yes,Yes,2,1
CUST-11264,17,Month-to-month,53.25,950.07,DSL,Yes,No,Mailed check,Yes,1,Yes,Yes,1,0
CUST-11265,2,Month-to-month,40.96,117.65,No,No,No,Credit card,No,0,Yes,No,1,1
CUST-11266,4,Month-to-month,41.87,204.35,Fiber optic,No,No,Bank transfer,Yes,0,No,No,4,1
CUST-11267,27,One year,48.85,1319.04,No,No,No,Electronic check,Yes,0,Yes,No,2,0
CUST-11268,69,Two year,65.56,4547.85,DSL,No,Yes,Electronic check,Yes,1,Yes,No,1,0
CUST-11269,3,Month-to-month,69.44,272.5,Fiber optic,No,Yes,Credit card,Yes,0,No,No,0,1
CUST-11270,26,Two year,59.28,1480.09,No,No,No,Credit card,No,0,Yes,Yes,2,0
CUST-11271,7,One year,52.3,385.86,DSL,No,Yes,Electronic check,No,0,No,No,1,0
CUST-11272,68,One year,54.46,3724.63,No,No,No,Mailed check,No,0,Yes,No,1,0
CUST-11273,49,One year,120.0,5758.47,Fiber optic,Yes,No,Credit card,Yes,0,No,No,1,0
CUST-11274,55,One year,41.88,2216.2,No,Yes,No,Mailed check,No,0,Yes,No,1,0
CUST-11275,52,Two year,48.26,2481.08,DSL,No,No,Electronic check,No,0,Yes,Yes,1,1
CUST-11276,47,Month-to-month,120.0,5346.27,Fiber optic,Yes,No,Mailed check,Yes,0,No,No,1,1
CUST-11277,56,Month-to-month,77.63,4340.22,DSL,No,No,Mailed check,Yes,0,Yes,No,2,1
CUST-11278,0,Month-to-month,23.6,22.49,No,Yes,No,Mailed check,Yes,0,No,No,1,1
CUST-11279,63,Month-to-month,90.28,5703.37,DSL,No,No,Credit card,Yes,0,Yes,Yes,1,1
CUST-11280,54,One year,37.7,1999.62,DSL,Yes,No,Credit card,Yes,0,Yes,No,0,0
CUST-11281,53,Month-to-month,92.27,4613.98,No,No,Yes,Bank transfer,Yes,0,No,No,2,0
CUST-11282,28,Month-to-month,58.67,1695.55,DSL,Yes,No,Electronic check,No,0,Yes,No,4,1
CUST-11283,58,Month-to-month,51.81,2874.13,Fiber optic,Yes,No,Mailed check,Yes,1,No,Yes,3,0
CUST-11284,27,Month-to-month,113.27,3097.32,DSL,No,No,Electronic check,Yes,0,Yes,Yes,3,0
CUST-11285,3,One year,81.99,303.54,Fiber optic,Yes,Yes,Electronic check,No,0,Yes,No,1,1
CUST-11286,66,One year,94.19,5942.86,DSL,Yes,No,Mailed check,Yes,1,Yes,Yes,1,0
CUST-11287,17,Month-to-month,78.05,1368.13,Fiber optic,No,No,Electronic check,Yes,0,No,No,1,1
CUST-11288,7,Month-to-month,51.67,400.8,Fiber optic,No,No,Bank transfer,Yes,0,No,No,6,1
CUST-11289,45,Month-to-month,83.34,3810.25,DSL,Yes,Yes,Mailed check,No,0,No,No,0,1
CUST-11290,17,Month-to-month,101.28,1786.18,DSL,No,No,Bank transfer,Yes,1,Yes,No,0,1
CUST-11291,62,One year,69.04,4055.57,DSL,Yes,No,Bank transfer,No,0,Yes,No,0,0
CUST-11292,32,One year,119.05,3874.94,Fiber optic,Yes,No,Credit card,No,0,No,No,0,0
CUST-11293,0,Month-to-month,90.51,89.8,DSL,No,Yes,Mailed check,No,0,No,Yes,2,1
CUST-11294,69,Month-to-month,71.36,4972.27,DSL,Yes,Yes,Electronic check,No,0,Yes,No,5,0
CUST-11295,37,Two year,72.54,2729.08,DSL,No,Yes,Credit card,No,0,Yes,Yes,1,1
CUST-11296,19,One year,69.12,1340.29,Fiber optic,Yes,Yes,Mailed check,No,1,Yes,Yes,1,0
CUST-11297,49,Month-to-month,27.46,1344.97,Fiber optic,No,No,Credit card,Yes,1,No,No,2,1
CUST-11298,38,Month-to-month,62.3,2344.14,Fiber optic,No,No,Credit card,Yes,0,Yes,No,1,1
CUST-11299,2,Month-to-month,71.64,200.3,No,Yes,No,Credit card,Yes,1,No,No,1,0
CUST-11300,55,Two year,52.52,2887.03,Fiber optic,No,No,Bank transfer,Yes,0,Yes,No,2,0
CUST-11301,29,Month-to-month,75.13,2079.8,No,No,No,Bank transfer,Yes,1,Yes,No,3,1
CUST-11302,51,Month-to-month,65.64,3219.17,Fiber optic,Yes,Yes,Mailed check,No,1,No,No,0,0
CUST-11303,65,Two year,88.21,5439.66,DSL,No,No,Mailed check,Yes,1,Yes,Yes,1,1
CUST-11304,44,One year,84.89,3503.81,No,Yes,No,Credit card,Yes,0,Yes,No,2,0
CUST-11305,49,Month-to-month,70.01,3430.11,Fiber optic,Yes,No,Bank transfer,Yes,0,No,No,1,0
CUST-11306,18,Month-to-month,23.98,431.56,Fiber optic,Yes,No,Electronic check,No,0,Yes,No,1,1
CUST-11307,17,Month-to-month,118.72,2035.88,DSL,Yes,No,Mailed check,Yes,0,No,No,2,1
CUST-11308,30,One year,60.74,1789.18,DSL,No,No,Credit card,No,1,No,No,0,0
CUST-11309,62,Month-to-month,62.57,3819.46,Fiber optic,No,No,Electronic check,No,1,No,No,6,0
CUST-11310,38,Two year,54.72,1958.21,Fiber optic,No,No,Mailed check,Yes,1,Yes,Yes,3,0
CUST-11311,25,Two year,50.35,1243.75,Fiber optic,Yes,No,Credit card,No,0,Yes,No,2,0
CUST-11312,56,Month-to-month,111.32,5875.85,Fiber optic,Yes,Yes,Mailed check,No,0,No,No,4,0
CUST-11313,62,One year,106.58,6695.51,Fiber optic,Yes,No,Bank transfer,No,0,No,No,1,0
CUST-11314,65,Month-to-month,78.33,4683.91,DSL,Yes,No,Credit card,No,0,No,No,5,0
CUST-11315,21,Month-to-month,61.77,1349.21,DSL,No,No,Mailed check,Yes,0,Yes,No,2,0
CUST-11316,51,One year,83.57,3937.11,DSL,No,Yes,Credit card,No,0,No,Yes,1,0
CUST-11317,43,Month-to-month,67.21,2693.83,No,No,No,Mailed check,No,0,Yes,No,5,0
CUST-11318,32,Month-to-month,59.29,1938.23,Fiber optic,No,No,Mailed check,No,0,No,No,1,0
CUST-11319,28,Month-to-month,75.14,2102.32,No,Yes,Yes,Electronic check,No,0,Yes,Yes,5,0
CUST-11320,8,Month-to-month,51.77,434.45,Fiber optic,Yes,No,Mailed check,No,0,Yes,No,2,0
CUST-11321,20,Month-to-month,72.57,1461.24,Fiber optic,No,No,Bank transfer,Yes,0,No,Yes,1,0
CUST-11322,40,One year,71.13,2673.15,Fiber optic,No,Yes,Electronic check,Yes,0,Yes,Yes,1,0
CUST-11323,64,Two year,83.09,4895.8,No,Yes,Yes,Mailed check,Yes,0,No,No,1,0
CUST-11324,63,One year,46.43,2689.0,No,Yes,No,Bank transfer,No,0,Yes,No,1,0
CUST-11325,13,Two year,86.3,1120.0,Fiber optic,No,No,Credit card,Yes,0,Yes,No,0,0
CUST-11326,49,Month-to-month,37.81,1735.37,DSL,Yes,No,Bank transfer,No,0,Yes,No,1,0
CUST-11327,6,Two year,47.82,314.77,Fiber optic,No,No,Bank transfer,Yes,0,No,No,1,0
CUST-11328,49,Month-to-month,49.13,2426.2,DSL,Yes,No,Bank transfer,Yes,0,No,Yes,1,1
CUST-11329,24,Month-to-month,32.84,769.98,DSL,No,No,Mailed check,Yes,1,No,No,2,1
CUST-11330,32,Two year,95.47,2961.03,Fiber optic,Yes,Yes,Mailed check,Yes,0,Yes,No,0,0
CUST-11331,52,Month-to-month,35.93,1736.86,No,No,No,Bank transfer,No,0,Yes,No,2,1
CUST-11332,31,Month-to-month,44.03,1407.37,DSL,No,No,Electronic check,Yes,1,No,No,2,1
CUST-11333,58,Month-to-month,102.66,5539.22,DSL,Yes,Yes,Credit card,Yes,1,Yes,Yes,3,0
CUST-11334,38,Month-to-month,47.88,1743.76,No,No,No,Mailed check,Yes,0,No,No,2,1
CUST-11335,72,Month-to-month,59.36,4309.77,DSL,No,Yes,Credit card,Yes,0,Yes,Yes,3,0
CUST-11336,46,Month-to-month,34.64,1539.34,DSL,No,No,Electronic check,Yes,0,No,No,2,0
CUST-11337,21,Two year,89.99,1848.74,Fiber optic,No,No,Mailed check,Yes,1,Yes,No,1,1
CUST-11338,56,Month-to-month,90.4,5006.03,No,No,Yes,Mailed check,No,0,Yes,No,4,0
CUST-11339,29,Month-to-month,87.17,2362.23,Fiber optic,Yes,No,Mailed check,No,0,Yes,No,1,0
CUST-11340,38,Month-to-month,81.13,2949.29,Fiber optic,Yes,No,Bank transfer,No,1,Yes,No,1,1
CUST-11341,9,Two year,67.21,643.89,DSL,Yes,No,Bank transfer,Yes,0,No,No,0,0
CUST-11342,8,Month-to-month,49.27,443.03,DSL,No,No,Credit card,Yes,0,Yes,Yes,3,0
CUST-11343,41,Month-to-month,40.55,1697.57,Fiber optic,No,Yes,Credit card,Yes,1,Yes,No,0,0
CUST-11344,13,Month-to-month,103.7,1397.53,No,No,Yes,Electronic check,No,0,Yes,No,0,1
CUST-11345,72,One year,87.94,5996.0,DSL,Yes,Yes,Credit card,Yes,0,No,No,3,0
CUST-11346,62,One year,44.2,2659.31,DSL,No,Yes,Mailed check,Yes,0,No,Yes,2,0
CUST-11347,51,One year,66.19,3419.12,DSL,No,Yes,Mailed check,Yes,0,No,No,2,0
CUST-11348,53,One year,56.0,2923.35,DSL,Yes,No,Electronic check,Yes,0,Yes,No,0,0
CUST-11349,43,Month-to-month,31.15,1253.99,DSL,No,Yes,Bank transfer,Yes,0,Yes,No,3,0
CUST-11350,4,Month-to-month,70.33,350.65,DSL,Yes,No,Credit card,No,0,Yes,Yes,3,0
CUST-11351,28,Month-to-month,52.54,1508.76,Fiber optic,No,Yes,Mailed check,No,0,Yes,Yes,3,1
CUST-11352,36,Month-to-month,36.42,1242.0,DSL,No,Yes,Credit card,Yes,1,Yes,No,1,1
CUST-11353,66,Month-to-month,20.63,1334.78,Fiber optic,No,No,Electronic check,Yes,0,Yes,No,5,1
CUST-11354,16,Month-to-month,18.09,303.79,Fiber optic,Yes,No,Credit card,Yes,0,No,No,0,0
CUST-11355,36,Month-to-month,53.86,1837.48,No,Yes,No,Mailed check,Yes,1,No,No,1,0
CUST-11356,25,One year,62.45,1611.3,No,No,Yes,Mailed check,Yes,0,No,No,1,0
CUST-11357,9,Month-to-month,38.74,355.64,Fiber optic,No,No,Electronic check,Yes,0,Yes,No,2,1
CUST-11358,7,One year,84.52,632.69,DSL,Yes,Yes,Credit card,Yes,0,Yes,No,2,0
CUST-11359,26,One year,63.03,1692.13,Fiber optic,Yes,No,Bank transfer,Yes,0,No,Yes,2,0
CUST-11360,6,Month-to-month,82.31,573.1,DSL,No,No,Credit card,No,0,Yes,No,2,1
CUST-11361,4,Month-to-month,59.51,268.49,DSL,No,Yes,Mailed check,No,0,No,No,1,1
CUST-11362,25,One year,41.39,1061.76,DSL,Yes,No,Electronic check,Yes,1,Yes,Yes,1,0
CUST-11363,14,One year,68.42,994.87,No,Yes,No,Bank transfer,Yes,0,No,No,0,0
CUST-11364,40,Month-to-month,27.12,1097.66,DSL,No,Yes,Electronic check,No,0,No,No,0,0
CUST-11365,1,Month-to-month,81.18,153.62,Fiber optic,No,Yes,Bank transfer,Yes,0,No,No,2,1
CUST-11366,22,One year,36.89,846.9,Fiber optic,No,No,Electronic check,No,1,Yes,Yes,4,1
CUST-11367,33,One year,92.55,3067.48,Fiber optic,No,No,Electronic check,Yes,0,No,Yes,1,1
CUST-11368,70,Month-to-month,54.85,3800.64,DSL,Yes,Yes,Bank transfer,No,0,No,No,2,0
CUST-11369,46,Month-to-month,96.88,4292.42,No,No,Yes,Bank transfer,Yes,0,No,Yes,0,1
CUST-11370,64,Two year,31.32,1912.09,Fiber optic,Yes,No,Electronic check,Yes,0,Yes,Yes,1,0
CUST-11371,25,Month-to-month,44.67,1069.15,Fiber optic,No,Yes,Electronic check,No,0,No,No,1,1
CUST-11372,32,Two year,76.43,2284.66,Fiber optic,Yes,No,Credit card,No,0,Yes,No,1,1
CUST-11373,30,Month-to-month,100.11,3072.83,No,Yes,No,Electronic check,Yes,0,Yes,Yes,1,1
CUST-11374,64,Month-to-month,115.0,7169.04,Fiber optic,Yes,Yes,Electronic check,No,0,Yes,No,1,0
CUST-11375,70,Month-to-month,66.24,4495.22,Fiber optic,Yes,Yes,Credit card,No,1,No,No,2,0
CUST-11376,70,Month-to-month,120.0,7956.0,DSL,No,No,Bank transfer,Yes,0,No,No,1,1
CUST-11377,54,Two year,56.31,3016.43,DSL,No,No,Electronic check,Yes,0,No,Yes,2,0
CUST-11378,36,Month-to-month,97.96,3409.54,DSL,No,Yes,Credit card,Yes,0,No,No,3,0
CUST-11379,39,Two year,36.73,1441.19,DSL,No,Yes,Mailed check,No,0,No,No,1,0
CUST-11380,71,Month-to-month,77.61,5073.73,DSL,No,No,Bank transfer,Yes,0,Yes,No,2,0
CUST-11381,20,Two year,18.0,349.55,DSL,Yes,No,Bank transfer,Yes,0,No,Yes,1,1
CUST-11382,25,Two year,31.35,756.69,No,No,No,Mailed check,Yes,0,No,Yes,1,0
CUST-11383,65,One year,79.0,4704.76,Fiber optic,Yes,Yes,Mailed check,Yes,0,Yes,No,1,0
CUST-11384,28,Month-to-month,25.63,718.25,No,Yes,No,Bank transfer,Yes,0,No,Yes,2,0
CUST-11385,17,One year,77.81,1358.79,Fiber optic,Yes,No,Mailed check,Yes,0,No,No,1,0
CUST-11386,40,Month-to-month,92.19,3558.06,Fiber optic,Yes,Yes,Electronic check,Yes,1,No,No,1,1
CUST-11387,23,Two year,49.96,1174.51,DSL,No,No,Bank transfer,Yes,0,No,No,0,0
CUST-11388,65,Month-to-month,35.93,2360.41,Fiber optic,Yes,No,Bank transfer,Yes,1,Yes,No,1,0
CUST-11389,66,Month-to-month,50.77,3312.03,DSL,Yes,Yes,Bank transfer,Yes,1,No,No,0,0
CUST-11390,22,Month-to-month,36.03,801.61,Fiber optic,No,No,Bank transfer,Yes,0,No,Yes,3,1
CUST-11391,38,One year,61.96,2283.44,No,Yes,No,Bank transfer,No,0,Yes,No,1,0
CUST-11392,71,Two year,68.06,4681.51,No,No,No,Credit card,Yes,1,No,No,2,0
CUST-11393,54,Month-to-month,55.82,2851.54,DSL,Yes,Yes,Credit card,Yes,0,Yes,Yes,1,1
CUST-11394,15,One year,115.23,1704.32,Fiber optic,No,No,Credit card,Yes,0,Yes,No,2,0
CUST-11395,43,Two year,43.42,1724.44,DSL,No,No,Electronic check,No,0,Yes,No,1,0
CUST-11396,45,Month-to-month,106.74,4655.14,DSL,Yes,No,Electronic check,No,0,No,Yes,3,0
CUST-11397,47,Month-to-month,33.76,1494.91,DSL,No,Yes,Mailed check,No,0,Yes,No,0,0
CUST-11398,1,One year,67.18,127.2,DSL,No,Yes,Bank transfer,Yes,1,Yes,No,0,0
CUST-11399,21,One year,100.49,2169.3,Fiber optic,Yes,No,Electronic check,Yes,0,No,Yes,1,1
CUST-11400,62,Month-to-month,98.94,5838.74,Fiber optic,No,No,Electronic check,Yes,0,No,Yes,2,1
CUST-11401,17,Two year,52.39,879.07,DSL,No,Yes,Electronic check,Yes,0,Yes,Yes,2,0
CUST-11402,21,Month-to-month,81.65,1696.93,No,Yes,No,Bank transfer,No,0,Yes,No,3,0
CUST-11403,23,Two year,77.64,1769.35,Fiber optic,Yes,Yes,Credit card,Yes,0,No,No,3,0
CUST-11404,12,Two year,48.8,588.26,Fiber optic,Yes,No,Mailed check,No,0,Yes,No,3,0
CUST-11405,11,Two year,83.48,961.68,Fiber optic,No,No,Bank transfer,No,0,No,No,3,1
CUST-11406,25,Month-to-month,120.0,2817.05,Fiber optic,No,Yes,Electronic check,No,0,Yes,No,1,1
CUST-11407,63,Month-to-month,79.15,4805.29,Fiber optic,No,No,Electronic check,Yes,0,No,Yes,1,1
CUST-11408,0,Month-to-month,81.99,79.11,Fiber optic,No,No,Bank transfer,No,0,No,No,1,1
CUST-11409,20,Month-to-month,85.16,1692.91,No,Yes,No,Mailed check,Yes,0,No,No,2,1
CUST-11410,4,One year,21.17,105.62,DSL,No,No,Electronic check,Yes,0,Yes,Yes,4,1
CUST-11411,40,Month-to-month,78.81,2958.18,Fiber optic,No,No,Electronic check,Yes,0,No,Yes,2,0
CUST-11412,18,Month-to-month,34.5,619.65,DSL,No,No,Credit card,No,0,Yes,No,2,1
CUST-11413,57,Month-to-month,47.3,2549.11,No,Yes,Yes,Bank transfer,No,0,Yes,No,1,0
CUST-11414,42,Month-to-month,120.0,5110.06,DSL,Yes,No,Credit card,Yes,0,Yes,No,2,0
CUST-11415,57,Month-to-month,57.4,3056.07,DSL,Yes,Yes,Mailed check,No,0,Yes,No,0,0
CUST-11416,46,One year,42.79,1914.88,No,No,Yes,Credit card,Yes,0,No,Yes,0,0
CUST-11417,32,One year,99.58,3096.96,Fiber optic,No,No,Credit card,No,0,No,Yes,3,0
CUST-11418,62,Month-to-month,36.57,2284.84,DSL,Yes,No,Mailed check,Yes,0,No,No,2,0
CUST-11419,34,Two year,51.58,1725.43,DSL,Yes,Yes,Electronic check,Yes,0,Yes,No,0,0
CUST-11420,69,Two year,102.47,6789.62,Fiber optic,Yes,Yes,Credit card,Yes,1,No,No,2,0
CUST-11421,72,Month-to-month,66.28,4638.41,No,No,Yes,Mailed check,No,0,Yes,Yes,0,0
CUST-11422,42,One year,18.15,757.93,Fiber optic,No,Yes,Mailed check,No,0,No,Yes,2,0
CUST-11423,49,Month-to-month,81.32,3672.41,DSL,Yes,No,Credit card,Yes,0,No,No,3,0
CUST-11424,18,Month-to-month,53.11,933.08,Fiber optic,No,No,Mailed check,Yes,1,No,Yes,0,1
CUST-11425,59,Month-to-month,111.2,6162.08,Fiber optic,Yes,Yes,Credit card,Yes,0,No,Yes,3,0
CUST-11426,49,Month-to-month,46.81,2203.72,DSL,No,No,Electronic check,No,0,No,No,5,1
CUST-11427,65,Two year,96.54,6101.72,No,No,Yes,Mailed check,Yes,1,Yes,No,1,0
CUST-11428,19,Two year,118.27,2345.5,DSL,Yes,No,Mailed check,Yes,0,No,Yes,3,0
CUST-11429,57,Two year,39.47,2189.85,No,No,No,Mailed check,Yes,0,No,No,1,0
CUST-11430,34,One year,59.2,1902.4,Fiber optic,No,No,Electronic check,Yes,0,Yes,No,2,1
CUST-11431,13,One year,76.66,1022.35,DSL,No,Yes,Credit card,No,1,Yes,No,5,0
CUST-11432,12,Two year,39.28,481.46,Fiber optic,No,No,Bank transfer,Yes,0,No,Yes,2,1
CUST-11433,41,Month-to-month,73.11,2961.84,Fiber optic,No,No,Bank transfer,Yes,1,Yes,No,1,1
CUST-11434,23,Month-to-month,58.25,1347.23,Fiber optic,Yes,No,Bank transfer,Yes,0,No,No,2,0
CUST-11435,7,One year,57.65,445.53,Fiber optic,No,Yes,Bank transfer,Yes,1,Yes,No,1,1
CUST-11436,31,Month-to-month,66.47,2126.46,DSL,No,No,Bank transfer,Yes,0,No,No,1,1
CUST-11437,47,Month-to-month,67.14,2909.34,DSL,Yes,No,Bank transfer,Yes,0,Yes,No,1,0
CUST-11438,23,Month-to-month,69.92,1638.18,Fiber optic,No,No,Bank transfer,No,0,No,No,3,1
CUST-11439,69,One year,47.04,3245.0,DSL,No,No,Credit card,Yes,1,Yes,No,2,0
CUST-11440,56,Month-to-month,48.34,2547.39,DSL,Yes,No,Electronic check,Yes,0,Yes,Yes,1,0
CUST-11441,37,Month-to-month,61.44,2278.08,Fiber optic,No,No,Bank transfer,Yes,0,No,No,0,0
CUST-11442,68,Month-to-month,63.66,3999.4,DSL,Yes,Yes,Electronic check,Yes,0,No,No,3,0
CUST-11443,31,Month-to-month,51.83,1582.69,Fiber optic,No,Yes,Electronic check,Yes,0,Yes,No,2,1
CUST-11444,10,Two year,74.72,766.23,No,No,No,Credit card,No,0,No,No,0,0
CUST-11445,2,Month-to-month,18.0,49.83,No,Yes,Yes,Mailed check,Yes,0,Yes,No,3,0
CUST-11446,68,One year,43.09,2868.31,DSL,No,No,Bank transfer,No,0,Yes,No,1,0
CUST-11447,70,One year,56.6,3778.54,Fiber optic,Yes,No,Bank transfer,Yes,0,Yes,No,1,1
CUST-11448,53,Month-to-month,39.32,1946.21,No,No,No,Electronic check,Yes,0,No,No,1,0
CUST-11449,7,Two year,113.88,875.2,Fiber optic,No,Yes,Mailed check,Yes,1,Yes,No,0,0
CUST-11450,21,One year,65.57,1371.4,Fiber optic,Yes,No,Electronic check,No,0,Yes,No,1,0
CUST-11451,2,One year,70.3,190.7,Fiber optic,No,No,Mailed check,Yes,0,No,No,1,0
CUST-11452,3,Month-to-month,50.5,198.38,DSL,Yes,No,Electronic check,No,0,Yes,No,1,1
CUST-11453,17,Month-to-month,64.53,1160.0,DSL,No,No,Bank transfer,Yes,0,Yes,No,2,1
CUST-11454,41,Two year,28.54,1119.84,Fiber optic,No,Yes,Electronic check,No,0,Yes,Yes,0,0
CUST-11455,4,One year,59.91,299.17,DSL,No,No,Mailed check,Yes,1,No,No,2,1
CUST-11456,71,Two year,36.89,2654.97,No,Yes,Yes,Mailed check,Yes,0,No,No,0,0
CUST-11457,33,Two year,56.68,1823.9,Fiber optic,No,No,Credit card,No,0,Yes,No,1,0
CUST-11458,19,Month-to-month,18.0,357.14,DSL,No,Yes,Credit card,Yes,0,No,Yes,0,0
CUST-11459,37,One year,31.16,1158.3,Fiber optic,No,Yes,Mailed check,Yes,1,Yes,No,3,1
CUST-11460,57,Month-to-month,108.92,6212.8,Fiber optic,No,Yes,Mailed check,Yes,0,No,Yes,2,0
CUST-11461,22,One year,89.91,1886.47,DSL,No,Yes,Bank transfer,No,1,No,No,0,0
CUST-11462,3,Month-to-month,104.57,409.09,No,Yes,No,Bank transfer,No,0,Yes,No,2,1
CUST-11463,3,Month-to-month,106.63,393.96,Fiber optic,Yes,No,Bank transfer,Yes,0,No,No,1,1
CUST-11464,62,One year,85.19,5231.44,Fiber optic,No,Yes,Electronic check,Yes,1,No,No,2,1
CUST-11465,8,One year,51.41,427.34,No,Yes,Yes,Electronic check,Yes,0,No,No,0,0
CUST-11466,46,One year,33.88,1557.95,Fiber optic,No,No,Bank transfer,Yes,0,Yes,No,3,0
CUST-11467,28,Month-to-month,99.4,2851.98,Fiber optic,No,Yes,Mailed check,Yes,1,Yes,No,0,0
CUST-11468,56,Month-to-month,66.94,3625.47,DSL,No,No,Credit card,Yes,0,No,Yes,3,0
CUST-11469,4,Two year,120.0,565.99,DSL,No,Yes,Electronic check,Yes,0,Yes,Yes,0,0
CUST-11470,65,Month-to-month,54.05,3262.54,Fiber optic,No,No,Electronic check,Yes,1,Yes,Yes,5,1
CUST-11471,50,Month-to-month,120.0,5652.42,Fiber optic,No,No,Credit card,Yes,0,No,No,0,0
CUST-11472,32,One year,60.3,1988.35,Fiber optic,No,Yes,Credit card,Yes,1,No,No,2,0
CUST-11473,15,Month-to-month,105.08,1636.02,Fiber optic,Yes,No,Bank transfer,Yes,1,No,No,1,1
CUST-11474,71,One year,115.9,8152.11,Fiber optic,Yes,No,Electronic check,Yes,0,No,No,2,0
CUST-11475,22,Month-to-month,34.31,774.45,No,Yes,No,Electronic check,No,0,Yes,No,1,0
CUST-11476,35,Two year,50.45,1740.58,No,No,No,Credit card,Yes,0,Yes,No,1,0
CUST-11477,28,Two year,34.01,931.17,DSL,Yes,No,Mailed check,Yes,0,No,No,0,0
CUST-11478,16,Two year,28.1,446.56,No,No,No,Mailed check,No,0,Yes,Yes,2,0
CUST-11479,30,One year,85.01,2378.96,No,No,No,Credit card,Yes,0,Yes,No,1,0
CUST-11480,11,Month-to-month,59.1,695.71,DSL,Yes,Yes,Electronic check,Yes,1,Yes,Yes,3,0
CUST-11481,0,One year,66.57,65.67,DSL,No,No,Mailed check,No,1,No,Yes,1,0
CUST-11482,21,Two year,81.69,1679.1,DSL,Yes,No,Bank transfer,No,1,No,Yes,1,0
CUST-11483,8,One year,18.0,154.14,Fiber optic,No,Yes,Credit card,No,0,Yes,Yes,0,0
CUST-11484,30,One year,103.6,3076.08,Fiber optic,No,Yes,Mailed check,No,0,No,No,4,1
CUST-11485,62,One year,54.53,3317.72,Fiber optic,Yes,Yes,Electronic check,No,0,Yes,No,2,0
CUST-11486,11,One year,80.97,937.62,Fiber optic,Yes,No,Electronic check,Yes,0,No,No,1,1
CUST-11487,0,One year,83.62,76.9,DSL,No,Yes,Electronic check,Yes,1,Yes,No,1,0
CUST-11488,8,Month-to-month,106.12,925.15,Fiber optic,Yes,Yes,Mailed check,Yes,1,No,No,0,1
CUST-11489,37,Month-to-month,61.85,2292.14,No,No,Yes,Bank transfer,Yes,1,No,No,1,0
CUST-11490,20,One year,18.0,340.85,No,No,No,Mailed check,No,0,No,No,0,0
CUST-11491,35,Month-to-month,66.71,2309.79,Fiber optic,Yes,Yes,Electronic check,Yes,0,No,Yes,1,0
CUST-11492,2,Two year,71.02,200.63,DSL,Yes,Yes,Bank transfer,No,0,Yes,No,1,0
CUST-11493,24,One year,33.97,839.49,DSL,Yes,Yes,Credit card,Yes,0,No,No,4,0
CUST-11494,29,Month-to-month,69.42,2070.88,DSL,No,No,Electronic check,Yes,0,Yes,No,1,1
CUST-11495,31,Two year,54.17,1661.29,Fiber optic,No,Yes,Bank transfer,No,0,No,No,2,0
CUST-11496,40,One year,24.72,952.67,DSL,Yes,No,Bank transfer,Yes,0,No,Yes,0,0
CUST-11497,56,One year,85.14,4822.93,No,No,Yes,Bank transfer,Yes,0,Yes,No,1,0
CUST-11498,34,Month-to-month,48.09,1560.25,Fiber optic,No,Yes,Electronic check,Yes,1,No,Yes,3,1
CUST-11499,61,Two year,52.81,3108.07,Fiber optic,No,No,Bank transfer,Yes,0,Yes,No,1,0
CUST-11500,38,Month-to-month,51.12,1864.71,DSL,Yes,No,Bank transfer,Yes,0,Yes,Yes,5,0
CUST-11501,19,One year,102.06,1868.44,Fiber optic,Yes,No,Bank transfer,No,1,No,No,4,0
CUST-11502,16,Month-to-month,63.77,1072.63,Fiber optic,Yes,Yes,Credit card,No,1,No,No,2,0
CUST-11503,23,One year,67.37,1495.69,Fiber optic,No,No,Bank transfer,No,0,Yes,No,0,0
CUST-11504,43,One year,51.78,2231.69,DSL,No,No,Credit card,No,0,No,No,1,0
CUST-11505,17,One year,78.89,1384.97,No,Yes,No,Bank transfer,No,0,Yes,No,4,0
CUST-11506,66,Month-to-month,105.48,6831.71,DSL,Yes,No,Mailed check,Yes,0,No,Yes,4,0
CUST-11507,35,Two year,84.44,2768.99,DSL,No,No,Credit card,No,0,Yes,No,1,0
CUST-11508,63,One year,85.61,5150.65,No,Yes,No,Bank transfer,No,0,No,Yes,1,0
CUST-11509,49,Month-to-month,83.19,4129.08,DSL,No,Yes,Bank transfer,Yes,0,Yes,No,0,1
CUST-11510,24,Two year,23.59,552.35,DSL,No,No,Bank transfer,Yes,0,No,No,4,0
CUST-11511,16,One year,38.72,593.75,Fiber optic,Yes,No,Mailed check,No,0,Yes,No,1,0
CUST-11512,54,Two year,58.85,3147.92,Fiber optic,No,No,Bank transfer,No,0,Yes,Yes,0,0
CUST-11513,24,Two year,43.22,1046.74,DSL,Yes,Yes,Mailed check,No,0,No,Yes,1,0
CUST-11514,18,Two year,33.06,601.77,DSL,No,Yes,Electronic check,Yes,0,No,No,2,0
CUST-11515,67,One year,18.0,1146.01,DSL,Yes,Yes,Mailed check,No,0,No,Yes,0,0
CUST-11516,35,One year,24.6,825.63,Fiber optic,No,No,Credit card,Yes,0,Yes,No,3,0
CUST-11517,3,Month-to-month,57.3,211.54,DSL,No,No,Mailed check,No,0,Yes,No,1,0
CUST-11518,36,Month-to-month,62.92,2233.0,Fiber optic,Yes,Yes,Bank transfer,No,0,Yes,No,0,0
CUST-11519,33,One year,41.21,1400.6,No,No,Yes,Mailed check,No,0,Yes,No,1,0
CUST-11520,63,Month-to-month,67.37,4218.3,DSL,No,Yes,Mailed check,No,0,Yes,Yes,1,0
CUST-11521,51,Two year,51.98,2609.66,DSL,No,No,Mailed check,Yes,0,No,No,3,0
CUST-11522,13,Month-to-month,97.72,1309.18,DSL,Yes,No,Credit card,No,0,No,Yes,1,0
CUST-11523,10,Month-to-month,60.15,642.15,DSL,Yes,Yes,Electronic check,No,1,No,Yes,2,0
CUST-11524,44,Month-to-month,85.89,3672.54,DSL,Yes,No,Bank transfer,Yes,0,No,No,1,0
CUST-11525,3,Month-to-month,71.1,280.06,Fiber optic,No,No,Credit card,Yes,0,No,No,3,1
CUST-11526,23,Month-to-month,22.94,527.54,DSL,No,No,Electronic check,No,0,Yes,No,0,0
CUST-11527,10,Month-to-month,62.28,633.52,Fiber optic,Yes,No,Credit card,Yes,0,Yes,No,2,0
CUST-11528,1,Two year,27.93,53.42,Fiber optic,No,Yes,Bank transfer,Yes,0,No,No,4,1
CUST-11529,67,Month-to-month,61.76,3882.78,No,Yes,Yes,Mailed check,Yes,0,No,Yes,1,0
CUST-11530,6,Month-to-month,42.65,284.69,DSL,No,Yes,Electronic check,Yes,0,No,No,1,1
CUST-11531,0,Month-to-month,76.46,74.97,DSL,No,No,Credit card,Yes,0,No,No,2,1
CUST-11532,68,Month-to-month,24.73,1659.88,No,No,No,Electronic check,No,0,No,Yes,2,0
CUST-11533,13,Month-to-month,65.44,849.31,DSL,No,Yes,Credit card,Yes,0,Yes,No,1,0
CUST-11534,59,One year,82.17,4796.74,Fiber optic,Yes,No,Bank transfer,No,1,Yes,No,5,1
CUST-11535,2,One year,92.23,252.45,Fiber optic,No,No,Credit card,Yes,0,No,No,1,1
CUST-11536,11,Month-to-month,42.07,486.94,Fiber optic,No,No,Mailed check,No,0,Yes,No,2,0
CUST-11537,8,One year,65.53,549.36,DSL,Yes,No,Electronic check,Yes,0,Yes,Yes,2,0
CUST-11538,51,Month-to-month,70.52,3526.65,DSL,No,Yes,Bank transfer,No,0,No,No,1,0
CUST-11539,45,Month-to-month,111.41,5054.32,Fiber optic,No,No,Mailed check,No,0,No,No,0,1
CUST-11540,34,Two year,20.56,657.27,Fiber optic,No,No,Bank transfer,No,0,Yes,No,2,0
CUST-11541,17,Month-to-month,37.67,657.48,Fiber optic,No,No,Mailed check,Yes,0,No,Yes,2,1
CUST-11542,6,Two year,120.0,813.4,Fiber optic,Yes,No,Mailed check,Yes,0,No,No,2,0
CUST-11543,41,Month-to-month,56.81,2328.02,No,No,Yes,Bank transfer,Yes,0,Yes,Yes,1,0
CUST-11544,16,Month-to-month,18.0,305.06,No,Yes,No,Bank transfer,Yes,0,No,Yes,2,0
CUST-11545,43,Month-to-month,47.52,1982.77,Fiber optic,Yes,Yes,Bank transfer,Yes,0,Yes,No,3,0
CUST-11546,50,Month-to-month,18.0,838.71,DSL,No,No,Bank transfer,No,0,Yes,No,0,0
CUST-11547,62,Two year,72.23,4412.13,Fiber optic,Yes,Yes,Bank transfer,Yes,0,Yes,No,2,0
CUST-11548,36,Month-to-month,89.29,3153.51,Fiber optic,Yes,Yes,Mailed check,Yes,0,Yes,Yes,5,0
CUST-11549,0,Two year,37.65,36.94,Fiber optic,No,Yes,Credit card,Yes,0,No,No,2,0
CUST-11550,20,Two year,50.88,1046.36,DSL,Yes,No,Electronic check,Yes,1,Yes,No,0,0
CUST-11551,62,One year,92.71,5684.85,Fiber optic,No,No,Credit card,No,0,No,No,2,0
CUST-11552,38,Month-to-month,18.0,659.67,DSL,No,Yes,Credit card,Yes,0,No,No,1,0
CUST-11553,45,Month-to-month,25.35,1104.96,DSL,No,No,Bank transfer,Yes,0,Yes,No,2,1
CUST-11554,33,Month-to-month,58.16,1960.84,No,Yes,Yes,Electronic check,Yes,0,Yes,No,0,1
CUST-11555,11,One year,42.43,480.44,Fiber optic,No,No,Credit card,No,0,No,No,1,1
CUST-11556,65,Month-to-month,56.18,3554.6,Fiber optic,No,Yes,Bank transfer,No,1,No,Yes,2,0
CUST-11557,56,Two year,27.09,1495.26,Fiber optic,No,No,Credit card,Yes,1,Yes,No,1,0
CUST-11558,72,One year,71.43,4753.3,Fiber optic,Yes,No,Electronic check,Yes,0,No,No,1,0
CUST-11559,62,Month-to-month,60.52,3724.84,DSL,Yes,No,Mailed check,No,1,Yes,No,1,0
CUST-11560,21,One year,81.48,1615.98,Fiber optic,No,No,Mailed check,No,0,No,No,3,1
CUST-11561,18,Month-to-month,71.01,1346.77,DSL,Yes,No,Credit card,Yes,0,Yes,Yes,4,0
CUST-11562,18,Two year,71.2,1294.41,Fiber optic,No,Yes,Mailed check,Yes,0,No,Yes,1,0
CUST-11563,67,Month-to-month,21.61,1347.23,DSL,No,Yes,Electronic check,Yes,0,No,No,0,1
CUST-11564,40,Two year,79.78,3200.39,No,No,Yes,Bank transfer,No,0,No,No,2,0
CUST-11565,33,Two year,55.07,1843.27,Fiber optic,No,No,Electronic check,Yes,0,No,No,2,0
CUST-11566,70,Two year,60.0,3921.23,Fiber optic,No,No,Mailed check,No,0,No,No,1,0
CUST-11567,44,Month-to-month,96.45,3924.13,DSL,No,No,Credit card,No,0,No,No,3,1
CUST-11568,66,Two year,43.42,2770.81,Fiber optic,No,No,Mailed check,No,0,No,No,1,0
CUST-11569,71,Month-to-month,105.54,7325.75,Fiber optic,Yes,Yes,Mailed check,No,0,No,Yes,4,0
CUST-11570,5,One year,108.33,595.92,Fiber optic,No,Yes,Electronic check,Yes,0,No,No,2,0
CUST-11571,26,Month-to-month,87.58,2260.99,Fiber optic,No,No,Mailed check,No,1,Yes,No,1,1
CUST-11572,53,Month-to-month,35.58,1830.32,No,No,Yes,Credit card,No,0,Yes,No,2,0
CUST-11573,59,Month-to-month,18.0,1065.27,Fiber optic,Yes,No,Credit card,No,0,Yes,No,2,0
CUST-11574,10,Month-to-month,97.37,1051.34,Fiber optic,Yes,Yes,Credit card,Yes,1,No,Yes,4,1
CUST-11575,23,Month-to-month,68.34,1497.79,Fiber optic,No,Yes,Mailed check,Yes,0,No,No,2,1
CUST-11576,40,Two year,42.64,1697.02,Fiber optic,Yes,Yes,Electronic check,No,0,Yes,No,0,0
CUST-11577,58,Month-to-month,100.21,5618.47,Fiber optic,No,No,Electronic check,Yes,1,Yes,No,3,1
CUST-11578,8,One year,39.15,333.54,Fiber optic,No,Yes,Electronic check,No,0,No,Yes,1,0
CUST-11579,43,Month-to-month,52.28,2107.63,DSL,Yes,No,Electronic check,Yes,0,No,No,0,0
CUST-11580,21,One year,80.75,1731.67,DSL,Yes,Yes,Bank transfer,Yes,0,Yes,No,2,0
CUST-11581,15,One year,31.59,498.79,DSL,No,No,Bank transfer,No,0,Yes,No,1,0
CUST-11582,37,Month-to-month,61.72,2159.02,No,Yes,No,Bank transfer,No,0,Yes,No,3,0
CUST-11583,30,One year,97.67,2733.9,Fiber optic,No,No,Electronic check,Yes,0,Yes,No,0,0
CUST-11584,46,Two year,71.33,3221.48,Fiber optic,No,Yes,Bank transfer,Yes,0,No,No,1,1
CUST-11585,23,Two year,102.42,2453.48,Fiber optic,No,Yes,Electronic check,Yes,0,Yes,Yes,1,0
CUST-11586,60,Month-to-month,99.01,5845.63,Fiber optic,No,No,Bank transfer,Yes,0,Yes,Yes,2,0
CUST-11587,5,Month-to-month,65.23,362.13,No,Yes,No,Credit card,Yes,0,Yes,Yes,1,0
CUST-11588,62,One year,18.0,1119.57,No,No,Yes,Mailed check,Yes,0,Yes,Yes,3,0
CUST-11589,2,Month-to-month,31.83,91.08,No,Yes,No,Mailed check,Yes,0,No,No,1,1
CUST-11590,53,Two year,87.9,4513.9,No,Yes,Yes,Mailed check,Yes,0,No,No,1,0
CUST-11591,25,Month-to-month,18.49,435.42,DSL,No,No,Bank transfer,No,0,Yes,Yes,1,1
CUST-11592,27,Two year,55.2,1400.42,DSL,Yes,No,Bank transfer,No,1,Yes,No,1,0
CUST-11593,1,Month-to-month,75.15,143.98,Fiber optic,Yes,Yes,Electronic check,Yes,0,No,Yes,2,1
CUST-11594,51,Month-to-month,109.09,5563.02,Fiber optic,No,No,Mailed check,No,0,No,No,1,1
CUST-11595,12,Two year,47.75,605.43,DSL,Yes,No,Bank transfer,Yes,0,Yes,No,2,0
CUST-11596,48,Two year,45.7,2226.04,Fiber optic,Yes,No,Bank transfer,Yes,0,Yes,No,2,0
CUST-11597,52,Two year,63.43,3194.63,DSL,No,No,Bank transfer,Yes,0,No,Yes,0,0
CUST-11598,61,Two year,75.53,4505.25,DSL,No,No,Bank transfer,No,0,Yes,No,0,0
CUST-11599,51,Month-to-month,60.37,3022.21,DSL,No,No,Mailed check,Yes,0,No,No,1,0
CUST-11600,22,Month-to-month,96.48,2081.5,No,No,Yes,Bank transfer,Yes,0,Yes,No,1,0
CUST-11601,53,Month-to-month,41.03,1994.69,Fiber optic,No,No,Mailed check,No,0,Yes,Yes,2,0
CUST-11602,60,Month-to-month,68.6,4117.19,Fiber optic,Yes,Yes,Mailed check,No,0,No,No,0,1
CUST-11603,23,Month-to-month,78.36,1705.19,No,No,Yes,Mailed check,No,0,Yes,No,3,1
CUST-11604,9,Two year,52.99,527.74,No,Yes,No,Mailed check,No,0,No,No,1,0
CUST-11605,64,Month-to-month,90.19,5770.81,Fiber optic,No,Yes,Electronic check,No,0,Yes,No,0,0
CUST-11606,10,Month-to-month,69.47,695.68,Fiber optic,No,No,Electronic check,Yes,0,No,No,0,1
CUST-11607,43,Month-to-month,88.67,3558.94,DSL,Yes,No,Electronic check,No,0,No,No,0,0
CUST-11608,17,Month-to-month,70.82,1241.25,Fiber optic,No,Yes,Mailed check,Yes,0,No,Yes,1,1
CUST-11609,9,Month-to-month,76.29,728.09,DSL,No,Yes,Mailed check,Yes,0,Yes,No,1,1
CUST-11610,56,One year,46.03,2531.59,Fiber optic,Yes,No,Electronic check,No,0,Yes,Yes,3,0
CUST-11611,10,Month-to-month,46.08,470.89,Fiber optic,No,No,Electronic check,Yes,1,Yes,No,4,1
CUST-11612,48,One year,101.73,4926.79,DSL,No,No,Bank transfer,Yes,0,No,Yes,2,0
CUST-11613,50,Two year,84.07,4091.62,Fiber optic,Yes,Yes,Electronic check,Yes,0,No,Yes,1,0
CUST-11614,4,One year,34.31,164.1,Fiber optic,Yes,No,Credit card,No,1,Yes,No,4,1
CUST-11615,12,One year,70.43,914.73,Fiber optic,No,Yes,Electronic check,No,0,No,No,1,1
CUST-11616,57,Month-to-month,18.0,1020.15,DSL,No,Yes,Mailed check,Yes,1,Yes,Yes,1,0
CUST-11617,37,Month-to-month,47.78,1759.14,DSL,No,No,Credit card,Yes,0,Yes,Yes,2,1
CUST-11618,8,Month-to-month,93.83,833.21,Fiber optic,No,Yes,Electronic check,No,0,No,Yes,1,1
CUST-11619,72,Two year,61.25,4467.2,No,No,Yes,Mailed check,No,0,Yes,Yes,3,0
CUST-11620,19,One year,68.54,1345.1,No,Yes,Yes,Mailed check,Yes,0,No,Yes,0,0
CUST-11621,0,Month-to-month,18.0,17.65,DSL,Yes,No,Bank transfer,Yes,0,No,No,3,1
CUST-11622,67,Month-to-month,53.23,3326.93,Fiber optic,No,No,Credit card,Yes,0,Yes,No,3,0
CUST-11623,1,Two year,75.15,148.4,Fiber optic,No,No,Bank transfer,Yes,0,Yes,No,2,1
CUST-11624,40,One year,78.96,3198.9,No,No,Yes,Mailed check,No,0,Yes,Yes,0,0
CUST-11625,72,One year,93.87,6576.39,DSL,No,No,Mailed check,Yes,0,No,Yes,2,0
CUST-11626,42,Two year,58.69,2435.5,Fiber optic,Yes,No,Bank transfer,No,1,No,No,3,0
CUST-11627,42,One year,60.03,2484.17,Fiber optic,No,Yes,Mailed check,No,0,Yes,No,2,0
CUST-11628,28,One year,25.04,693.12,DSL,No,Yes,Bank transfer,No,0,Yes,No,0,0
CUST-11629,9,Month-to-month,58.86,540.53,DSL,No,Yes,Mailed check,No,0,No,Yes,1,0
CUST-11630,41,Month-to-month,27.15,1101.27,DSL,Yes,No,Electronic check,Yes,0,No,No,0,0
CUST-11631,65,Two year,18.0,1114.27,Fiber optic,Yes,No,Bank transfer,Yes,0,No,No,2,0
CUST-11632,6,One year,32.44,216.55,Fiber optic,No,Yes,Mailed check,Yes,0,Yes,No,4,0
CUST-11633,64,Month-to-month,110.26,7096.03,Fiber optic,No,Yes,Mailed check,No,0,No,No,2,0
CUST-11634,30,One year,56.88,1606.2,DSL,No,No,Mailed check,No,0,Yes,No,0,0
CUST-11635,39,Month-to-month,71.6,2851.24,No,No,No,Electronic check,Yes,0,No,Yes,1,1
CUST-11636,12,Two year,49.6,616.96,Fiber optic,No,Yes,Mailed check,No,0,Yes,No,1,0
CUST-11637,45,Month-to-month,18.0,823.85,No,Yes,Yes,Credit card,Yes,0,No,No,1,0
CUST-11638,13,Two year,93.08,1198.95,DSL,No,No,Mailed check,Yes,1,No,Yes,2,0
CUST-11639,19,Month-to-month,18.0,325.95,No,No,No,Bank transfer,Yes,0,No,No,3,0
CUST-11640,52,Month-to-month,48.36,2465.94,No,No,No,Mailed check,No,0,No,No,4,1
CUST-11641,3,Month-to-month,63.36,241.45,No,Yes,No,Electronic check,Yes,1,No,Yes,2,0
CUST-11642,32,Two year,71.91,2310.12,No,No,No,Credit card,Yes,0,No,No,1,1
CUST-11643,43,Month-to-month,43.21,1825.47,Fiber optic,Yes,Yes,Credit card,No,0,No,No,3,1
CUST-11644,9,Month-to-month,18.0,171.26,Fiber optic,No,Yes,Electronic check,Yes,0,No,No,3,1
CUST-11645,21,One year,40.97,892.56,Fiber optic,No,Yes,Electronic check,Yes,0,Yes,No,1,0
CUST-11646,25,Month-to-month,42.54,1031.21,Fiber optic,No,No,Credit card,Yes,0,Yes,No,2,1
CUST-11647,48,Month-to-month,41.81,1899.45,No,No,Yes,Electronic check,Yes,0,No,No,0,0
CUST-11648,71,Month-to-month,94.1,6642.4,DSL,No,Yes,Credit card,Yes,1,Yes,No,2,0
CUST-11649,61,Two year,28.59,1657.65,Fiber optic,Yes,Yes,Electronic check,Yes,0,No,Yes,1,0
CUST-11650,13,Month-to-month,74.03,991.14,No,Yes,No,Credit card,No,0,Yes,No,0,1
CUST-11651,1,Month-to-month,69.75,134.12,DSL,No,No,Credit card,No,1,No,No,3,1
CUST-11652,3,Month-to-month,93.81,348.77,DSL,No,Yes,Electronic check,No,0,No,No,2,1
CUST-11653,43,Month-to-month,61.01,2511.49,DSL,No,Yes,Electronic check,Yes,1,No,No,1,1
CUST-11654,11,Month-to-month,88.73,962.62,Fiber optic,Yes,No,Electronic check,Yes,1,Yes,No,0,1
CUST-11655,16,Month-to-month,59.83,943.83,No,Yes,Yes,Credit card,Yes,1,No,No,0,0
CUST-11656,61,Month-to-month,78.03,4511.83,DSL,No,No,Mailed check,Yes,0,Yes,No,2,0
CUST-11657,63,Month-to-month,19.91,1148.96,Fiber optic,No,Yes,Bank transfer,No,0,No,No,1,0
CUST-11658,61,Two year,18.0,1096.27,Fiber optic,No,No,Bank transfer,Yes,0,Yes,No,0,0
CUST-11659,18,Month-to-month,76.33,1433.64,Fiber optic,No,No,Bank transfer,No,0,No,No,0,1
CUST-11660,45,Month-to-month,77.94,3290.27,Fiber optic,Yes,No,Electronic check,No,0,Yes,No,0,0
CUST-11661,44,Two year,79.27,3426.4,No,Yes,Yes,Mailed check,Yes,0,No,No,2,0
CUST-11662,13,Two year,49.25,651.02,DSL,Yes,Yes,Bank transfer,No,0,No,Yes,2,0
CUST-11663,40,One year,109.69,4105.04,DSL,No,No,Electronic check,Yes,1,Yes,No,0,1
CUST-11664,38,Month-to-month,51.2,1802.1,Fiber optic,Yes,No,Mailed check,No,1,No,No,0,1
CUST-11665,28,Month-to-month,77.63,2175.53,Fiber optic,Yes,No,Bank transfer,No,0,Yes,No,0,0
CUST-11666,54,Month-to-month,82.84,4136.89,Fiber optic,No,No,Mailed check,Yes,0,No,No,2,1
CUST-11667,49,Month-to-month,116.56,5764.49,DSL,Yes,No,Mailed check,Yes,0,No,No,1,1
CUST-11668,38,Month-to-month,55.49,2118.59,DSL,No,No,Credit card,Yes,0,Yes,Yes,1,0
CUST-11669,52,One year,45.4,2339.86,No,Yes,No,Bank transfer,No,0,Yes,Yes,0,0
CUST-11670,55,Month-to-month,20.06,1105.7,DSL,Yes,No,Bank transfer,Yes,0,Yes,Yes,1,0
CUST-11671,41,One year,111.57,4267.31,Fiber optic,Yes,Yes,Electronic check,No,0,No,No,0,0
CUST-11672,19,Month-to-month,77.64,1494.87,Fiber optic,No,Yes,Credit card,Yes,0,No,Yes,2,0
CUST-11673,55,Month-to-month,78.59,4051.77,DSL,No,No,Credit card,No,0,No,Yes,0,0
CUST-11674,52,One year,120.0,6054.57,DSL,No,Yes,Credit card,Yes,0,No,No,1,0
CUST-11675,71,Two year,74.75,5036.77,Fiber optic,No,Yes,Bank transfer,No,0,Yes,No,1,0
CUST-11676,10,Month-to-month,25.93,260.2,Fiber optic,Yes,Yes,Bank transfer,No,0,No,No,3,1
CUST-11677,30,One year,59.12,1784.07,DSL,No,No,Bank transfer,Yes,0,No,Yes,3,1
CUST-11678,67,Month-to-month,35.76,2261.92,Fiber optic,Yes,No,Bank transfer,Yes,0,No,No,2,1
CUST-11679,37,Month-to-month,53.12,1841.51,DSL,No,Yes,Mailed check,Yes,0,No,Yes,2,0
CUST-11680,68,One year,52.92,3607.45,DSL,No,Yes,Bank transfer,No,0,No,No,0,0
CUST-11681,0,Month-to-month,47.39,43.29,DSL,Yes,Yes,Mailed check,No,0,No,No,1,0
CUST-11682,2,Month-to-month,23.2,64.07,DSL,No,Yes,Credit card,Yes,0,Yes,No,0,1
CUST-11683,58,Month-to-month,112.78,6004.4,Fiber optic,No,Yes,Mailed check,No,0,Yes,No,1,0
CUST-11684,26,Month-to-month,73.97,1901.04,No,Yes,Yes,Mailed check,No,0,No,Yes,0,1
CUST-11685,37,Month-to-month,58.24,2174.46,DSL,Yes,No,Electronic check,No,0,Yes,No,0,1
CUST-11686,31,Month-to-month,87.73,2765.59,Fiber optic,No,No,Credit card,Yes,0,Yes,No,2,0
CUST-11687,29,Two year,79.13,2313.08,Fiber optic,No,Yes,Bank transfer,Yes,1,No,No,2,0
CUST-11688,68,One year,73.27,4788.36,Fiber optic,Yes,Yes,Electronic check,No,0,No,No,0,0
CUST-11689,6,Month-to-month,85.55,592.23,Fiber optic,No,Yes,Electronic check,No,0,No,No,2,0
CUST-11690,56,Month-to-month,69.02,3842.53,DSL,Yes,Yes,Credit card,No,0,Yes,No,2,0
CUST-11691,64,One year,85.11,5470.88,Fiber optic,No,Yes,Electronic check,No,0,No,No,1,0
CUST-11692,47,Month-to-month,87.59,3884.57,DSL,Yes,No,Mailed check,Yes,0,Yes,No,2,0
CUST-11693,28,Month-to-month,69.88,1945.72,Fiber optic,No,No,Electronic check,No,0,No,No,5,1
CUST-11694,11,One year,58.39,632.12,DSL,No,No,Bank transfer,No,0,Yes,Yes,3,0
CUST-11695,49,Month-to-month,110.91,5280.14,Fiber optic,No,Yes,Electronic check,No,0,Yes,No,4,1
CUST-11696,34,Month-to-month,50.66,1751.27,Fiber optic,No,No,Mailed check,No,0,Yes,No,2,1
CUST-11697,10,Month-to-month,76.74,822.06,Fiber optic,No,No,Bank transfer,Yes,0,Yes,No,1,1
CUST-11698,26,Month-to-month,77.42,2043.55,DSL,Yes,Yes,Mailed check,Yes,0,Yes,Yes,1,1
CUST-11699,70,Month-to-month,46.71,3089.93,Fiber optic,Yes,No,Bank transfer,No,0,No,No,0,1
CUST-11700,19,Two year,40.77,766.33,Fiber optic,No,Yes,Bank transfer,No,1,Yes,Yes,0,1
CUST-11701,13,Month-to-month,54.38,760.27,Fiber optic,Yes,No,Mailed check,Yes,0,Yes,No,1,0
CUST-11702,49,One year,50.23,2327.48,DSL,No,Yes,Mailed check,No,0,Yes,No,0,0
CUST-11703,14,One year,21.26,289.76,DSL,Yes,No,Mailed check,Yes,0,No,Yes,3,0
CUST-11704,67,Month-to-month,45.46,2902.41,DSL,No,Yes,Mailed check,Yes,0,Yes,No,1,0
CUST-11705,62,Month-to-month,72.99,4491.34,Fiber optic,No,No,Bank transfer,No,0,No,Yes,3,0
CUST-11706,71,Month-to-month,102.98,7061.34,Fiber optic,No,No,Credit card,No,0,No,No,0,1
CUST-11707,66,One year,81.63,4946.2,Fiber optic,No,No,Bank transfer,No,0,No,No,4,0
CUST-11708,17,Month-to-month,18.0,313.14,Fiber optic,No,No,Electronic check,No,0,Yes,Yes,1,1
CUST-11709,15,One year,84.24,1312.2,Fiber optic,No,Yes,Credit card,Yes,0,No,Yes,0,1
CUST-11710,25,Two year,48.26,1204.92,Fiber optic,No,No,Credit card,Yes,0,Yes,No,1,1
CUST-11711,34,One year,78.59,2522.71,Fiber optic,No,Yes,Credit card,No,0,Yes,Yes,1,0
CUST-11712,64,Two year,64.58,3858.13,Fiber optic,Yes,No,Electronic check,Yes,0,No,No,0,0
CUST-11713,53,One year,59.22,3008.35,DSL,Yes,Yes,Credit card,Yes,0,Yes,No,0,0
CUST-11714,47,Two year,61.93,2781.86,No,Yes,No,Mailed check,Yes,0,Yes,Yes,1,0
CUST-11715,64,Two year,64.33,3805.91,No,No,Yes,Credit card,Yes,0,No,Yes,2,0
CUST-11716,47,One year,105.33,4984.72,Fiber optic,No,No,Credit card,Yes,0,Yes,No,1,0
CUST-11717,27,Two year,64.41,1789.89,No,Yes,No,Credit card,No,1,No,No,5,0
CUST-11718,30,Two year,97.57,2765.7,No,No,Yes,Electronic check,No,0,Yes,No,1,0
CUST-11719,37,Month-to-month,93.2,3386.6,Fiber optic,Yes,No,Bank transfer,Yes,0,No,No,2,0
CUST-11720,6,One year,85.01,561.14,Fiber optic,No,Yes,Bank transfer,Yes,0,No,No,2,1
CUST-11721,54,Month-to-month,18.0,931.49,Fiber optic,No,Yes,Bank transfer,Yes,0,Yes,No,2,0
CUST-11722,47,Two year,98.5,4529.58,DSL,No,Yes,Credit card,No,0,No,No,2,0
CUST-11723,53,Month-to-month,51.26,2617.16,DSL,Yes,No,Bank transfer,Yes,0,No,No,0,0
CUST-11724,38,Two year,86.47,3187.36,Fiber optic,No,No,Electronic check,Yes,0,No,No,1,0
CUST-11725,57,One year,35.82,1899.64,Fiber optic,No,No,Electronic check,No,0,Yes,No,2,0
CUST-11726,69,Two year,29.45,2001.85,DSL,Yes,Yes,Bank transfer,Yes,0,Yes,No,1,0
CUST-11727,41,Month-to-month,120.0,4828.28,Fiber optic,No,Yes,Mailed check,No,0,Yes,No,0,1
CUST-11728,32,One year,36.29,1084.52,Fiber optic,No,No,Mailed check,No,0,Yes,No,1,0
CUST-11729,7,One year,99.38,745.38,Fiber optic,Yes,Yes,Credit card,Yes,0,No,No,2,0
CUST-11730,56,Two year,68.55,3601.71,DSL,No,No,Electronic check,Yes,0,No,Yes,0,0
CUST-11731,65,Two year,52.4,3247.43,Fiber optic,No,No,Bank transfer,Yes,0,Yes,No,1,0
CUST-11732,51,One year,63.66,3018.63,DSL,No,Yes,Mailed check,No,1,No,No,0,0
CUST-11733,63,One year,25.97,1597.35,DSL,No,Yes,Electronic check,No,0,Yes,No,0,0
CUST-11734,62,Month-to-month,64.59,3898.88,DSL,Yes,No,Mailed check,No,0,No,No,1,0
CUST-11735,58,Two year,32.52,1840.55,DSL,No,No,Mailed check,No,0,Yes,No,3,0
CUST-11736,36,Month-to-month,53.14,1841.55,DSL,Yes,No,Mailed check,No,1,No,No,0,0
CUST-11737,7,One year,92.76,721.45,Fiber optic,No,No,Electronic check,Yes,0,No,No,1,1
CUST-11738,0,One year,72.63,71.49,Fiber optic,No,Yes,Bank transfer,Yes,0,No,No,4,0
CUST-11739,14,Month-to-month,20.53,289.98,DSL,Yes,No,Mailed check,No,1,Yes,No,1,0
CUST-11740,31,Month-to-month,90.54,2733.02,No,No,No,Bank transfer,No,0,Yes,No,0,0
CUST-11741,54,Month-to-month,64.79,3527.26,Fiber optic,Yes,No,Bank transfer,Yes,0,Yes,No,0,0
CUST-11742,33,Two year,48.73,1591.4,No,No,No,Bank transfer,Yes,0,No,No,6,0
CUST-11743,1,Month-to-month,87.4,166.23,Fiber optic,No,No,Bank transfer,Yes,1,Yes,No,3,0
CUST-11744,15,Month-to-month,59.98,934.45,DSL,No,Yes,Mailed check,Yes,0,No,Yes,2,0
CUST-11745,71,One year,30.03,2013.0,No,No,Yes,Mailed check,No,0,No,No,0,0
CUST-11746,72,Month-to-month,120.0,7912.7,No,No,No,Bank transfer,No,0,Yes,No,1,1
CUST-11747,27,Two year,64.48,1751.62,Fiber optic,No,No,Electronic check,No,1,Yes,No,0,1
CUST-11748,58,Month-to-month,62.56,3560.4,Fiber optic,Yes,No,Bank transfer,Yes,1,Yes,Yes,3,0
CUST-11749,52,Month-to-month,52.85,2640.98,Fiber optic,No,No,Mailed check,No,0,No,Yes,1,0
CUST-11750,67,Month-to-month,100.4,6175.78,Fiber optic,Yes,Yes,Mailed check,Yes,0,Yes,No,1,0
CUST-11751,64,Month-to-month,49.25,3182.06,Fiber optic,Yes,No,Electronic check,Yes,0,No,No,4,1
CUST-11752,45,Month-to-month,18.65,834.8,Fiber optic,Yes,No,Mailed check,No,0,No,No,5,1
CUST-11753,28,One year,44.64,1215.02,DSL,No,No,Mailed check,No,0,No,Yes,1,0
CUST-11754,45,Month-to-month,104.8,4435.64,DSL,No,No,Credit card,No,0,Yes,No,3,0
CUST-11755,23,Month-to-month,89.96,2063.04,DSL,Yes,No,Bank transfer,Yes,0,Yes,No,2,1
CUST-11756,25,Month-to-month,57.35,1345.16,DSL,Yes,No,Mailed check,Yes,0,Yes,No,2,1
CUST-11757,44,Month-to-month,106.2,4519.6,Fiber optic,No,Yes,Electronic check,No,0,No,No,1,0
CUST-11758,41,Two year,87.44,3668.22,No,No,No,Mailed check,No,1,Yes,No,5,0
CUST-11759,42,Month-to-month,57.0,2387.08,DSL,No,Yes,Credit card,Yes,0,Yes,No,2,0
CUST-11760,28,Two year,60.02,1737.96,DSL,No,Yes,Electronic check,Yes,0,No,Yes,0,0
CUST-11761,29,Month-to-month,74.88,2110.72,DSL,No,No,Bank transfer,Yes,1,Yes,No,1,0
CUST-11762,0,Month-to-month,40.04,36.38,Fiber optic,Yes,No,Bank transfer,Yes,0,Yes,No,0,1
CUST-11763,43,Month-to-month,65.14,2856.16,Fiber optic,No,No,Electronic check,Yes,0,No,Yes,2,0
CUST-11764,42,Month-to-month,74.26,3150.15,Fiber optic,No,Yes,Credit card,No,0,Yes,No,2,0
CUST-11765,68,One year,18.0,1187.67,No,Yes,Yes,Mailed check,Yes,0,Yes,No,0,0
CUST-11766,36,Month-to-month,59.32,2025.8,No,No,No,Bank transfer,No,0,Yes,No,0,0
CUST-11767,34,Month-to-month,55.91,1905.73,No,No,No,Electronic check,No,0,Yes,No,1,0
CUST-11768,4,One year,95.84,432.2,No,No,No,Credit card,Yes,0,Yes,No,1,1
CUST-11769,14,One year,18.0,267.69,Fiber optic,No,No,Electronic check,Yes,1,Yes,Yes,1,1
CUST-11770,24,Two year,53.55,1298.21,Fiber optic,Yes,No,Mailed check,No,0,No,No,2,0
CUST-11771,27,Two year,50.55,1298.74,Fiber optic,No,No,Credit card,Yes,0,Yes,No,1,1
CUST-11772,26,One year,93.8,2321.01,Fiber optic,Yes,Yes,Bank transfer,No,0,Yes,No,0,1
CUST-11773,28,Two year,63.69,1673.02,DSL,Yes,No,Bank transfer,Yes,1,Yes,No,3,0
CUST-11774,56,One year,118.88,6620.64,DSL,No,No,Mailed check,Yes,1,No,No,1,0
CUST-11775,9,Month-to-month,84.87,774.68,DSL,Yes,Yes,Credit card,No,0,Yes,No,2,0
CUST-11776,24,One year,52.69,1254.03,Fiber optic,No,No,Credit card,Yes,0,No,No,0,0
CUST-11777,11,Month-to-month,72.19,810.68,Fiber optic,Yes,No,Bank transfer,Yes,0,No,Yes,0,0
CUST-11778,22,One year,54.38,1194.34,DSL,No,Yes,Electronic check,No,0,Yes,Yes,2,0
CUST-11779,49,Two year,90.78,4400.47,Fiber optic,No,Yes,Credit card,Yes,1,Yes,No,1,1
CUST-11780,3,Month-to-month,25.03,92.21,Fiber optic,No,No,Electronic check,Yes,0,No,No,0,1
CUST-11781,24,Two year,40.29,926.72,Fiber optic,No,No,Credit card,No,0,Yes,Yes,3,0
CUST-11782,1,Two year,78.67,146.92,DSL,No,No,Electronic check,Yes,0,No,No,2,0
CUST-11783,69,Month-to-month,101.77,7077.73,DSL,No,Yes,Electronic check,No,0,No,No,2,0
CUST-11784,53,Month-to-month,18.0,917.96,Fiber optic,No,No,Electronic check,No,0,No,No,0,0
CUST-11785,17,Two year,106.23,1770.06,Fiber optic,Yes,Yes,Electronic check,No,0,No,No,2,0
CUST-11786,14,Two year,60.8,868.18,No,No,Yes,Bank transfer,Yes,0,Yes,Yes,0,0
CUST-11787,7,Month-to-month,18.0,132.2,Fiber optic,Yes,Yes,Mailed check,Yes,0,No,No,4,0
CUST-11788,34,Month-to-month,18.0,615.21,No,No,No,Electronic check,No,0,Yes,No,0,0
CUST-11789,55,One year,19.12,997.83,DSL,No,Yes,Mailed check,No,0,Yes,No,0,0
CUST-11790,42,Month-to-month,64.41,2764.82,Fiber optic,No,Yes,Credit card,Yes,1,Yes,Yes,0,1
CUST-11791,64,Month-to-month,63.02,3944.69,No,No,Yes,Bank transfer,Yes,0,Yes,No,5,0
CUST-11792,25,Month-to-month,84.0,2099.17,DSL,Yes,No,Bank transfer,Yes,0,Yes,Yes,0,0
CUST-11793,20,Month-to-month,48.52,946.63,Fiber optic,No,Yes,Mailed check,Yes,0,Yes,No,3,1
CUST-11794,34,One year,31.76,1020.27,DSL,Yes,Yes,Bank transfer,No,1,Yes,Yes,2,0
CUST-11795,14,One year,52.61,716.37,Fiber optic,Yes,No,Credit card,No,0,No,No,2,1
CUST-11796,71,One year,66.01,4684.12,DSL,No,No,Bank transfer,Yes,1,No,No,3,0
CUST-11797,13,One year,71.92,1004.83,Fiber optic,Yes,No,Electronic check,No,0,No,No,1,0
CUST-11798,34,Month-to-month,41.33,1333.03,Fiber optic,No,No,Bank transfer,No,0,Yes,No,4,1
CUST-11799,38,Month-to-month,92.04,3587.2,DSL,No,No,Credit card,No,0,Yes,No,1,0
CUST-11800,4,Month-to-month,46.36,222.9,DSL,No,No,Electronic check,No,0,No,Yes,0,1
CUST-11801,34,Month-to-month,38.91,1332.8,DSL,Yes,No,Mailed check,Yes,0,Yes,Yes,2,0
CUST-11802,33,Month-to-month,48.73,1654.89,DSL,Yes,No,Bank transfer,No,0,Yes,No,2,0
CUST-11803,18,Month-to-month,97.25,1843.18,Fiber optic,Yes,Yes,Electronic check,Yes,0,Yes,No,0,1
CUST-11804,9,Month-to-month,61.02,583.84,No,No,Yes,Bank transfer,Yes,0,Yes,Yes,0,0
CUST-11805,3,Month-to-month,44.16,168.29,DSL,Yes,Yes,Credit card,Yes,0,Yes,Yes,1,1
CUST-11806,0,One year,92.78,89.77,Fiber optic,Yes,Yes,Bank transfer,Yes,0,No,No,0,0
CUST-11807,35,One year,120.0,3982.94,Fiber optic,No,No,Mailed check,No,0,Yes,Yes,3,0
CUST-11808,6,Two year,71.29,468.53,DSL,No,Yes,Electronic check,Yes,0,Yes,No,2,1
CUST-11809,70,One year,102.02,7118.53,DSL,No,No,Bank transfer,Yes,0,No,No,1,1
CUST-11810,17,One year,96.08,1575.48,Fiber optic,Yes,No,Credit card,Yes,0,No,No,1,0
CUST-11811,47,Month-to-month,46.83,2126.24,Fiber optic,No,No,Credit card,Yes,1,Yes,No,3,1
CUST-11812,49,One year,65.8,3064.86,No,Yes,Yes,Bank transfer,Yes,0,Yes,No,2,0
CUST-11813,36,Month-to-month,26.52,940.27,Fiber optic,Yes,No,Electronic check,Yes,0,Yes,No,2,0
CUST-11814,64,Month-to-month,58.85,3515.17,Fiber optic,No,Yes,Mailed check,No,0,No,No,3,0
CUST-11815,8,Month-to-month,46.21,412.9,No,No,Yes,Mailed check,No,0,No,No,2,1
CUST-11816,17,Month-to-month,52.91,932.54,No,No,No,Electronic check,Yes,0,Yes,No,1,1
CUST-11817,18,Month-to-month,42.5,733.31,No,Yes,Yes,Electronic check,No,0,Yes,No,1,1
CUST-11818,9,One year,56.39,525.89,DSL,No,No,Bank transfer,No,0,Yes,Yes,1,0
CUST-11819,21,Two year,80.97,1610.9,No,No,Yes,Electronic check,Yes,0,No,Yes,1,1
CUST-11820,22,One year,61.42,1288.8,No,Yes,No,Electronic check,Yes,0,Yes,No,1,0
CUST-11821,55,One year,18.0,949.9,Fiber optic,No,Yes,Credit card,Yes,0,Yes,Yes,1,1
CUST-11822,22,Month-to-month,42.62,914.53,Fiber optic,Yes,No,Bank transfer,Yes,0,No,No,1,1
CUST-11823,63,Month-to-month,19.42,1183.3,No,Yes,Yes,Credit card,No,0,No,Yes,1,0
CUST-11824,56,One year,72.32,3829.93,Fiber optic,No,No,Electronic check,Yes,0,No,No,2,1
CUST-11825,65,Month-to-month,80.1,4933.55,Fiber optic,Yes,Yes,Mailed check,Yes,0,Yes,No,3,0
CUST-11826,7,Month-to-month,72.7,579.17,Fiber optic,No,No,Bank transfer,Yes,0,No,Yes,1,1
CUST-11827,71,Month-to-month,41.38,2942.09,Fiber optic,Yes,No,Bank transfer,No,0,Yes,No,0,0
CUST-11828,44,Two year,72.41,2936.96,Fiber optic,No,No,Mailed check,No,1,Yes,No,1,0
CUST-11829,71,One year,50.9,3519.04,DSL,No,Yes,Credit card,Yes,0,No,Yes,3,0
CUST-11830,25,Month-to-month,30.85,733.29,DSL,No,No,Bank transfer,Yes,0,No,No,0,0
CUST-11831,69,One year,87.26,5979.58,Fiber optic,No,No,Electronic check,No,0,No,Yes,4,0
CUST-11832,42,Month-to-month,89.54,3787.06,Fiber optic,No,No,Electronic check,Yes,0,No,No,2,0
CUST-11833,5,Month-to-month,93.47,541.77,Fiber optic,Yes,No,Electronic check,Yes,0,Yes,No,4,0
CUST-11834,29,Month-to-month,46.75,1356.66,No,Yes,No,Credit card,No,0,No,No,2,0
CUST-11835,10,Month-to-month,100.38,1087.78,Fiber optic,No,No,Credit card,Yes,0,Yes,No,5,1
CUST-11836,68,One year,50.19,3152.07,Fiber optic,No,No,Mailed check,Yes,0,Yes,No,1,0
CUST-11837,22,Month-to-month,84.61,1889.14,DSL,Yes,Yes,Bank transfer,Yes,0,Yes,No,0,1
CUST-11838,16,One year,49.67,770.08,Fiber optic,No,Yes,Credit card,Yes,0,Yes,Yes,2,1
CUST-11839,40,Month-to-month,58.28,2160.64,No,Yes,No,Electronic check,No,0,Yes,No,1,1
CUST-11840,31,One year,18.0,555.18,Fiber optic,Yes,No,Credit card,Yes,0,No,No,0,0
CUST-11841,7,One year,55.94,414.94,No,No,No,Mailed check,Yes,0,No,No,1,0
CUST-11842,59,One year,67.73,3676.06,No,No,Yes,Mailed check,No,0,No,No,3,0
CUST-11843,61,One year,52.7,2961.29,Fiber optic,No,Yes,Electronic check,No,1,No,Yes,2,0
CUST-11844,54,Two year,117.69,6459.81,Fiber optic,Yes,Yes,Bank transfer,Yes,0,Yes,No,1,0
CUST-11845,45,Month-to-month,30.13,1278.3,Fiber optic,No,No,Bank transfer,No,0,No,No,2,1
CUST-11846,29,One year,48.09,1357.27,Fiber optic,No,No,Electronic check,No,0,Yes,No,1,0
CUST-11847,39,One year,37.85,1402.95,DSL,Yes,Yes,Bank transfer,Yes,1,Yes,No,2,0
CUST-11848,38,Month-to-month,48.09,1863.38,DSL,No,Yes,Electronic check,Yes,0,Yes,No,0,1
CUST-11849,12,Month-to-month,95.94,1131.71,DSL,Yes,Yes,Mailed check,No,0,No,No,2,0
CUST-11850,5,Month-to-month,109.34,626.07,Fiber optic,Yes,No,Bank transfer,Yes,0,Yes,Yes,2,0
CUST-11851,18,Month-to-month,43.98,791.98,DSL,Yes,No,Credit card,Yes,0,No,Yes,2,1
CUST-11852,33,Month-to-month,43.31,1427.2,Fiber optic,Yes,Yes,Electronic check,Yes,0,No,No,3,0
CUST-11853,11,Month-to-month,30.29,359.78,Fiber optic,Yes,Yes,Mailed check,Yes,0,Yes,Yes,3,0
CUST-11854,7,One year,104.19,750.2,Fiber optic,No,No,Mailed check,Yes,1,Yes,No,2,0
CUST-11855,62,Month-to-month,98.63,5602.61,No,No,No,Bank transfer,Yes,0,Yes,Yes,2,1
CUST-11856,27,Two year,61.82,1623.17,Fiber optic,Yes,No,Credit card,No,0,No,No,1,1
CUST-11857,42,Month-to-month,23.12,934.67,DSL,No,No,Bank transfer,No,0,No,No,0,0
CUST-11858,38,One year,25.8,995.18,No,Yes,No,Credit card,Yes,0,No,No,1,0
CUST-11859,53,Month-to-month,70.12,3513.42,No,No,No,Mailed check,Yes,1,No,No,2,1
CUST-11860,54,Month-to-month,81.48,4413.43,Fiber optic,No,No,Bank transfer,No,0,Yes,No,1,0
CUST-11861,21,Month-to-month,18.0,359.94,Fiber optic,No,Yes,Mailed check,No,0,Yes,No,3,0
CUST-11862,61,One year,55.36,3115.66,DSL,No,Yes,Credit card,No,0,Yes,No,1,0
CUST-11863,27,Month-to-month,113.55,3098.36,Fiber optic,Yes,Yes,Electronic check,Yes,0,No,Yes,1,1
CUST-11864,60,Two year,58.47,3482.01,DSL,Yes,No,Credit card,Yes,1,Yes,No,3,0
CUST-11865,29,Month-to-month,109.69,2992.72,Fiber optic,No,No,Bank transfer,Yes,0,No,Yes,3,1
CUST-11866,8,One year,84.47,759.7,DSL,No,Yes,Credit card,No,0,Yes,Yes,2,0
CUST-11867,55,Month-to-month,32.47,1651.12,Fiber optic,No,No,Bank transfer,No,0,No,Yes,1,0
CUST-11868,2,One year,56.22,166.71,DSL,No,No,Mailed check,Yes,0,Yes,No,0,0
CUST-11869,56,Month-to-month,61.14,3204.06,DSL,Yes,Yes,Mailed check,No,0,No,Yes,3,0
CUST-11870,3,Month-to-month,36.42,131.43,DSL,No,No,Electronic check,No,0,Yes,No,0,1
CUST-11871,15,Month-to-month,35.9,566.06,Fiber optic,No,No,Credit card,No,0,Yes,No,1,0
CUST-11872,44,Month-to-month,110.2,4554.51,DSL,Yes,Yes,Electronic check,Yes,0,Yes,No,0,0
CUST-11873,68,Month-to-month,35.68,2346.07,Fiber optic,Yes,No,Credit card,Yes,0,Yes,No,0,0
CUST-11874,29,Two year,97.35,2869.92,DSL,No,Yes,Bank transfer,No,0,Yes,No,1,1
CUST-11875,8,Month-to-month,51.91,427.7,Fiber optic,Yes,No,Electronic check,Yes,0,No,No,0,1
CUST-11876,17,Month-to-month,64.23,1126.2,DSL,No,No,Credit card,Yes,0,Yes,No,3,1
CUST-11877,65,Two year,81.86,5149.66,No,No,No,Electronic check,Yes,0,No,No,0,0
CUST-11878,53,Month-to-month,47.04,2351.14,DSL,No,No,Electronic check,Yes,0,No,Yes,4,1
CUST-11879,7,Month-to-month,82.04,593.42,DSL,No,Yes,Bank transfer,Yes,0,Yes,Yes,2,1
CUST-11880,28,One year,18.0,483.53,DSL,No,Yes,Electronic check,Yes,0,Yes,No,1,0
CUST-11881,19,Two year,78.19,1473.84,DSL,No,No,Electronic check,No,0,No,No,1,0
CUST-11882,12,One year,18.0,219.21,Fiber optic,No,Yes,Bank transfer,Yes,0,No,Yes,3,0
CUST-11883,61,Month-to-month,58.19,3505.64,DSL,Yes,No,Credit card,No,0,No,Yes,3,0
CUST-11884,45,Two year,90.63,3922.94,No,No,Yes,Electronic check,No,0,Yes,No,2,0
CUST-11885,13,Month-to-month,83.67,1098.79,Fiber optic,Yes,Yes,Bank transfer,No,0,Yes,No,2,0
CUST-11886,47,Two year,26.05,1226.92,DSL,Yes,No,Bank transfer,No,0,Yes,No,1,0
CUST-11887,30,Two year,29.91,877.5,Fiber optic,No,No,Electronic check,No,0,Yes,No,1,0
CUST-11888,4,Two year,44.34,221.38,DSL,Yes,No,Electronic check,Yes,0,No,No,2,0
CUST-11889,32,Month-to-month,70.59,2230.34,DSL,Yes,No,Mailed check,Yes,0,Yes,No,0,0
CUST-11890,13,Month-to-month,18.0,250.42,DSL,Yes,No,Bank transfer,No,0,No,No,1,1
CUST-11891,17,One year,64.6,1149.1,DSL,No,No,Electronic check,Yes,0,Yes,No,2,1
CUST-11892,64,Month-to-month,74.34,4548.96,DSL,No,No,Mailed check,No,0,No,Yes,3,0
CUST-11893,51,Month-to-month,56.51,2824.7,No,Yes,No,Mailed check,Yes,1,No,No,1,0
CUST-11894,9,Two year,80.76,738.21,Fiber optic,No,No,Bank transfer,Yes,0,Yes,Yes,2,1
CUST-11895,62,One year,71.71,4304.05,No,Yes,No,Electronic check,No,0,Yes,Yes,1,0
CUST-11896,41,Month-to-month,48.75,1929.56,DSL,No,Yes,Bank transfer,No,1,Yes,Yes,1,0
CUST-11897,63,Month-to-month,18.0,1092.53,No,Yes,No,Credit card,Yes,0,No,No,3,1
CUST-11898,54,Month-to-month,69.0,3485.43,Fiber optic,No,Yes,Bank transfer,No,0,No,Yes,2,0
CUST-11899,24,Month-to-month,36.41,898.07,DSL,No,No,Bank transfer,Yes,1,Yes,Yes,1,1
CUST-11900,39,Month-to-month,47.65,1730.64,No,No,No,Electronic check,Yes,0,Yes,No,1,1
CUST-11901,38,Two year,79.37,3027.7,DSL,No,No,Credit card,No,0,No,Yes,1,1
CUST-11902,52,One year,107.52,5666.72,Fiber optic,Yes,No,Mailed check,Yes,0,No,Yes,1,0
CUST-11903,18,Month-to-month,63.86,1104.91,No,No,No,Electronic check,Yes,1,Yes,No,0,1
CUST-11904,24,Month-to-month,81.62,1924.94,Fiber optic,No,Yes,Bank transfer,Yes,0,No,No,0,0
CUST-11905,17,One year,21.67,373.87,Fiber optic,No,No,Mailed check,Yes,0,No,No,1,0
CUST-11906,21,Two year,72.37,1590.76,Fiber optic,Yes,No,Mailed check,No,0,Yes,Yes,0,0
CUST-11907,11,Two year,63.2,748.19,DSL,Yes,Yes,Credit card,Yes,1,Yes,No,2,0
CUST-11908,2,Month-to-month,101.88,287.74,No,Yes,Yes,Bank transfer,No,0,Yes,Yes,0,0
CUST-11909,68,Two year,48.79,3355.71,DSL,Yes,No,Mailed check,No,0,No,No,2,0
CUST-11910,5,Month-to-month,57.75,323.33,DSL,No,No,Credit card,Yes,0,No,No,3,1
CUST-11911,64,Month-to-month,96.76,5874.29,DSL,No,No,Mailed check,No,0,Yes,No,1,0
CUST-11912,0,Two year,62.24,59.17,No,Yes,No,Credit card,Yes,0,Yes,No,1,0
CUST-11913,56,Month-to-month,31.73,1768.74,Fiber optic,No,No,Credit card,Yes,0,No,Yes,1,1
CUST-11914,23,Month-to-month,120.0,2647.34,Fiber optic,No,Yes,Mailed check,No,1,Yes,No,3,0
CUST-11915,37,Month-to-month,32.64,1208.38,No,Yes,No,Credit card,No,0,Yes,No,2,0
CUST-11916,20,Month-to-month,63.06,1192.19,DSL,No,No,Bank transfer,Yes,0,Yes,No,1,1
CUST-11917,35,Month-to-month,75.4,2514.21,No,No,Yes,Credit card,No,1,Yes,No,1,0
CUST-11918,32,One year,73.03,2403.84,DSL,Yes,No,Mailed check,No,0,No,No,0,0
CUST-11919,38,Month-to-month,59.31,2233.63,Fiber optic,No,Yes,Mailed check,Yes,0,No,No,2,0
CUST-11920,28,Month-to-month,59.46,1631.67,DSL,Yes,Yes,Mailed check,No,0,Yes,No,2,0
CUST-11921,39,Two year,57.95,2255.82,No,Yes,No,Bank transfer,Yes,0,Yes,Yes,1,0
CUST-11922,60,Month-to-month,31.52,1814.14,No,No,Yes,Bank transfer,Yes,0,Yes,No,3,0
CUST-11923,31,Two year,120.0,3496.97,Fiber optic,No,No,Mailed check,Yes,0,No,No,1,0
CUST-11924,26,Month-to-month,58.4,1497.58,DSL,No,No,Mailed check,Yes,0,No,No,3,1
CUST-11925,9,One year,82.91,825.4,DSL,Yes,No,Mailed check,No,0,No,No,1,0
CUST-11926,26,Month-to-month,54.96,1375.98,Fiber optic,No,No,Bank transfer,Yes,0,Yes,No,5,1
CUST-11927,9,Two year,54.36,492.11,DSL,No,Yes,Electronic check,Yes,0,Yes,No,3,0
CUST-11928,13,Month-to-month,51.34,700.17,DSL,No,Yes,Bank transfer,Yes,1,No,Yes,3,1
CUST-11929,69,Two year,18.5,1224.35,Fiber optic,No,No,Credit card,Yes,0,No,No,0,0
CUST-11930,6,Month-to-month,60.18,393.23,Fiber optic,No,Yes,Mailed check,Yes,1,No,Yes,0,0
CUST-11931,35,One year,52.79,1803.05,No,No,Yes,Mailed check,Yes,0,Yes,No,2,0
CUST-11932,60,Month-to-month,100.15,6066.39,Fiber optic,No,Yes,Electronic check,Yes,0,Yes,No,1,0
CUST-11933,69,Month-to-month,29.1,1884.28,DSL,No,No,Bank transfer,Yes,0,No,No,3,1
CUST-11934,10,Month-to-month,47.69,482.65,Fiber optic,No,Yes,Mailed check,Yes,1,No,No,0,1
CUST-11935,11,Month-to-month,38.05,435.32,DSL,No,Yes,Credit card,Yes,1,Yes,Yes,3,0
CUST-11936,27,Month-to-month,108.28,2869.12,Fiber optic,No,No,Credit card,Yes,0,Yes,No,3,1
CUST-11937,40,One year,38.92,1460.05,Fiber optic,Yes,No,Credit card,No,0,No,Yes,3,0
CUST-11938,70,Month-to-month,81.87,5569.02,DSL,Yes,Yes,Electronic check,No,0,No,No,0,0
CUST-11939,15,Month-to-month,94.1,1441.54,DSL,Yes,No,Electronic check,Yes,0,No,No,0,1
CUST-11940,12,Month-to-month,60.62,756.97,No,No,No,Mailed check,Yes,1,No,No,4,1
CUST-11941,18,Month-to-month,23.7,423.89,Fiber optic,Yes,No,Bank transfer,Yes,0,Yes,Yes,0,0
CUST-11942,63,Month-to-month,24.08,1431.71,Fiber optic,Yes,Yes,Electronic check,Yes,0,No,No,3,0
CUST-11943,2,One year,90.79,254.08,Fiber optic,No,Yes,Mailed check,Yes,0,No,No,1,0
CUST-11944,27,Month-to-month,27.18,748.43,Fiber optic,Yes,Yes,Electronic check,No,0,No,No,2,0
CUST-11945,8,Two year,76.76,664.94,DSL,No,No,Mailed check,Yes,0,Yes,No,2,0
CUST-11946,11,Month-to-month,68.43,771.73,No,No,Yes,Mailed check,Yes,0,No,No,1,0
CUST-11947,66,Month-to-month,76.31,4915.04,No,Yes,No,Electronic check,No,0,No,No,1,0
CUST-11948,0,Two year,79.15,74.0,DSL,Yes,Yes,Mailed check,No,0,No,Yes,0,0
CUST-11949,23,Month-to-month,36.99,875.57,DSL,No,Yes,Bank transfer,Yes,0,Yes,No,2,0
CUST-11950,66,Month-to-month,35.73,2328.71,Fiber optic,No,No,Credit card,Yes,1,No,No,1,1
CUST-11951,44,Two year,86.45,3540.5,Fiber optic,No,No,Credit card,Yes,0,Yes,No,2,0
CUST-11952,5,Two year,46.12,250.6,Fiber optic,Yes,Yes,Mailed check,No,1,Yes,No,1,1
CUST-11953,33,One year,18.0,552.85,Fiber optic,No,Yes,Credit card,Yes,0,Yes,Yes,0,0
CUST-11954,70,Month-to-month,84.46,5413.5,Fiber optic,No,No,Mailed check,Yes,1,Yes,No,1,1
CUST-11955,29,One year,33.91,966.12,Fiber optic,No,Yes,Mailed check,Yes,0,No,No,1,0
CUST-11956,38,Two year,79.01,2828.98,DSL,No,No,Credit card,Yes,0,No,No,2,1
CUST-11957,38,Two year,106.78,4028.88,DSL,No,No,Mailed check,No,0,No,No,1,0
CUST-11958,48,Month-to-month,65.5,3043.49,Fiber optic,No,Yes,Bank transfer,Yes,0,Yes,No,2,1
CUST-11959,13,Month-to-month,94.87,1207.78,No,No,No,Electronic check,Yes,0,No,No,1,1
CUST-11960,61,Month-to-month,69.61,3886.75,Fiber optic,No,Yes,Mailed check,Yes,0,Yes,Yes,2,0
CUST-11961,72,Month-to-month,112.62,7429.33,Fiber optic,No,No,Credit card,No,1,No,No,0,1
CUST-11962,10,One year,33.14,347.53,No,No,No,Electronic check,Yes,0,Yes,Yes,2,1
CUST-11963,59,Month-to-month,64.75,3724.4,Fiber optic,No,No,Credit card,No,0,No,No,4,1
CUST-11964,59,Month-to-month,85.19,4780.7,Fiber optic,No,No,Mailed check,Yes,0,Yes,Yes,3,1
CUST-11965,54,Month-to-month,59.29,2960.58,DSL,No,No,Credit card,Yes,0,No,No,0,0
CUST-11966,27,Month-to-month,99.57,2769.75,Fiber optic,Yes,Yes,Mailed check,Yes,1,No,No,0,0
CUST-11967,34,Month-to-month,52.04,1713.16,Fiber optic,No,Yes,Mailed check,Yes,0,No,No,2,1
CUST-11968,61,Month-to-month,120.0,7015.41,Fiber optic,Yes,Yes,Mailed check,Yes,0,Yes,No,1,1
CUST-11969,11,Month-to-month,120.0,1350.93,DSL,Yes,No,Electronic check,Yes,0,Yes,Yes,1,1
CUST-11970,60,Two year,73.46,4059.6,Fiber optic,No,No,Credit card,Yes,0,No,No,1,0
CUST-11971,67,Month-to-month,81.58,5386.81,DSL,Yes,No,Bank transfer,Yes,0,No,No,0,1
CUST-11972,49,Month-to-month,100.75,4868.65,No,No,No,Bank transfer,No,0,Yes,Yes,0,0
CUST-11973,24,Month-to-month,29.38,673.13,DSL,Yes,No,Mailed check,Yes,0,Yes,No,2,1
CUST-11974,40,Month-to-month,25.64,974.35,Fiber optic,Yes,Yes,Credit card,No,0,Yes,No,1,0
CUST-11975,3,Month-to-month,102.69,392.15,Fiber optic,Yes,Yes,Mailed check,No,0,No,No,0,1
CUST-11976,68,Month-to-month,73.22,4737.31,DSL,No,No,Electronic check,No,0,Yes,No,2,1
CUST-11977,24,Month-to-month,58.2,1454.7,Fiber optic,No,Yes,Electronic check,Yes,0,Yes,No,1,1
CUST-11978,4,Month-to-month,65.33,310.2,DSL,Yes,Yes,Credit card,Yes,0,No,No,0,0
CUST-11979,57,One year,18.0,1031.7,Fiber optic,No,Yes,Electronic check,No,0,Yes,Yes,2,0
CUST-11980,48,Month-to-month,59.28,2673.68,No,No,No,Credit card,Yes,1,Yes,No,1,0
CUST-11981,45,Month-to-month,42.41,1864.28,Fiber optic,Yes,Yes,Mailed check,Yes,0,No,No,1,0
CUST-11982,3,One year,92.54,345.06,No,Yes,No,Electronic check,Yes,1,No,No,1,0
CUST-11983,54,Month-to-month,94.85,5182.58,DSL,Yes,Yes,Credit card,Yes,0,Yes,Yes,2,1
CUST-11984,46,Month-to-month,82.3,3694.49,Fiber optic,Yes,Yes,Bank transfer,Yes,0,Yes,No,1,0
CUST-11985,57,Month-to-month,76.86,4303.61,No,Yes,No,Bank transfer,Yes,0,No,No,3,0
CUST-11986,60,Month-to-month,20.08,1111.7,No,No,No,Bank transfer,No,0,No,Yes,4,1
CUST-11987,15,Month-to-month,82.72,1255.71,DSL,No,No,Credit card,Yes,0,No,No,0,0
CUST-11988,15,Two year,83.88,1285.64,Fiber optic,No,Yes,Electronic check,Yes,0,Yes,No,1,0
CUST-11989,67,Two year,102.36,6466.57,No,No,No,Electronic check,No,0,No,No,0,0
CUST-11990,38,Two year,120.0,4556.34,Fiber optic,No,No,Bank transfer,Yes,0,Yes,Yes,3,1
CUST-11991,31,Month-to-month,18.0,545.28,Fiber optic,Yes,No,Bank transfer,Yes,0,No,Yes,0,0
CUST-11992,20,Month-to-month,53.35,1071.2,DSL,Yes,Yes,Bank transfer,Yes,0,No,No,2,1
CUST-11993,46,Month-to-month,42.73,1879.96,DSL,No,No,Mailed check,Yes,0,Yes,Yes,2,0
CUST-11994,55,Month-to-month,70.18,3802.94,Fiber optic,Yes,Yes,Bank transfer,Yes,0,No,No,1,0
CUST-11995,0,Month-to-month,65.4,59.53,Fiber optic,Yes,No,Electronic check,Yes,0,Yes,No,1,1
CUST-11996,40,Month-to-month,57.98,2259.8,DSL,No,No,Bank transfer,No,0,No,Yes,2,0
CUST-11997,72,Month-to-month,95.83,6922.58,DSL,Yes,No,Mailed check,No,0,No,No,1,0
CUST-11998,20,Month-to-month,31.96,619.83,Fiber optic,Yes,Yes,Mailed check,Yes,0,Yes,No,1,1
CUST-11999,20,Month-to-month,33.77,699.84,Fiber optic,No,Yes,Electronic check,No,0,Yes,No,1,1
CUST-12000,64,One year,34.27,2201.94,Fiber optic,Yes,Yes,Credit card,Yes,0,Yes,Yes,0,0
CUST-12001,4,Month-to-month,54.19,250.1,Fiber optic,Yes,No,Credit card,No,0,Yes,Yes,1,1
CUST-12002,29,Two year,28.14,766.59,DSL,Yes,Yes,Credit card,Yes,0,Yes,No,1,0
CUST-12003,33,Month-to-month,63.54,2109.47,No,No,Yes,Credit card,No,0,Yes,No,0,0
CUST-12004,58,Month-to-month,60.04,3527.69,Fiber optic,No,Yes,Bank transfer,Yes,0,No,No,2,1
CUST-12005,9,Month-to-month,41.4,383.19,DSL,No,Yes,Mailed check,Yes,0,No,No,1,1
CUST-12006,31,Month-to-month,91.21,2893.33,Fiber optic,No,No,Electronic check,No,0,Yes,No,1,1
CUST-12007,11,Month-to-month,63.21,698.46,Fiber optic,Yes,Yes,Bank transfer,Yes,0,No,No,0,0
CUST-12008,57,Month-to-month,96.88,5259.03,Fiber optic,Yes,No,Credit card,Yes,1,Yes,No,1,1
CUST-12009,46,One year,59.15,2748.33,Fiber optic,No,No,Mailed check,Yes,1,Yes,Yes,3,0
CUST-12010,36,Month-to-month,64.27,2212.5,Fiber optic,Yes,No,Credit card,No,0,No,No,2,0
CUST-12011,28,Month-to-month,48.12,1361.39,Fiber optic,Yes,No,Electronic check,Yes,0,Yes,Yes,2,0
CUST-12012,11,Two year,64.79,711.16,DSL,No,No,Mailed check,Yes,1,Yes,No,1,0
CUST-12013,67,Month-to-month,86.37,5508.3,DSL,No,No,Bank transfer,No,0,No,No,2,1
CUST-12014,47,One year,52.66,2512.7,DSL,No,Yes,Mailed check,Yes,1,Yes,No,0,0
CUST-12015,23,Month-to-month,80.55,1783.62,Fiber optic,No,No,Credit card,Yes,0,Yes,Yes,4,1
CUST-12016,30,Month-to-month,40.62,1221.66,Fiber optic,No,Yes,Mailed check,No,1,No,No,0,0
CUST-12017,53,Month-to-month,87.77,4701.45,Fiber optic,No,Yes,Credit card,No,0,Yes,No,3,0
CUST-12018,52,Month-to-month,47.6,2468.55,DSL,No,No,Mailed check,No,0,No,No,4,1
CUST-12019,33,One year,90.55,3062.69,Fiber optic,Yes,No,Electronic check,Yes,0,Yes,No,2,1
CUST-12020,22,Month-to-month,66.83,1528.44,DSL,No,Yes,Bank transfer,Yes,0,Yes,No,3,1
CUST-12021,48,Month-to-month,110.63,4940.38,Fiber optic,Yes,Yes,Bank transfer,No,0,No,No,1,1
CUST-12022,48,Month-to-month,30.38,1429.32,Fiber optic,No,Yes,Bank transfer,Yes,0,No,Yes,0,1
CUST-12023,43,Two year,20.71,859.02,DSL,No,No,Electronic check,No,0,Yes,No,0,0
CUST-12024,5,One year,46.51,270.21,DSL,No,Yes,Mailed check,Yes,1,No,No,1,0
CUST-12025,34,Two year,23.46,799.96,Fiber optic,Yes,No,Electronic check,No,1,Yes,No,2,0
CUST-12026,44,One year,23.52,978.52,Fiber optic,No,Yes,Credit card,Yes,1,No,No,5,0
CUST-12027,69,One year,83.65,5738.31,DSL,Yes,No,Electronic check,No,1,No,No,2,0
CUST-12028,38,Month-to-month,64.87,2380.46,No,Yes,No,Credit card,Yes,0,No,No,0,0
CUST-12029,25,Two year,50.61,1270.69,No,No,No,Electronic check,No,1,Yes,No,1,0
CUST-12030,40,Month-to-month,53.39,2063.72,No,No,No,Bank transfer,Yes,0,Yes,No,1,1
CUST-12031,12,Month-to-month,47.08,572.02,DSL,No,Yes,Mailed check,Yes,0,No,Yes,1,0
CUST-12032,6,One year,114.51,777.03,Fiber optic,Yes,No,Electronic check,Yes,1,Yes,No,3,1
CUST-12033,49,Month-to-month,42.93,2048.17,DSL,Yes,Yes,Mailed check,Yes,0,No,No,2,1
CUST-12034,71,Month-to-month,25.34,1797.65,No,No,Yes,Electronic check,Yes,0,Yes,No,1,0
CUST-12035,61,Month-to-month,88.88,5392.64,Fiber optic,Yes,Yes,Bank transfer,Yes,0,No,Yes,1,1
CUST-12036,42,Month-to-month,58.53,2483.65,DSL,No,No,Credit card,No,0,Yes,No,2,0
CUST-12037,2,Two year,120.0,351.57,DSL,Yes,No,Mailed check,No,0,Yes,No,5,1
CUST-12038,72,Month-to-month,49.21,3562.46,No,Yes,Yes,Mailed check,No,0,No,No,0,0
CUST-12039,32,Two year,90.38,2731.01,No,No,No,Electronic check,Yes,0,Yes,No,1,0
CUST-12040,21,Month-to-month,97.47,2067.25,Fiber optic,No,Yes,Mailed check,Yes,0,Yes,No,3,0
CUST-12041,65,One year,49.36,2958.83,Fiber optic,No,Yes,Credit card,Yes,0,No,No,1,0
CUST-12042,54,Month-to-month,42.71,2231.51,Fiber optic,Yes,Yes,Bank transfer,Yes,0,Yes,Yes,4,0
CUST-12043,54,Two year,87.24,4731.67,No,Yes,No,Credit card,Yes,0,Yes,No,2,0
CUST-12044,20,Month-to-month,82.25,1679.85,Fiber optic,No,No,Credit card,No,0,Yes,Yes,1,1
CUST-12045,72,Month-to-month,22.68,1586.59,Fiber optic,No,Yes,Electronic check,Yes,0,No,No,0,0
CUST-12046,33,Month-to-month,31.15,1026.69,Fiber optic,Yes,Yes,Electronic check,Yes,1,Yes,No,2,1
CUST-12047,38,Month-to-month,18.0,643.96,No,Yes,No,Mailed check,Yes,0,Yes,No,1,0
CUST-12048,54,Month-to-month,82.86,4525.76,DSL,No,No,Credit card,Yes,1,Yes,No,1,0
CUST-12049,48,One year,57.15,2579.81,Fiber optic,No,Yes,Electronic check,Yes,1,No,Yes,0,1
CUST-12050,12,Two year,60.14,716.69,DSL,Yes,No,Electronic check,Yes,1,Yes,No,2,1
CUST-12051,22,One year,18.0,378.4,Fiber optic,Yes,No,Credit card,Yes,0,Yes,No,2,0
CUST-12052,26,Month-to-month,32.06,860.1,Fiber optic,Yes,No,Electronic check,Yes,0,Yes,No,1,1
CUST-12053,69,Month-to-month,50.66,3355.01,DSL,Yes,Yes,Mailed check,No,0,No,No,0,0
CUST-12054,52,Two year,44.83,2265.05,Fiber optic,Yes,No,Credit card,No,0,Yes,Yes,1,0
CUST-12055,26,Two year,68.54,1735.66,DSL,Yes,No,Electronic check,Yes,0,Yes,Yes,0,1
CUST-12056,53,Month-to-month,82.5,4021.65,No,Yes,Yes,Electronic check,Yes,0,Yes,No,1,0
CUST-12057,53,Two year,120.0,5875.2,No,Yes,No,Bank transfer,Yes,0,Yes,No,3,0
CUST-12058,28,Month-to-month,64.4,1683.78,Fiber optic,No,No,Electronic check,No,0,Yes,Yes,1,0
CUST-12059,29,Two year,98.46,2817.63,Fiber optic,No,No,Bank transfer,Yes,0,Yes,No,0,0
CUST-12060,65,Two year,40.1,2433.15,DSL,No,No,Bank transfer,Yes,0,No,Yes,0,0
CUST-12061,41,One year,18.0,710.8,No,Yes,Yes,Electronic check,Yes,0,Yes,Yes,0,0
CUST-12062,10,Month-to-month,54.43,566.42,Fiber optic,No,No,Bank transfer,No,0,Yes,No,2,1
CUST-12063,52,One year,18.0,909.41,DSL,No,Yes,Mailed check,Yes,0,No,No,1,0
CUST-12064,43,Month-to-month,65.44,2848.49,No,No,No,Credit card,Yes,1,Yes,Yes,3,1
CUST-12065,37,One year,41.59,1429.21,DSL,Yes,Yes,Mailed check,Yes,0,Yes,No,3,0
CUST-12066,52,Month-to-month,18.0,905.75,Fiber optic,Yes,Yes,Bank transfer,Yes,1,No,No,1,0
CUST-12067,66,One year,117.08,7163.36,DSL,No,No,Mailed check,Yes,0,Yes,No,1,0
CUST-12068,24,Two year,48.87,1212.77,Fiber optic,Yes,No,Credit card,No,0,No,No,3,0
CUST-12069,30,Month-to-month,18.0,553.39,DSL,Yes,No,Mailed check,No,0,No,No,4,0
CUST-12070,13,Month-to-month,91.95,1176.58,DSL,Yes,No,Bank transfer,No,0,No,Yes,2,1
CUST-12071,47,One year,43.14,1887.95,Fiber optic,No,Yes,Credit card,No,0,Yes,No,0,0
CUST-12072,29,Month-to-month,97.7,2670.1,No,No,Yes,Credit card,Yes,0,No,No,3,0
CUST-12073,24,Month-to-month,43.0,978.04,DSL,Yes,No,Credit card,No,0,No,Yes,1,0
CUST-12074,50,Month-to-month,48.77,2277.87,Fiber optic,No,Yes,Bank transfer,No,0,No,Yes,2,0
CUST-12075,29,Month-to-month,75.34,2069.37,Fiber optic,No,No,Bank transfer,Yes,0,Yes,Yes,2,1
CUST-12076,33,One year,82.8,2579.71,No,Yes,No,Mailed check,No,1,No,No,1,1
CUST-12077,32,One year,88.05,2658.26,DSL,No,No,Bank transfer,No,0,No,No,1,1
CUST-12078,18,Month-to-month,62.31,1110.24,Fiber optic,Yes,No,Bank transfer,No,0,No,Yes,0,1
CUST-12079,9,Month-to-month,80.86,748.27,No,No,No,Bank transfer,No,0,No,No,0,1
CUST-12080,60,Month-to-month,87.37,5018.9,DSL,No,No,Mailed check,Yes,0,Yes,No,2,1
CUST-12081,6,Month-to-month,71.02,491.86,Fiber optic,No,No,Mailed check,No,0,Yes,Yes,0,1
CUST-12082,23,One year,60.72,1362.84,No,No,No,Electronic check,Yes,0,No,No,3,0
CUST-12083,48,Month-to-month,21.64,984.7,DSL,Yes,Yes,Bank transfer,No,0,Yes,Yes,2,0
CUST-12084,9,Month-to-month,82.98,822.69,Fiber optic,No,No,Electronic check,No,0,Yes,Yes,0,1
CUST-12085,47,Two year,66.27,2965.17,DSL,No,Yes,Electronic check,Yes,0,Yes,No,2,0
CUST-12086,53,Month-to-month,52.59,2590.52,No,No,No,Mailed check,Yes,0,Yes,No,0,1
CUST-12087,48,One year,103.33,4870.26,No,No,No,Electronic check,No,0,No,Yes,2,0
CUST-12088,22,Month-to-month,22.16,473.07,Fiber optic,Yes,No,Bank transfer,Yes,1,No,No,1,1
CUST-12089,1,Month-to-month,114.32,217.66,Fiber optic,Yes,Yes,Electronic check,Yes,0,Yes,No,1,1
CUST-12090,64,Month-to-month,64.33,4084.43,Fiber optic,Yes,No,Mailed check,Yes,0,No,No,2,1
CUST-12091,23,One year,74.53,1711.01,DSL,No,Yes,Bank transfer,No,0,No,No,2,0
CUST-12092,58,Two year,53.15,3075.88,DSL,No,No,Bank transfer,Yes,0,Yes,No,2,0
CUST-12093,14,Month-to-month,18.0,252.31,DSL,No,No,Bank transfer,Yes,0,No,No,4,1
CUST-12094,11,Month-to-month,60.81,669.06,DSL,Yes,No,Mailed check,No,1,Yes,No,1,1
CUST-12095,56,Month-to-month,75.04,4018.36,Fiber optic,Yes,Yes,Mailed check,Yes,0,No,Yes,2,0
CUST-12096,68,One year,85.29,5538.93,DSL,Yes,No,Credit card,No,0,Yes,No,3,0
CUST-12097,62,One year,59.06,3615.1,DSL,No,No,Mailed check,Yes,1,No,No,1,0
CUST-12098,54,One year,18.0,959.0,Fiber optic,No,No,Bank transfer,Yes,0,Yes,No,0,0
CUST-12099,18,Two year,18.75,331.65,DSL,No,No,Credit card,No,0,No,Yes,0,0
CUST-12100,66,Month-to-month,120.0,7983.18,DSL,No,No,Electronic check,Yes,1,Yes,Yes,2,0
CUST-12101,48,One year,32.22,1464.41,DSL,No,No,Electronic check,No,0,Yes,No,0,0
CUST-12102,12,One year,107.81,1401.03,DSL,Yes,Yes,Mailed check,Yes,0,No,No,2,0
CUST-12103,9,Month-to-month,36.98,334.03,Fiber optic,Yes,No,Mailed check,No,0,Yes,No,4,0
CUST-12104,63,Two year,59.53,3685.62,Fiber optic,Yes,No,Electronic check,Yes,0,Yes,No,0,0
CUST-12105,20,Month-to-month,83.76,1692.16,No,Yes,Yes,Credit card,No,0,Yes,No,0,0
CUST-12106,55,One year,40.39,2167.96,Fiber optic,No,Yes,Bank transfer,Yes,0,No,Yes,2,0
CUST-12107,10,One year,112.77,1213.07,Fiber optic,Yes,No,Bank transfer,No,1,Yes,No,0,0
CUST-12108,20,Two year,67.27,1354.87,No,No,No,Bank transfer,Yes,0,No,Yes,1,1
CUST-12109,20,Month-to-month,78.83,1590.85,Fiber optic,No,No,Mailed check,No,0,Yes,No,1,0
CUST-12110,20,Month-to-month,56.97,1181.7,Fiber optic,No,No,Bank transfer,Yes,0,Yes,Yes,1,1
CUST-12111,49,Two year,84.76,3893.34,Fiber optic,No,No,Electronic check,Yes,0,Yes,No,2,0
CUST-12112,66,One year,112.36,7175.17,DSL,Yes,No,Bank transfer,No,0,Yes,Yes,0,0
CUST-12113,66,Month-to-month,61.06,3973.24,DSL,No,Yes,Credit card,Yes,0,No,No,2,0
CUST-12114,54,One year,116.89,5983.99,DSL,Yes,No,Credit card,No,0,No,No,0,0
CUST-12115,14,Month-to-month,46.65,645.13,Fiber optic,No,No,Mailed check,No,0,Yes,Yes,2,1
CUST-12116,70,One year,87.92,5698.55,DSL,No,No,Electronic check,Yes,0,No,No,0,0
CUST-12117,39,Two year,79.67,2951.83,Fiber optic,Yes,Yes,Credit card,No,0,No,Yes,1,0
CUST-12118,39,Month-to-month,32.94,1273.6,No,Yes,No,Bank transfer,Yes,0,No,No,1,0
CUST-12119,51,Month-to-month,71.41,3570.34,Fiber optic,No,No,Credit card,Yes,0,Yes,No,1,0
CUST-12120,56,Two year,65.22,3409.64,DSL,No,No,Mailed check,Yes,0,Yes,Yes,1,0
CUST-12121,69,One year,39.4,2617.66,Fiber optic,No,No,Credit card,Yes,0,Yes,No,3,0
CUST-12122,42,Two year,75.74,3000.76,DSL,No,No,Credit card,No,0,No,No,1,0
CUST-12123,44,Month-to-month,69.39,3102.56,No,No,No,Electronic check,No,0,Yes,No,2,1
CUST-12124,54,Two year,62.82,3359.79,Fiber optic,No,No,Bank transfer,No,0,No,No,0,0
CUST-12125,18,Month-to-month,62.94,1097.0,Fiber optic,Yes,Yes,Mailed check,No,0,Yes,No,2,0
CUST-12126,22,Month-to-month,62.3,1331.12,Fiber optic,No,No,Bank transfer,Yes,0,No,Yes,0,1
CUST-12127,45,Month-to-month,53.97,2446.15,Fiber optic,No,Yes,Mailed check,Yes,1,Yes,Yes,2,1
CUST-12128,4,One year,69.2,330.68,Fiber optic,No,No,Electronic check,Yes,0,No,No,3,1
CUST-12129,23,Two year,45.68,1025.71,DSL,No,No,Mailed check,No,0,Yes,No,2,0
CUST-12130,52,One year,120.0,6104.6,DSL,No,No,Bank transfer,Yes,0,No,Yes,0,1
CUST-12131,71,One year,22.72,1535.97,DSL,No,No,Mailed check,No,0,No,Yes,3,0
CUST-12132,37,Month-to-month,47.46,1787.51,Fiber optic,No,No,Mailed check,Yes,0,Yes,No,3,0
CUST-12133,29,Month-to-month,49.83,1476.0,No,Yes,Yes,Mailed check,Yes,0,Yes,No,1,1
CUST-12134,32,Month-to-month,120.0,3627.51,Fiber optic,No,No,Bank transfer,No,0,No,Yes,2,1
CUST-12135,50,Month-to-month,25.4,1253.62,Fiber optic,Yes,Yes,Mailed check,Yes,1,Yes,No,3,0
CUST-12136,39,Month-to-month,77.78,3060.67,No,No,No,Electronic check,Yes,0,Yes,No,3,0
CUST-12137,1,Two year,72.45,133.47,DSL,Yes,No,Bank transfer,Yes,0,Yes,No,1,0
CUST-12138,39,One year,75.01,2961.85,DSL,No,No,Electronic check,No,0,No,No,0,1
CUST-12139,29,One year,102.09,2884.93,No,No,Yes,Mailed check,Yes,1,Yes,No,1,0
CUST-12140,51,Month-to-month,101.47,4911.17,No,Yes,No,Bank transfer,Yes,0,Yes,Yes,1,0
CUST-12141,63,Month-to-month,51.47,3288.83,Fiber optic,No,No,Mailed check,Yes,1,Yes,No,1,1
CUST-12142,70,Month-to-month,70.82,4871.34,DSL,No,No,Electronic check,Yes,1,Yes,No,0,0
CUST-12143,44,Month-to-month,18.0,752.53,No,Yes,No,Mailed check,Yes,0,Yes,Yes,0,1
CUST-12144,26,Month-to-month,67.97,1748.88,Fiber optic,No,No,Mailed check,Yes,0,No,No,1,1
CUST-12145,32,Month-to-month,41.18,1310.49,Fiber optic,No,No,Bank transfer,Yes,0,No,No,0,0
CUST-12146,12,Month-to-month,59.41,750.08,DSL,No,Yes,Bank transfer,No,0,Yes,No,2,0
CUST-12147,68,One year,18.0,1143.81,Fiber optic,No,Yes,Electronic check,No,0,No,Yes,4,0
CUST-12148,61,Month-to-month,77.15,4599.91,No,Yes,No,Credit card,No,0,No,No,3,0
CUST-12149,62,Month-to-month,18.0,1116.68,No,Yes,No,Bank transfer,Yes,1,No,No,2,0
CUST-12150,23,Month-to-month,69.45,1634.07,Fiber optic,Yes,Yes,Electronic check,Yes,0,Yes,No,1,1
CUST-12151,23,Month-to-month,28.2,629.04,Fiber optic,No,Yes,Mailed check,Yes,0,No,No,3,1
CUST-12152,62,Month-to-month,39.51,2481.71,Fiber optic,Yes,No,Credit card,Yes,0,No,Yes,2,0
CUST-12153,39,Month-to-month,99.64,3592.06,Fiber optic,Yes,Yes,Bank transfer,Yes,0,Yes,No,0,0
CUST-12154,51,One year,82.64,4202.32,Fiber optic,No,No,Mailed check,Yes,0,No,No,3,0
CUST-12155,35,Month-to-month,99.48,3336.72,DSL,Yes,No,Credit card,Yes,1,Yes,No,1,0
CUST-12156,32,Two year,111.79,3667.38,DSL,No,No,Bank transfer,Yes,0,No,No,1,0
CUST-12157,46,Month-to-month,41.81,1937.77,Fiber optic,No,Yes,Bank transfer,Yes,0,No,Yes,2,0
CUST-12158,59,Month-to-month,109.97,6519.79,DSL,Yes,Yes,Electronic check,Yes,0,No,Yes,3,1
CUST-12159,24,Month-to-month,21.03,486.42,DSL,Yes,Yes,Bank transfer,No,0,Yes,No,2,0
CUST-12160,59,Month-to-month,87.38,5136.06,No,Yes,Yes,Electronic check,Yes,1,No,Yes,2,1
CUST-12161,17,Month-to-month,50.2,843.3,Fiber optic,No,No,Credit card,No,1,Yes,No,0,1
CUST-12162,29,Two year,37.09,1051.19,DSL,Yes,No,Electronic check,Yes,0,No,No,0,1
CUST-12163,66,Month-to-month,83.43,5536.34,DSL,No,Yes,Electronic check,No,0,No,No,0,0
CUST-12164,69,One year,93.35,6351.83,Fiber optic,No,No,Mailed check,Yes,0,Yes,Yes,2,0
CUST-12165,67,Month-to-month,92.46,6061.29,Fiber optic,Yes,No,Mailed check,Yes,0,No,No,1,1
CUST-12166,23,Month-to-month,71.45,1565.44,Fiber optic,No,Yes,Mailed check,No,0,Yes,Yes,1,0
CUST-12167,61,Month-to-month,68.96,4078.11,Fiber optic,No,Yes,Credit card,Yes,1,Yes,No,1,0
CUST-12168,68,Month-to-month,80.81,5087.17,DSL,Yes,No,Mailed check,Yes,0,No,Yes,0,0
CUST-12169,71,Month-to-month,74.11,4842.36,Fiber optic,No,No,Credit card,Yes,0,Yes,No,2,1
CUST-12170,1,Two year,81.24,161.61,DSL,Yes,No,Electronic check,No,0,No,Yes,1,0
CUST-12171,54,One year,71.12,3752.16,Fiber optic,No,Yes,Bank transfer,No,0,Yes,No,5,0
CUST-12172,72,Two year,90.28,5935.45,DSL,Yes,No,Electronic check,Yes,1,No,No,1,0
CUST-12173,55,Month-to-month,18.0,954.48,DSL,No,Yes,Electronic check,No,0,Yes,No,3,0
CUST-12174,17,One year,61.06,1020.69,DSL,No,Yes,Electronic check,Yes,0,Yes,No,2,0
CUST-12175,55,One year,23.48,1203.63,No,No,No,Mailed check,Yes,0,Yes,No,0,0
CUST-12176,7,One year,73.3,575.79,DSL,No,No,Mailed check,Yes,1,No,No,1,1
CUST-12177,35,Two year,114.26,3765.21,DSL,Yes,Yes,Credit card,Yes,0,No,No,0,0
CUST-12178,45,One year,50.78,2141.15,DSL,No,Yes,Credit card,No,0,No,Yes,5,0
CUST-12179,33,Two year,68.82,2160.32,Fiber optic,Yes,No,Bank transfer,No,0,Yes,No,3,0
CUST-12180,51,One year,87.69,4428.76,Fiber optic,Yes,Yes,Mailed check,No,0,No,No,0,0
CUST-12181,17,Month-to-month,18.0,297.78,No,Yes,Yes,Mailed check,No,0,Yes,No,1,0
CUST-12182,44,One year,49.34,2069.62,Fiber optic,No,Yes,Mailed check,Yes,0,Yes,No,0,0
CUST-12183,47,Month-to-month,75.94,3609.52,Fiber optic,No,Yes,Electronic check,No,0,Yes,No,1,0
CUST-12184,46,Two year,18.0,809.21,Fiber optic,Yes,No,Bank transfer,Yes,0,No,Yes,0,0
CUST-12185,21,Two year,35.7,720.45,DSL,No,Yes,Credit card,No,0,No,Yes,1,0
CUST-12186,22,Month-to-month,98.03,2223.1,No,No,No,Bank transfer,Yes,0,No,No,3,1
CUST-12187,18,Month-to-month,95.09,1718.57,No,Yes,No,Bank transfer,No,1,Yes,Yes,1,1
CUST-12188,33,Month-to-month,76.23,2548.85,DSL,No,Yes,Mailed check,No,0,No,Yes,2,0
CUST-12189,42,Month-to-month,91.47,3570.86,Fiber optic,No,No,Credit card,Yes,0,Yes,No,1,1
CUST-12190,26,Month-to-month,71.45,1767.45,DSL,No,Yes,Credit card,Yes,0,Yes,No,2,1
CUST-12191,29,One year,81.66,2227.31,Fiber optic,No,No,Mailed check,Yes,0,No,No,1,0
CUST-12192,20,One year,55.53,1105.64,Fiber optic,No,No,Credit card,Yes,0,Yes,No,0,0
CUST-12193,15,Two year,68.47,1028.41,No,Yes,No,Mailed check,No,0,Yes,No,1,0
CUST-12194,47,Month-to-month,46.03,2080.41,DSL,No,Yes,Electronic check,Yes,0,No,No,2,0
CUST-12195,59,Month-to-month,102.9,5782.9,Fiber optic,Yes,No,Mailed check,Yes,0,Yes,Yes,1,0
CUST-12196,21,Month-to-month,110.65,2294.12,Fiber optic,Yes,No,Credit card,Yes,0,No,No,0,1
CUST-12197,62,Two year,106.4,6288.43,DSL,Yes,Yes,Mailed check,Yes,0,Yes,No,5,0
CUST-12198,41,Month-to-month,52.76,2029.71,Fiber optic,No,Yes,Credit card,Yes,0,No,No,0,0
CUST-12199,12,Month-to-month,36.39,452.68,Fiber optic,No,Yes,Mailed check,No,1,No,Yes,2,0
CUST-12200,26,Month-to-month,103.31,2752.88,Fiber optic,No,Yes,Mailed check,No,0,No,No,0,1
CUST-12201,0,Two year,81.32,81.27,No,Yes,Yes,Electronic check,No,0,No,No,1,0
CUST-12202,2,Month-to-month,74.86,204.76,DSL,No,No,Credit card,Yes,0,Yes,No,0,1
CUST-12203,24,One year,45.99,1082.06,DSL,Yes,No,Mailed check,Yes,0,No,Yes,2,0
CUST-12204,33,One year,77.77,2443.51,DSL,No,Yes,Electronic check,Yes,0,No,No,1,0
CUST-12205,58,One year,32.44,1831.07,DSL,Yes,No,Electronic check,Yes,1,No,Yes,2,1
CUST-12206,9,Month-to-month,84.02,786.46,Fiber optic,No,No,Bank transfer,Yes,0,Yes,No,2,1
CUST-12207,61,Month-to-month,106.37,6514.32,No,No,No,Credit card,Yes,0,No,No,3,0
CUST-12208,17,Month-to-month,113.93,2037.45,Fiber optic,No,No,Credit card,No,0,No,No,1,1
CUST-12209,10,Month-to-month,86.26,884.82,Fiber optic,No,No,Electronic check,Yes,0,Yes,Yes,1,1
CUST-12210,51,One year,23.54,1145.3,Fiber optic,No,No,Bank transfer,Yes,0,Yes,Yes,4,0
CUST-12211,56,Month-to-month,70.92,3854.45,DSL,No,Yes,Mailed check,Yes,1,Yes,No,0,0
CUST-12212,44,Month-to-month,120.0,5203.18,No,No,Yes,Bank transfer,No,0,Yes,No,2,0
CUST-12213,8,Month-to-month,38.94,341.78,Fiber optic,No,No,Bank transfer,Yes,0,Yes,Yes,0,0
CUST-12214,8,One year,63.22,517.78,Fiber optic,No,Yes,Electronic check,No,0,Yes,No,2,0
CUST-12215,28,Month-to-month,107.41,2819.32,No,No,Yes,Electronic check,Yes,0,Yes,No,3,1
CUST-12216,32,One year,83.51,2667.16,Fiber optic,No,Yes,Bank transfer,Yes,0,Yes,No,0,1
CUST-12217,72,Month-to-month,120.0,8303.33,DSL,No,No,Bank transfer,Yes,0,No,No,1,0
CUST-12218,20,Two year,43.01,873.65,Fiber optic,No,Yes,Credit card,Yes,0,No,No,1,0
CUST-12219,14,One year,35.31,492.66,Fiber optic,Yes,No,Credit card,Yes,0,Yes,Yes,1,0
CUST-12220,69,Month-to-month,101.72,6530.95,Fiber optic,No,No,Electronic check,No,1,Yes,No,1,0
CUST-12221,11,Month-to-month,29.12,318.38,No,No,No,Bank transfer,No,0,Yes,No,2,0
CUST-12222,1,Month-to-month,59.1,115.67,Fiber optic,No,No,Mailed check,Yes,0,Yes,No,2,1
CUST-12223,30,Month-to-month,63.03,1837.29,Fiber optic,No,No,Mailed check,Yes,1,Yes,No,2,1
CUST-12224,29,Month-to-month,96.08,2618.05,No,Yes,Yes,Electronic check,Yes,0,Yes,Yes,3,1
CUST-12225,45,Two year,83.43,3548.71,Fiber optic,No,Yes,Credit card,No,0,Yes,No,1,0
CUST-12226,64,One year,78.71,5045.3,Fiber optic,No,No,Electronic check,Yes,1,No,No,1,0
CUST-12227,68,Month-to-month,52.93,3462.82,DSL,Yes,No,Credit card,Yes,0,No,Yes,3,0
CUST-12228,21,One year,101.45,2199.17,Fiber optic,No,No,Credit card,Yes,0,No,No,0,1
CUST-12229,71,Month-to-month,120.0,8592.77,Fiber optic,Yes,No,Credit card,No,0,Yes,Yes,2,0
CUST-12230,46,Two year,85.74,3653.78,DSL,No,No,Electronic check,Yes,0,No,Yes,2,0
CUST-12231,5,Month-to-month,67.99,405.62,Fiber optic,No,Yes,Mailed check,Yes,0,Yes,No,2,0
CUST-12232,68,One year,26.06,1685.05,DSL,No,No,Electronic check,Yes,0,No,Yes,2,0
CUST-12233,10,One year,45.88,489.45,DSL,Yes,No,Bank transfer,No,0,No,No,0,0
CUST-12234,42,Month-to-month,58.59,2369.0,Fiber optic,Yes,No,Credit card,Yes,0,No,No,0,1
CUST-12235,57,Month-to-month,48.96,2730.24,DSL,Yes,Yes,Bank transfer,No,0,No,No,0,0
CUST-12236,18,Month-to-month,64.52,1185.4,Fiber optic,No,Yes,Electronic check,No,0,Yes,No,2,1
CUST-12237,19,Two year,118.34,2161.59,Fiber optic,No,No,Mailed check,Yes,0,Yes,No,1,0
CUST-12238,34,Month-to-month,102.42,3380.77,DSL,No,Yes,Electronic check,No,0,Yes,Yes,1,0
CUST-12239,64,One year,60.24,3604.93,DSL,No,Yes,Mailed check,No,0,Yes,No,1,0
CUST-12240,16,One year,28.75,445.71,Fiber optic,Yes,No,Mailed check,Yes,1,No,Yes,2,0
CUST-12241,48,Two year,105.12,4940.7,DSL,Yes,No,Credit card,No,1,No,Yes,1,0
CUST-12242,33,Month-to-month,63.53,2090.96,Fiber optic,No,Yes,Electronic check,Yes,0,No,No,0,1
CUST-12243,8,Month-to-month,18.0,149.97,Fiber optic,No,No,Mailed check,Yes,0,Yes,Yes,2,0
CUST-12244,51,One year,86.37,4045.41,Fiber optic,Yes,Yes,Electronic check,Yes,0,No,No,4,1
CUST-12245,60,Month-to-month,95.77,5824.89,Fiber optic,No,Yes,Credit card,No,1,No,Yes,4,1
CUST-12246,42,Two year,18.0,733.35,No,No,No,Mailed check,No,0,Yes,No,1,0
CUST-12247,12,Month-to-month,40.26,505.16,DSL,Yes,No,Credit card,Yes,0,No,No,2,1
CUST-12248,11,Month-to-month,61.69,671.82,No,Yes,Yes,Bank transfer,No,0,No,No,1,1
CUST-12249,30,Two year,87.04,2595.77,No,No,No,Mailed check,No,0,No,No,0,0
CUST-12250,36,Month-to-month,49.53,1789.1,Fiber optic,Yes,No,Bank transfer,No,0,Yes,Yes,3,1
CUST-12251,40,Month-to-month,40.04,1485.26,DSL,No,No,Electronic check,Yes,0,No,Yes,0,0
CUST-12252,17,Month-to-month,86.82,1488.31,DSL,No,No,Credit card,Yes,1,No,No,1,1
CUST-12253,36,Month-to-month,50.95,1723.41,No,No,Yes,Credit card,Yes,0,No,No,0,1
CUST-12254,21,Two year,81.26,1635.21,DSL,Yes,Yes,Mailed check,Yes,0,Yes,No,0,0
CUST-12255,50,Month-to-month,31.65,1551.97,No,Yes,No,Electronic check,Yes,0,Yes,No,1,0
CUST-12256,58,Month-to-month,24.43,1386.49,Fiber optic,No,No,Mailed check,Yes,0,Yes,No,2,0
CUST-12257,47,Month-to-month,87.66,4019.92,Fiber optic,Yes,Yes,Credit card,Yes,0,No,No,3,0
CUST-12258,0,Two year,72.58,69.02,Fiber optic,No,Yes,Bank transfer,No,0,No,No,1,0
CUST-12259,72,Month-to-month,92.67,6406.36,DSL,No,Yes,Electronic check,Yes,0,No,Yes,4,1
CUST-12260,1,Two year,49.02,92.95,Fiber optic,No,Yes,Electronic check,Yes,0,Yes,No,1,0
CUST-12261,72,Two year,41.15,2804.03,No,No,Yes,Electronic check,No,0,Yes,Yes,1,0
CUST-12262,2,Month-to-month,105.82,293.88,DSL,Yes,No,Credit card,Yes,0,Yes,No,2,0
CUST-12263,37,Two year,19.31,679.89,No,No,Yes,Mailed check,No,0,No,No,0,0
CUST-12264,7,One year,102.54,812.78,No,No,No,Credit card,No,0,Yes,No,1,0
CUST-12265,6,Month-to-month,104.62,678.64,DSL,Yes,Yes,Mailed check,Yes,0,No,No,0,0
CUST-12266,49,Month-to-month,90.8,4256.03,Fiber optic,Yes,Yes,Credit card,Yes,0,Yes,No,1,1
CUST-12267,53,Two year,44.37,2277.16,DSL,No,No,Credit card,Yes,0,No,No,1,0
CUST-12268,8,One year,40.5,355.12,Fiber optic,No,Yes,Bank transfer,Yes,0,Yes,No,2,1
CUST-12269,71,One year,58.7,4132.19,No,Yes,Yes,Electronic check,Yes,0,Yes,No,1,0
CUST-12270,23,Two year,26.15,610.13,No,Yes,No,Electronic check,Yes,0,No,No,1,0
CUST-12271,23,Month-to-month,36.15,807.13,No,No,Yes,Electronic check,Yes,0,Yes,No,0,0
CUST-12272,21,Two year,84.34,1700.19,DSL,No,Yes,Bank transfer,Yes,0,Yes,No,2,0
CUST-12273,33,Two year,84.48,2819.76,Fiber optic,No,No,Bank transfer,Yes,1,No,No,1,1
CUST-12274,12,Month-to-month,33.51,430.16,DSL,Yes,No,Credit card,Yes,0,Yes,No,1,1
CUST-12275,31,Month-to-month,85.28,2705.2,No,Yes,No,Credit card,Yes,0,No,No,1,1
CUST-12276,15,Month-to-month,78.63,1240.26,DSL,No,Yes,Mailed check,Yes,0,Yes,No,0,1
CUST-12277,3,Two year,110.3,413.02,DSL,No,Yes,Mailed check,No,0,Yes,No,4,0
CUST-12278,26,Month-to-month,82.07,2028.32,DSL,No,No,Credit card,No,1,Yes,Yes,0,1
CUST-12279,49,One year,96.76,4678.55,DSL,No,No,Credit card,No,0,Yes,No,1,0
CUST-12280,55,Month-to-month,79.31,4285.65,DSL,No,Yes,Mailed check,Yes,0,No,No,1,0
CUST-12281,25,Month-to-month,94.4,2269.8,DSL,Yes,No,Electronic check,Yes,0,No,No,0,0
CUST-12282,23,One year,26.39,609.31,No,Yes,No,Electronic check,No,1,No,No,0,0
CUST-12283,57,Month-to-month,61.35,3557.67,Fiber optic,Yes,No,Credit card,No,0,Yes,No,1,1
CUST-12284,49,Two year,63.83,2926.14,DSL,Yes,No,Mailed check,No,1,Yes,No,4,1
CUST-12285,60,Month-to-month,57.69,3300.41,Fiber optic,No,No,Bank transfer,Yes,0,No,No,1,1
CUST-12286,66,Two year,78.32,4927.9,Fiber optic,Yes,No,Credit card,Yes,1,Yes,Yes,2,0
CUST-12287,59,Month-to-month,84.03,4645.28,Fiber optic,No,Yes,Credit card,Yes,1,No,No,1,0
CUST-12288,68,Two year,76.77,5184.87,DSL,Yes,No,Mailed check,No,0,No,No,4,0
CUST-12289,30,One year,59.69,1796.23,Fiber optic,No,No,Bank transfer,No,1,Yes,No,1,0
CUST-12290,28,Month-to-month,42.93,1147.49,Fiber optic,Yes,No,Electronic check,No,1,Yes,No,4,1
CUST-12291,23,Month-to-month,97.92,2316.66,DSL,Yes,No,Credit card,No,1,No,No,0,1
CUST-12292,17,Month-to-month,75.49,1280.8,Fiber optic,Yes,Yes,Credit card,No,0,Yes,No,1,1
CUST-12293,54,One year,34.44,1809.13,Fiber optic,No,Yes,Mailed check,Yes,0,No,No,1,0
CUST-12294,52,Two year,59.19,3038.22,Fiber optic,No,No,Mailed check,No,0,No,Yes,2,0
CUST-12295,58,Month-to-month,18.0,1048.64,Fiber optic,No,No,Bank transfer,No,0,Yes,Yes,0,1
CUST-12296,12,Month-to-month,66.06,792.38,Fiber optic,No,No,Mailed check,No,0,Yes,No,0,0
CUST-12297,35,One year,59.05,2039.14,Fiber optic,No,Yes,Bank transfer,No,0,Yes,No,2,0
CUST-12298,16,Month-to-month,47.77,785.42,DSL,No,No,Electronic check,Yes,1,Yes,No,2,0
CUST-12299,65,One year,112.54,7343.25,DSL,Yes,No,Mailed check,No,0,No,Yes,1,0
CUST-12300,19,Month-to-month,30.32,592.59,Fiber optic,Yes,No,Credit card,Yes,0,No,No,1,0
CUST-12301,10,One year,86.19,939.98,DSL,No,Yes,Credit card,No,0,No,Yes,0,0
CUST-12302,41,Two year,120.0,4573.92,Fiber optic,No,No,Electronic check,No,0,No,Yes,2,1
CUST-12303,64,Month-to-month,97.32,5962.36,DSL,No,Yes,Credit card,No,0,No,No,2,0
CUST-12304,66,Month-to-month,64.05,3993.67,Fiber optic,No,No,Electronic check,Yes,0,No,Yes,2,1
CUST-12305,7,Month-to-month,30.98,235.38,Fiber optic,No,Yes,Credit card,No,0,No,No,2,1
CUST-12306,23,One year,24.14,568.4,Fiber optic,Yes,No,Mailed check,No,0,No,No,1,0
CUST-12307,11,Month-to-month,52.65,599.74,Fiber optic,No,Yes,Mailed check,No,0,Yes,Yes,0,0
CUST-12308,22,Two year,44.39,922.46,Fiber optic,No,Yes,Bank transfer,Yes,0,Yes,No,3,0
CUST-12309,38,One year,43.41,1637.26,No,No,Yes,Credit card,No,0,No,No,1,0
CUST-12310,20,Month-to-month,55.21,1044.66,Fiber optic,Yes,No,Mailed check,No,0,Yes,Yes,2,0
CUST-12311,4,One year,61.93,281.71,Fiber optic,Yes,No,Mailed check,Yes,0,No,No,0,1
CUST-12312,37,Month-to-month,79.56,2940.96,DSL,Yes,No,Credit card,Yes,1,No,Yes,1,1
CUST-12313,3,Two year,27.87,109.6,Fiber optic,No,No,Credit card,No,0,Yes,No,0,0
CUST-12314,16,Month-to-month,44.53,705.39,Fiber optic,No,Yes,Bank transfer,No,0,No,No,3,0
CUST-12315,0,One year,60.21,57.61,Fiber optic,Yes,Yes,Electronic check,Yes,0,Yes,Yes,2,0
CUST-12316,6,Two year,59.14,395.23,Fiber optic,No,Yes,Credit card,Yes,0,Yes,No,1,0
CUST-12317,31,One year,120.0,3477.35,No,No,No,Bank transfer,No,0,Yes,No,3,0
CUST-12318,62,Two year,71.97,4327.74,No,No,No,Bank transfer,No,0,Yes,Yes,2,0
CUST-12319,56,Month-to-month,18.0,924.53,Fiber optic,No,Yes,Electronic check,Yes,0,Yes,No,2,0
CUST-12320,7,Two year,77.55,609.23,No,No,No,Credit card,No,0,Yes,No,3,1
CUST-12321,2,One year,81.37,237.96,No,No,No,Bank transfer,Yes,0,No,No,1,1
CUST-12322,24,One year,61.25,1421.57,DSL,No,No,Electronic check,Yes,0,Yes,No,0,0
CUST-12323,47,Month-to-month,28.6,1271.53,Fiber optic,No,Yes,Mailed check,No,0,No,No,0,0
CUST-12324,54,Month-to-month,117.74,5951.25,DSL,Yes,No,Mailed check,Yes,0,Yes,No,1,0
CUST-12325,60,One year,32.9,1997.42,DSL,No,No,Credit card,Yes,0,Yes,Yes,0,1
CUST-12326,24,Month-to-month,84.82,2087.8,DSL,No,No,Mailed check,No,1,Yes,No,2,0
CUST-12327,12,One year,71.0,908.02,Fiber optic,No,No,Credit card,Yes,0,Yes,Yes,3,0
CUST-12328,1,Two year,83.02,157.18,DSL,No,Yes,Bank transfer,Yes,0,No,No,3,1
CUST-12329,10,Two year,116.21,1254.22,DSL,No,No,Mailed check,Yes,0,Yes,Yes,0,0
CUST-12330,4,Month-to-month,81.85,392.53,DSL,Yes,No,Mailed check,Yes,0,Yes,Yes,2,0
CUST-12331,62,Two year,48.24,2826.22,Fiber optic,Yes,No,Credit card,No,1,No,No,1,1
CUST-12332,19,Month-to-month,98.18,1851.76,No,Yes,No,Mailed check,Yes,0,No,Yes,4,1
CUST-12333,60,Month-to-month,46.07,2644.21,No,Yes,No,Bank transfer,Yes,0,No,No,4,1
CUST-12334,40,Two year,69.91,2680.52,Fiber optic,Yes,Yes,Electronic check,Yes,0,Yes,Yes,0,0
CUST-12335,39,Month-to-month,26.21,968.96,DSL,No,Yes,Mailed check,No,0,Yes,No,0,1
CUST-12336,33,Month-to-month,34.0,1086.44,No,Yes,No,Bank transfer,No,0,Yes,No,1,0
CUST-12337,59,Month-to-month,66.54,3832.42,DSL,No,No,Mailed check,Yes,0,Yes,No,3,1
CUST-12338,3,Month-to-month,76.04,279.71,No,No,No,Credit card,No,0,No,No,1,0
CUST-12339,6,Two year,18.0,115.19,Fiber optic,Yes,Yes,Electronic check,No,0,Yes,No,2,1
CUST-12340,30,Month-to-month,79.92,2400.77,Fiber optic,No,No,Credit card,Yes,0,Yes,Yes,1,1
CUST-12341,28,Month-to-month,40.42,1116.66,DSL,No,No,Electronic check,Yes,1,No,No,0,0
CUST-12342,39,One year,103.39,3867.68,DSL,No,No,Mailed check,No,0,No,Yes,0,0
CUST-12343,53,Month-to-month,54.44,2912.69,Fiber optic,No,Yes,Bank transfer,No,0,Yes,Yes,2,0
CUST-12344,42,One year,31.29,1272.99,Fiber optic,Yes,Yes,Mailed check,Yes,1,No,Yes,2,0
CUST-12345,18,Two year,67.27,1192.72,No,Yes,No,Bank transfer,Yes,0,Yes,No,3,0
CUST-12346,23,One year,37.51,829.68,Fiber optic,No,No,Credit card,No,0,Yes,Yes,1,0
CUST-12347,54,Two year,103.07,5285.17,Fiber optic,Yes,No,Mailed check,No,0,No,No,1,0
CUST-12348,14,Month-to-month,65.02,904.47,DSL,No,No,Bank transfer,Yes,0,Yes,No,1,1
CUST-12349,36,Two year,60.45,2206.86,Fiber optic,Yes,Yes,Credit card,Yes,1,Yes,No,0,0
CUST-12350,39,Month-to-month,82.75,3274.25,DSL,No,No,Credit card,Yes,1,Yes,No,0,0
CUST-12351,54,Month-to-month,34.85,1804.16,Fiber optic,No,Yes,Electronic check,No,0,No,Yes,2,0
CUST-12352,52,One year,26.33,1292.36,Fiber optic,Yes,Yes,Bank transfer,No,1,No,No,3,0
CUST-12353,33,Month-to-month,77.25,2398.09,No,Yes,No,Credit card,Yes,0,No,No,0,0
CUST-12354,22,Two year,32.01,715.33,Fiber optic,Yes,Yes,Credit card,No,0,Yes,No,3,0
CUST-12355,26,One year,32.0,853.55,DSL,No,No,Credit card,Yes,0,Yes,No,3,0
CUST-12356,30,Two year,90.1,2628.62,No,No,No,Electronic check,No,0,Yes,No,0,0
CUST-12357,16,Month-to-month,80.75,1355.58,Fiber optic,Yes,Yes,Credit card,Yes,0,Yes,No,1,0
CUST-12358,45,Month-to-month,27.39,1165.13,Fiber optic,No,Yes,Credit card,Yes,0,No,No,2,0
CUST-12359,15,One year,46.43,713.81,Fiber optic,Yes,Yes,Bank transfer,Yes,1,No,No,0,0
CUST-12360,47,Month-to-month,37.89,1651.6,No,No,No,Electronic check,Yes,0,Yes,No,3,0
CUST-12361,54,Month-to-month,118.29,6221.72,DSL,No,No,Electronic check,No,1,No,No,0,0
CUST-12362,70,One year,92.18,6308.3,Fiber optic,No,No,Mailed check,Yes,0,Yes,No,3,0
CUST-12363,8,Two year,52.37,454.57,Fiber optic,No,No,Credit card,Yes,0,Yes,Yes,0,1
CUST-12364,55,One year,82.29,4506.3,DSL,Yes,No,Electronic check,No,0,Yes,No,1,0
CUST-12365,6,Month-to-month,24.31,154.77,No,Yes,No,Bank transfer,Yes,0,No,No,2,1
CUST-12366,24,Month-to-month,44.82,1039.66,Fiber optic,No,No,Electronic check,Yes,0,No,Yes,2,1
CUST-12367,12,One year,68.15,858.76,DSL,Yes,No,Credit card,Yes,0,No,Yes,0,0
CUST-12368,11,Month-to-month,78.57,904.38,DSL,Yes,No,Electronic check,No,0,Yes,No,2,1
CUST-12369,12,Month-to-month,62.08,802.96,No,Yes,Yes,Electronic check,No,0,No,Yes,0,1
CUST-12370,3,Month-to-month,72.44,283.51,Fiber optic,No,No,Electronic check,No,0,No,Yes,1,1
CUST-12371,60,Month-to-month,67.35,3891.01,DSL,No,No,Bank transfer,No,0,Yes,No,0,1
CUST-12372,4,Month-to-month,60.09,286.44,DSL,No,Yes,Credit card,Yes,0,No,No,5,0
CUST-12373,29,Month-to-month,56.12,1626.31,DSL,Yes,No,Mailed check,Yes,0,Yes,Yes,1,0
CUST-12374,51,One year,52.21,2446.2,DSL,Yes,Yes,Bank transfer,No,0,No,No,3,1
CUST-12375,72,Month-to-month,71.96,4919.1,Fiber optic,Yes,No,Bank transfer,Yes,0,Yes,Yes,0,0
CUST-12376,62,One year,77.32,4443.42,DSL,No,No,Mailed check,No,1,No,Yes,0,1
CUST-12377,10,Month-to-month,70.95,721.09,DSL,Yes,Yes,Credit card,Yes,0,Yes,Yes,2,1
CUST-12378,72,Two year,29.64,2126.83,DSL,No,No,Mailed check,Yes,0,No,No,2,0
CUST-12379,47,Month-to-month,35.03,1605.52,Fiber optic,No,No,Electronic check,Yes,0,No,No,0,1
CUST-12380,13,Month-to-month,76.97,1062.54,Fiber optic,No,No,Electronic check,Yes,0,No,Yes,0,1
CUST-12381,32,Month-to-month,109.15,3561.9,Fiber optic,No,No,Electronic check,No,0,Yes,No,2,0
CUST-12382,67,Month-to-month,69.57,4638.96,Fiber optic,No,No,Electronic check,No,0,Yes,Yes,1,0
CUST-12383,28,Month-to-month,52.65,1490.52,No,No,No,Electronic check,No,0,Yes,Yes,1,1
CUST-12384,13,Two year,71.73,920.48,Fiber optic,Yes,No,Electronic check,No,0,Yes,Yes,1,0
CUST-12385,63,Two year,30.9,1833.1,No,No,No,Electronic check,Yes,0,No,No,1,0
CUST-12386,69,Month-to-month,104.27,7082.91,Fiber optic,No,Yes,Bank transfer,Yes,0,No,No,3,1
CUST-12387,71,Month-to-month,70.6,4727.91,DSL,No,Yes,Electronic check,No,0,No,No,2,0
CUST-12388,69,One year,44.92,2947.92,No,Yes,Yes,Bank transfer,Yes,0,No,Yes,0,0
CUST-12389,63,One year,60.0,3815.56,Fiber optic,No,No,Electronic check,Yes,0,Yes,No,2,0
CUST-12390,33,Month-to-month,49.19,1623.27,Fiber optic,No,No,Credit card,Yes,0,No,No,0,0
CUST-12391,14,One year,104.35,1425.42,DSL,No,No,Mailed check,No,0,No,Yes,0,0
CUST-12392,45,Month-to-month,58.93,2635.2,Fiber optic,No,Yes,Mailed check,No,1,Yes,No,1,0
CUST-12393,16,One year,69.66,1159.8,No,No,No,Bank transfer,Yes,0,No,No,0,0
CUST-12394,34,Month-to-month,82.21,2852.41,DSL,Yes,No,Credit card,Yes,0,No,No,0,0
CUST-12395,47,Month-to-month,42.78,1988.78,DSL,No,Yes,Credit card,Yes,0,Yes,No,2,0
CUST-12396,69,Month-to-month,70.81,4508.47,DSL,Yes,No,Mailed check,Yes,0,Yes,Yes,1,0
CUST-12397,21,One year,73.23,1573.24,Fiber optic,No,Yes,Mailed check,Yes,1,Yes,No,0,0
CUST-12398,18,Month-to-month,18.38,337.22,No,No,No,Mailed check,No,1,No,No,1,0
CUST-12399,53,One year,72.58,3706.16,Fiber optic,Yes,Yes,Electronic check,No,0,No,No,4,0
CUST-12400,0,One year,63.63,62.11,No,Yes,No,Mailed check,No,0,Yes,Yes,4,1
CUST-12401,41,One year,68.9,2756.38,Fiber optic,No,No,Credit card,No,0,No,No,1,0
CUST-12402,54,Month-to-month,66.07,3609.25,Fiber optic,No,No,Mailed check,No,0,No,No,2,1
CUST-12403,40,Month-to-month,72.78,2963.57,DSL,No,Yes,Mailed check,No,0,Yes,No,1,0
CUST-12404,28,Month-to-month,105.12,2812.36,DSL,Yes,Yes,Electronic check,Yes,0,Yes,No,2,0
CUST-12405,60,One year,29.61,1705.17,Fiber optic,No,No,Mailed check,No,0,Yes,No,0,0
CUST-12406,27,Two year,54.74,1409.88,DSL,Yes,Yes,Electronic check,Yes,0,No,No,0,0
CUST-12407,51,Month-to-month,85.0,4124.18,DSL,Yes,Yes,Mailed check,Yes,0,No,Yes,1,0
CUST-12408,33,Two year,79.43,2490.81,No,No,No,Mailed check,Yes,0,No,No,3,1
CUST-12409,1,Month-to-month,78.78,149.87,Fiber optic,No,No,Credit card,No,0,Yes,No,1,0
CUST-12410,38,Month-to-month,120.0,4212.3,DSL,No,No,Bank transfer,No,0,Yes,No,4,1
CUST-12411,3,Month-to-month,83.42,326.72,Fiber optic,Yes,Yes,Mailed check,No,0,No,Yes,2,0
CUST-12412,67,One year,98.93,6161.44,Fiber optic,Yes,No,Bank transfer,Yes,0,No,No,2,0
CUST-12413,43,Month-to-month,55.79,2276.57,No,No,No,Credit card,No,0,Yes,No,1,0
CUST-12414,27,Month-to-month,35.21,904.54,Fiber optic,Yes,Yes,Electronic check,No,0,Yes,No,0,0
CUST-12415,35,One year,55.57,1871.28,DSL,Yes,Yes,Mailed check,No,0,No,No,4,1
CUST-12416,45,Month-to-month,86.36,3605.91,DSL,Yes,Yes,Bank transfer,Yes,0,Yes,Yes,3,0
CUST-12417,18,Month-to-month,77.2,1446.1,DSL,Yes,No,Electronic check,Yes,1,No,No,1,1
CUST-12418,21,Month-to-month,77.1,1596.96,Fiber optic,No,Yes,Bank transfer,Yes,1,Yes,Yes,0,1
CUST-12419,30,Month-to-month,58.57,1801.91,Fiber optic,Yes,No,Electronic check,No,0,Yes,No,1,0
CUST-12420,18,Month-to-month,53.79,924.61,Fiber optic,No,Yes,Credit card,Yes,0,No,No,2,1
CUST-12421,55,Month-to-month,59.6,3061.45,Fiber optic,No,Yes,Credit card,No,0,No,No,4,0
CUST-12422,7,One year,86.73,682.45,DSL,No,No,Electronic check,Yes,0,Yes,No,0,1
CUST-12423,60,Month-to-month,90.22,5208.33,DSL,No,No,Bank transfer,No,0,Yes,Yes,2,0
CUST-12424,25,One year,34.81,819.93,DSL,No,No,Electronic check,Yes,0,No,No,2,0
CUST-12425,40,Month-to-month,87.87,3259.22,Fiber optic,No,No,Bank transfer,No,0,No,No,1,0
CUST-12426,11,Month-to-month,45.48,540.02,Fiber optic,Yes,Yes,Bank transfer,No,0,No,No,1,1
CUST-12427,28,Month-to-month,79.07,2123.74,No,No,No,Credit card,No,0,No,No,1,0
CUST-12428,55,Month-to-month,59.24,3122.0,DSL,Yes,Yes,Electronic check,No,1,No,No,1,0
CUST-12429,19,Month-to-month,111.97,2216.34,Fiber optic,No,No,Bank transfer,Yes,0,No,No,0,1
CUST-12430,9,Month-to-month,52.46,507.16,DSL,No,No,Credit card,Yes,0,No,No,2,0
CUST-12431,38,Two year,70.36,2681.05,Fiber optic,Yes,No,Electronic check,Yes,0,Yes,No,2,0
CUST-12432,11,Two year,83.2,945.63,DSL,Yes,Yes,Mailed check,No,1,No,Yes,0,0
CUST-12433,22,Month-to-month,38.78,864.76,Fiber optic,Yes,Yes,Bank transfer,No,1,No,Yes,1,0
CUST-12434,32,One year,62.81,1986.57,DSL,Yes,No,Electronic check,Yes,0,No,Yes,5,0
CUST-12435,41,One year,57.0,2195.37,DSL,No,No,Electronic check,No,1,No,No,1,0
CUST-12436,46,Two year,49.59,2231.13,Fiber optic,Yes,Yes,Credit card,Yes,1,No,No,2,0
CUST-12437,49,Month-to-month,51.81,2571.22,Fiber optic,No,Yes,Bank transfer,Yes,1,Yes,No,0,1
CUST-12438,61,Month-to-month,98.36,5699.02,Fiber optic,No,Yes,Electronic check,Yes,0,Yes,Yes,3,0
CUST-12439,4,Month-to-month,47.04,223.3,DSL,Yes,No,Credit card,No,0,No,No,4,1
CUST-12440,26,Month-to-month,81.99,2084.47,No,Yes,No,Bank transfer,Yes,0,Yes,Yes,1,0
CUST-12441,0,Month-to-month,74.44,72.12,DSL,No,No,Mailed check,No,0,Yes,No,1,1
CUST-12442,0,Two year,23.09,22.23,Fiber optic,No,No,Credit card,No,0,No,Yes,2,0
CUST-12443,15,Two year,80.58,1221.86,No,Yes,No,Mailed check,Yes,0,No,No,0,1
CUST-12444,43,Month-to-month,22.59,899.26,Fiber optic,Yes,Yes,Mailed check,Yes,1,Yes,No,1,0
CUST-12445,65,Month-to-month,83.84,5126.48,DSL,No,Yes,Bank transfer,No,0,No,No,0,1
CUST-12446,56,Month-to-month,49.78,2642.96,Fiber optic,No,Yes,Electronic check,No,0,Yes,No,1,0
CUST-12447,47,Month-to-month,65.25,3048.22,DSL,Yes,No,Electronic check,Yes,0,No,No,1,0
CUST-12448,56,One year,26.17,1401.63,Fiber optic,No,No,Electronic check,Yes,0,No,No,2,0
CUST-12449,12,Month-to-month,68.67,837.21,Fiber optic,No,Yes,Mailed check,Yes,0,Yes,No,1,1
CUST-12450,61,Two year,92.81,5435.36,Fiber optic,No,No,Electronic check,Yes,0,No,Yes,1,0
CUST-12451,64,Two year,40.79,2500.75,No,Yes,No,Bank transfer,Yes,0,No,No,0,0
CUST-12452,6,One year,46.78,318.21,DSL,No,No,Credit card,No,0,No,No,4,0
CUST-12453,34,One year,78.64,2661.66,DSL,Yes,No,Mailed check,Yes,0,Yes,No,0,0
CUST-12454,60,Month-to-month,79.39,4727.95,Fiber optic,No,No,Electronic check,No,0,No,No,3,1
CUST-12455,34,Month-to-month,18.0,580.07,Fiber optic,Yes,Yes,Electronic check,Yes,0,Yes,No,3,0
CUST-12456,61,Month-to-month,120.0,7247.64,Fiber optic,No,No,Electronic check,No,0,Yes,No,2,0
CUST-12457,68,One year,80.86,5186.66,Fiber optic,No,No,Bank transfer,No,1,Yes,Yes,2,0
CUST-12458,34,Month-to-month,85.91,2706.18,Fiber optic,No,No,Mailed check,Yes,0,Yes,No,3,1
CUST-12459,4,Two year,60.69,292.51,No,No,Yes,Mailed check,Yes,1,Yes,No,3,0
CUST-12460,24,Month-to-month,18.0,405.53,Fiber optic,Yes,No,Credit card,Yes,0,No,Yes,0,0
CUST-12461,15,Month-to-month,85.24,1240.82,DSL,Yes,Yes,Mailed check,Yes,0,Yes,Yes,0,0
CUST-12462,34,Month-to-month,48.04,1520.18,DSL,No,No,Bank transfer,No,0,No,No,2,0
CUST-12463,42,Two year,81.32,3359.11,Fiber optic,Yes,No,Credit card,No,0,Yes,Yes,1,0
CUST-12464,33,Month-to-month,58.44,1829.57,DSL,Yes,Yes,Electronic check,No,0,No,No,0,1
CUST-12465,14,Month-to-month,72.14,1061.45,DSL,No,No,Electronic check,No,0,No,No,2,1
CUST-12466,21,Month-to-month,41.75,859.38,DSL,Yes,No,Electronic check,Yes,0,Yes,No,1,0
CUST-12467,49,One year,90.93,4244.24,Fiber optic,Yes,No,Electronic check,Yes,0,No,No,5,0
CUST-12468,1,Two year,29.35,55.85,No,No,No,Credit card,Yes,0,Yes,Yes,4,0
CUST-12469,15,Month-to-month,120.0,1876.81,Fiber optic,No,No,Credit card,No,0,No,Yes,4,1
CUST-12470,65,Two year,120.0,7679.55,DSL,No,Yes,Bank transfer,Yes,0,No,No,1,0
CUST-12471,7,Month-to-month,113.98,839.49,Fiber optic,Yes,No,Electronic check,Yes,1,No,No,2,1
CUST-12472,30,One year,103.26,3125.36,Fiber optic,No,No,Credit card,No,1,Yes,No,1,0
CUST-12473,15,Month-to-month,62.46,950.07,No,No,No,Credit card,Yes,0,No,No,1,1
CUST-12474,7,Month-to-month,100.0,798.99,Fiber optic,Yes,No,Mailed check,Yes,0,No,No,3,1
CUST-12475,30,One year,62.11,1832.38,Fiber optic,No,No,Bank transfer,Yes,1,No,No,3,0
CUST-12476,38,Month-to-month,18.39,666.01,No,No,Yes,Bank transfer,Yes,0,Yes,No,1,0
CUST-12477,12,Month-to-month,110.1,1397.11,Fiber optic,No,No,Bank transfer,Yes,0,No,No,1,1
CUST-12478,5,Two year,98.86,535.58,DSL,Yes,No,Mailed check,Yes,0,No,Yes,2,0
CUST-12479,9,Two year,64.06,622.96,Fiber optic,No,Yes,Mailed check,Yes,0,No,No,1,0
CUST-12480,47,Month-to-month,28.24,1293.6,Fiber optic,Yes,Yes,Mailed check,No,0,No,No,1,0
CUST-12481,62,One year,47.41,2740.61,Fiber optic,Yes,Yes,Mailed check,Yes,0,Yes,No,4,0
CUST-12482,13,One year,18.0,227.41,No,Yes,No,Credit card,No,0,Yes,Yes,2,0
CUST-12483,23,Month-to-month,93.35,2026.8,DSL,No,Yes,Credit card,No,0,No,Yes,1,0
CUST-12484,25,Two year,18.0,425.03,Fiber optic,Yes,Yes,Electronic check,No,0,Yes,Yes,3,1
CUST-12485,26,Month-to-month,73.6,1885.4,DSL,No,Yes,Electronic check,No,0,No,Yes,2,1
CUST-12486,17,One year,39.69,693.53,DSL,No,No,Mailed check,Yes,0,Yes,No,3,0
CUST-12487,4,Month-to-month,22.2,101.39,Fiber optic,Yes,Yes,Credit card,Yes,0,Yes,No,0,0
CUST-12488,38,Month-to-month,72.15,2577.2,Fiber optic,No,Yes,Bank transfer,Yes,0,Yes,Yes,2,0
CUST-12489,26,Month-to-month,54.99,1457.12,Fiber optic,No,No,Credit card,Yes,1,No,No,0,1
CUST-12490,24,Month-to-month,90.15,2079.74,DSL,Yes,Yes,Bank transfer,No,0,No,No,0,0
CUST-12491,19,Two year,26.97,530.12,DSL,No,Yes,Bank transfer,Yes,0,No,Yes,1,0
CUST-12492,67,Two year,42.28,2614.86,Fiber optic,No,No,Bank transfer,Yes,0,Yes,Yes,1,0
CUST-12493,44,Month-to-month,18.0,796.79,Fiber optic,No,Yes,Electronic check,Yes,0,Yes,No,2,0
CUST-12494,30,Month-to-month,18.0,543.08,Fiber optic,No,Yes,Electronic check,No,1,No,No,2,0
CUST-12495,14,Month-to-month,118.95,1632.17,Fiber optic,No,No,Bank transfer,Yes,1,Yes,No,0,1
CUST-12496,58,Month-to-month,120.0,6611.26,No,No,Yes,Mailed check,Yes,0,No,Yes,2,0
CUST-12497,64,Month-to-month,67.78,4111.89,Fiber optic,Yes,No,Bank transfer,No,0,No,No,2,1
CUST-12498,2,Two year,40.29,110.4,Fiber optic,Yes,No,Mailed check,No,0,Yes,No,0,0
CUST-12499,67,One year,56.05,3573.99,Fiber optic,No,No,Electronic check,Yes,0,No,No,2,0
CUST-12500,51,Month-to-month,91.21,4590.12,Fiber optic,Yes,No,Bank transfer,Yes,0,Yes,No,1,0
CUST-12501,7,Month-to-month,49.57,385.87,No,Yes,No,Credit card,No,0,Yes,Yes,1,1
CUST-12502,54,One year,72.13,3650.93,Fiber optic,Yes,No,Mailed check,Yes,0,Yes,No,1,0
CUST-12503,7,Month-to-month,64.62,502.58,Fiber optic,No,No,Electronic check,No,0,Yes,No,2,1
CUST-12504,3,Month-to-month,47.94,177.7,Fiber optic,No,No,Mailed check,No,1,Yes,No,0,1
CUST-12505,8,Month-to-month,49.21,400.48,Fiber optic,Yes,No,Credit card,No,0,No,Yes,0,0
CUST-12506,33,Month-to-month,73.8,2307.12,No,Yes,No,Mailed check,No,0,Yes,No,0,1
CUST-12507,45,Month-to-month,35.69,1533.75,No,Yes,Yes,Electronic check,No,0,Yes,No,2,0
CUST-12508,29,One year,78.55,2129.31,DSL,Yes,No,Credit card,Yes,0,No,Yes,1,0
CUST-12509,8,Month-to-month,50.85,416.25,DSL,No,No,Electronic check,Yes,1,Yes,No,0,1
CUST-12510,14,One year,68.82,965.85,Fiber optic,Yes,No,Electronic check,No,0,No,Yes,2,1
CUST-12511,62,Month-to-month,106.52,6660.15,Fiber optic,No,No,Bank transfer,Yes,0,Yes,Yes,3,0
CUST-12512,70,Two year,59.95,4101.43,No,Yes,Yes,Mailed check,No,0,No,Yes,0,0
CUST-12513,55,Month-to-month,92.59,5151.01,DSL,Yes,Yes,Electronic check,Yes,0,No,No,1,0
CUST-12514,7,Month-to-month,18.0,130.14,No,No,No,Electronic check,Yes,0,Yes,No,2,1
CUST-12515,59,Month-to-month,50.89,3013.12,Fiber optic,Yes,No,Electronic check,Yes,0,Yes,No,1,0
CUST-12516,50,Month-to-month,65.83,3067.15,DSL,Yes,No,Electronic check,No,0,Yes,No,0,1
CUST-12517,38,Month-to-month,120.0,4322.89,DSL,Yes,Yes,Electronic check,Yes,1,No,Yes,0,1
CUST-12518,10,One year,18.0,180.19,Fiber optic,No,Yes,Mailed check,Yes,0,Yes,No,0,0
CUST-12519,72,Month-to-month,62.11,4267.06,DSL,Yes,Yes,Credit card,Yes,0,No,No,2,0
CUST-12520,32,Month-to-month,108.7,3301.01,Fiber optic,No,Yes,Mailed check,Yes,0,No,No,0,1
CUST-12521,3,Month-to-month,41.45,161.48,Fiber optic,No,No,Electronic check,No,1,No,No,0,1
CUST-12522,15,One year,58.61,914.78,Fiber optic,No,No,Credit card,No,0,Yes,Yes,1,0
CUST-12523,29,Two year,74.95,2088.97,DSL,No,No,Bank transfer,No,1,No,No,2,0
CUST-12524,4,One year,70.54,345.64,No,No,No,Credit card,No,0,Yes,No,1,0
CUST-12525,23,One year,111.97,2462.53,Fiber optic,No,Yes,Bank transfer,Yes,0,No,No,1,0
CUST-12526,34,One year,78.45,2482.23,Fiber optic,No,No,Mailed check,No,0,Yes,No,0,0
CUST-12527,69,One year,104.83,6725.4,Fiber optic,No,No,Bank transfer,No,0,No,Yes,2,0
CUST-12528,6,Month-to-month,54.2,350.78,Fiber optic,No,No,Electronic check,No,0,No,No,1,1
CUST-12529,42,One year,42.78,1664.84,No,Yes,No,Mailed check,Yes,1,Yes,No,1,0
CUST-12530,66,One year,58.23,3554.1,Fiber optic,No,Yes,Mailed check,Yes,0,Yes,Yes,2,0
CUST-12531,58,Month-to-month,30.23,1659.2,Fiber optic,Yes,Yes,Mailed check,Yes,0,Yes,Yes,2,0
CUST-12532,67,One year,79.51,5326.9,DSL,No,No,Credit card,Yes,0,No,No,1,0
CUST-12533,12,Month-to-month,53.42,684.42,DSL,Yes,No,Credit card,Yes,0,Yes,No,3,1
CUST-12534,58,Month-to-month,44.85,2644.45,Fiber optic,Yes,No,Mailed check,No,0,Yes,No,2,1
CUST-12535,71,Month-to-month,79.96,5237.83,DSL,Yes,Yes,Credit card,Yes,0,Yes,No,2,1
CUST-12536,23,One year,30.69,663.04,Fiber optic,Yes,No,Electronic check,Yes,1,Yes,No,0,0
CUST-12537,36,Two year,88.12,3118.81,No,Yes,Yes,Credit card,No,0,Yes,No,3,0
CUST-12538,38,Month-to-month,50.65,1896.98,Fiber optic,Yes,No,Bank transfer,No,0,Yes,Yes,1,0
CUST-12539,36,Month-to-month,99.77,3409.52,DSL,No,Yes,Bank transfer,Yes,0,Yes,Yes,2,1
CUST-12540,21,Month-to-month,53.22,1147.08,Fiber optic,No,No,Bank transfer,Yes,0,Yes,Yes,2,0
CUST-12541,70,Month-to-month,83.96,5934.9,DSL,No,Yes,Credit card,No,0,Yes,No,2,0
CUST-12542,69,Two year,70.39,4598.0,Fiber optic,No,Yes,Bank transfer,No,0,Yes,No,1,0
CUST-12543,27,Month-to-month,87.32,2431.72,Fiber optic,Yes,Yes,Credit card,No,0,No,No,1,1
CUST-12544,58,Month-to-month,68.3,3668.75,Fiber optic,No,No,Bank transfer,Yes,1,Yes,No,2,1
CUST-12545,29,Month-to-month,18.0,511.68,Fiber optic,No,No,Mailed check,No,1,No,No,2,0
CUST-12546,58,Two year,95.26,5169.12,Fiber optic,Yes,No,Electronic check,No,0,Yes,No,2,0
CUST-12547,42,Month-to-month,62.37,2570.46,DSL,No,No,Credit card,Yes,1,Yes,No,1,0
CUST-12548,34,One year,88.69,2815.81,DSL,No,No,Electronic check,Yes,0,Yes,No,0,0
CUST-12549,9,Month-to-month,85.71,814.62,Fiber optic,No,No,Electronic check,No,0,Yes,No,1,0
CUST-12550,47,Month-to-month,41.8,1840.51,No,Yes,Yes,Electronic check,No,1,No,No,2,0
CUST-12551,23,One year,37.56,848.93,DSL,No,No,Electronic check,Yes,1,No,Yes,1,0
CUST-12552,15,Month-to-month,84.66,1312.3,DSL,Yes,No,Electronic check,No,0,Yes,Yes,1,0
CUST-12553,14,One year,55.9,782.64,DSL,No,No,Mailed check,No,0,Yes,No,1,0
CUST-12554,71,Month-to-month,93.09,6394.47,Fiber optic,No,Yes,Mailed check,Yes,0,No,No,2,1
CUST-12555,7,One year,59.65,475.84,DSL,Yes,Yes,Mailed check,Yes,0,No,No,0,0
CUST-12556,58,One year,95.7,5575.9,Fiber optic,No,Yes,Mailed check,Yes,0,Yes,No,1,0
CUST-12557,63,One year,77.7,4971.29,DSL,No,No,Mailed check,No,0,Yes,No,5,0
CUST-12558,2,Month-to-month,73.64,202.74,Fiber optic,No,No,Electronic check,Yes,0,Yes,No,0,0
CUST-12559,43,One year,53.78,2246.62,DSL,Yes,No,Bank transfer,No,0,Yes,No,4,0
CUST-12560,42,Two year,71.97,3027.94,Fiber optic,No,No,Mailed check,Yes,0,No,No,4,1
CUST-12561,26,Month-to-month,100.79,2702.01,DSL,No,No,Bank transfer,No,0,No,No,2,1
CUST-12562,48,Month-to-month,63.37,2869.42,Fiber optic,Yes,Yes,Electronic check,No,0,No,No,3,0
CUST-12563,29,Two year,80.94,2425.23,No,No,Yes,Credit card,No,0,Yes,No,0,0
CUST-12564,32,Month-to-month,66.39,2068.48,DSL,No,No,Bank transfer,No,0,No,No,2,1
CUST-12565,31,One year,68.74,2149.55,No,Yes,Yes,Mailed check,Yes,0,No,Yes,1,0
CUST-12566,58,One year,116.7,6553.69,DSL,No,Yes,Mailed check,Yes,0,Yes,No,1,0
CUST-12567,46,Month-to-month,101.05,4415.76,Fiber optic,Yes,No,Mailed check,Yes,1,Yes,No,2,0
CUST-12568,27,One year,67.38,1718.52,Fiber optic,No,Yes,Credit card,No,0,Yes,No,0,0
CUST-12569,67,One year,71.43,4450.13,DSL,No,No,Bank transfer,Yes,0,Yes,No,1,0
CUST-12570,58,Month-to-month,43.94,2501.05,Fiber optic,Yes,No,Mailed check,Yes,0,Yes,Yes,2,0
CUST-12571,68,Two year,59.81,3942.78,DSL,No,No,Bank transfer,Yes,0,Yes,No,1,0
CUST-12572,53,Month-to-month,74.28,3783.59,Fiber optic,No,No,Electronic check,No,0,No,No,1,1
CUST-12573,28,Month-to-month,90.52,2526.93,Fiber optic,No,Yes,Credit card,Yes,0,No,No,2,0
CUST-12574,56,Two year,87.48,4740.73,No,No,Yes,Bank transfer,Yes,0,Yes,No,6,0
CUST-12575,24,Month-to-month,31.72,724.91,DSL,No,No,Mailed check,Yes,1,Yes,No,2,1
CUST-12576,19,Two year,94.31,1746.91,No,No,Yes,Bank transfer,Yes,0,No,No,1,0
CUST-12577,32,Month-to-month,62.34,1940.33,DSL,Yes,No,Electronic check,No,0,Yes,Yes,3,0
CUST-12578,70,Month-to-month,35.39,2361.38,Fiber optic,Yes,Yes,Mailed check,No,0,No,No,1,0
CUST-12579,41,Month-to-month,105.09,4370.76,DSL,No,No,Credit card,No,0,No,No,0,1
CUST-12580,28,One year,108.9,3139.76,DSL,No,No,Credit card,Yes,0,Yes,No,3,1
CUST-12581,33,One year,72.91,2363.43,DSL,No,No,Electronic check,Yes,0,No,Yes,1,0
CUST-12582,21,Two year,86.26,1758.36,Fiber optic,Yes,No,Bank transfer,No,1,Yes,Yes,2,0
CUST-12583,48,Two year,88.02,4226.23,DSL,No,No,Bank transfer,Yes,0,Yes,No,2,0
CUST-12584,25,One year,106.87,2551.28,Fiber optic,Yes,Yes,Bank transfer,No,0,No,No,0,0
CUST-12585,40,One year,86.84,3379.63,No,Yes,No,Mailed check,No,0,No,No,0,0
CUST-12586,26,Month-to-month,25.17,679.2,DSL,No,No,Bank transfer,Yes,0,No,No,4,0
CUST-12587,23,Two year,120.0,2843.93,DSL,Yes,No,Mailed check,No,1,No,No,3,0
CUST-12588,70,One year,96.97,6836.39,DSL,No,No,Credit card,Yes,0,Yes,No,1,0
CUST-12589,25,Two year,49.71,1175.86,DSL,No,Yes,Credit card,Yes,0,No,No,1,0
CUST-12590,5,Month-to-month,34.11,193.65,Fiber optic,No,Yes,Credit card,Yes,0,Yes,No,0,1
CUST-12591,27,Month-to-month,80.14,2192.11,Fiber optic,No,No,Mailed check,No,0,Yes,Yes,2,1
CUST-12592,38,One year,56.65,2022.88,DSL,Yes,Yes,Bank transfer,No,0,Yes,No,2,0
CUST-12593,6,Month-to-month,74.9,512.19,DSL,No,No,Electronic check,Yes,0,No,No,1,0
CUST-12594,22,Month-to-month,87.3,1875.74,Fiber optic,No,No,Credit card,No,1,No,Yes,2,1
CUST-12595,12,Two year,48.01,617.09,DSL,Yes,No,Credit card,Yes,0,Yes,Yes,1,0
CUST-12596,36,Month-to-month,31.52,1098.32,Fiber optic,No,Yes,Credit card,Yes,0,No,No,2,0
CUST-12597,52,Month-to-month,76.57,3753.95,No,No,Yes,Electronic check,No,0,Yes,No,4,0
CUST-12598,70,Month-to-month,49.0,3450.08,DSL,Yes,No,Mailed check,No,0,No,No,1,0
CUST-12599,28,Month-to-month,69.38,1954.23,Fiber optic,No,No,Mailed check,No,0,Yes,No,2,1
CUST-12600,63,One year,24.7,1495.91,No,No,No,Credit card,No,0,Yes,No,2,0
CUST-12601,15,Two year,57.43,915.3,Fiber optic,Yes,Yes,Bank transfer,Yes,1,Yes,No,2,0
CUST-12602,56,Two year,86.45,4731.72,Fiber optic,Yes,No,Bank transfer,Yes,0,Yes,No,2,0
CUST-12603,41,One year,83.18,3349.29,Fiber optic,No,No,Mailed check,Yes,0,No,No,1,0
CUST-12604,55,One year,41.35,2167.69,Fiber optic,No,No,Electronic check,No,0,No,No,3,0
CUST-12605,55,Month-to-month,29.95,1649.48,Fiber optic,Yes,No,Bank transfer,Yes,0,No,No,1,0
CUST-12606,38,Two year,65.47,2447.44,Fiber optic,Yes,No,Bank transfer,Yes,0,Yes,No,1,0
CUST-12607,18,Month-to-month,81.83,1495.94,Fiber optic,Yes,No,Mailed check,No,0,Yes,No,2,1
CUST-12608,38,Month-to-month,77.16,2990.04,Fiber optic,No,No,Bank transfer,Yes,0,Yes,No,1,1
CUST-12609,60,Two year,49.64,2806.97,Fiber optic,Yes,No,Mailed check,No,0,Yes,Yes,1,0
CUST-12610,70,Two year,73.93,5139.28,No,No,No,Bank transfer,No,1,Yes,No,3,0
CUST-12611,67,Month-to-month,110.07,7343.12,DSL,Yes,No,Mailed check,Yes,0,Yes,Yes,1,0
CUST-12612,13,One year,71.15,902.8,DSL,No,Yes,Credit card,Yes,0,Yes,Yes,1,0
CUST-12613,43,Month-to-month,18.0,770.01,DSL,No,No,Credit card,No,1,No,No,2,0
CUST-12614,7,Month-to-month,71.1,559.15,DSL,No,No,Mailed check,No,0,No,No,1,1
CUST-12615,48,Month-to-month,120.0,5607.38,Fiber optic,Yes,No,Electronic check,Yes,0,Yes,Yes,0,0
CUST-12616,72,Month-to-month,26.38,1754.58,DSL,No,No,Bank transfer,No,0,No,Yes,2,0
CUST-12617,3,Month-to-month,65.89,239.28,Fiber optic,No,No,Credit card,Yes,0,No,Yes,0,0
CUST-12618,47,Month-to-month,58.21,2521.25,Fiber optic,No,No,Bank transfer,No,0,Yes,No,1,0
CUST-12619,69,Month-to-month,67.88,4450.4,DSL,Yes,No,Mailed check,Yes,0,Yes,No,0,0
CUST-12620,61,Month-to-month,70.83,4225.12,DSL,Yes,Yes,Bank transfer,Yes,0,Yes,No,0,0
CUST-12621,28,Two year,99.2,2753.13,Fiber optic,No,No,Mailed check,No,0,No,No,0,0
CUST-12622,7,One year,67.54,513.83,Fiber optic,Yes,No,Credit card,Yes,0,No,No,1,0
CUST-12623,67,Two year,103.32,6616.33,Fiber optic,No,No,Bank transfer,No,0,No,Yes,1,0
CUST-12624,67,Month-to-month,61.47,4046.56,DSL,Yes,Yes,Bank transfer,No,0,No,Yes,2,1
CUST-12625,42,One year,54.5,2316.14,DSL,Yes,Yes,Mailed check,No,0,Yes,No,3,0
CUST-12626,71,Two year,44.92,3178.12,DSL,No,No,Electronic check,Yes,0,No,No,1,0
CUST-12627,0,Month-to-month,18.0,17.49,DSL,Yes,Yes,Bank transfer,Yes,0,No,No,0,1
CUST-12628,45,Month-to-month,73.27,3131.9,No,Yes,Yes,Mailed check,Yes,0,No,No,5,1
CUST-12629,2,Month-to-month,120.0,357.86,DSL,No,No,Credit card,Yes,0,No,No,3,0
CUST-12630,68,Month-to-month,78.75,5358.34,DSL,No,No,Electronic check,Yes,0,Yes,Yes,3,0
CUST-12631,49,Month-to-month,85.6,4257.65,No,No,No,Credit card,Yes,0,No,No,0,1
CUST-12632,66,Month-to-month,52.61,3390.59,Fiber optic,Yes,Yes,Credit card,Yes,0,No,No,1,0
CUST-12633,41,Month-to-month,57.67,2260.58,Fiber optic,No,No,Bank transfer,No,0,Yes,Yes,0,1
CUST-12634,6,One year,94.54,625.52,Fiber optic,No,No,Credit card,Yes,0,No,No,1,1
CUST-12635,1,Month-to-month,120.0,223.86,No,Yes,No,Bank transfer,Yes,0,No,Yes,1,1
CUST-12636,24,Month-to-month,109.64,2563.09,DSL,No,Yes,Electronic check,No,0,No,No,4,1
CUST-12637,54,One year,89.16,4622.11,DSL,No,No,Mailed check,Yes,0,Yes,Yes,1,0
CUST-12638,11,Month-to-month,66.05,787.45,No,No,No,Credit card,No,0,Yes,No,4,1
CUST-12639,62,Month-to-month,71.29,4265.57,Fiber optic,Yes,Yes,Credit card,No,0,No,No,4,1
CUST-12640,17,Month-to-month,42.39,717.57,No,No,No,Electronic check,No,0,Yes,No,1,1
CUST-12641,36,Month-to-month,21.55,768.6,DSL,No,No,Electronic check,No,0,No,Yes,2,1
CUST-12642,14,Month-to-month,31.2,434.6,No,No,No,Credit card,No,0,No,Yes,1,0
CUST-12643,34,Month-to-month,66.49,2096.48,DSL,No,No,Electronic check,No,0,No,No,3,0
CUST-12644,33,Month-to-month,56.24,1860.51,Fiber optic,No,Yes,Credit card,Yes,0,No,No,0,0
CUST-12645,0,Two year,20.92,19.52,No,No,No,Bank transfer,Yes,0,No,No,0,1
CUST-12646,41,Two year,63.88,2478.38,DSL,No,No,Credit card,No,0,Yes,Yes,2,0
CUST-12647,57,Month-to-month,55.45,3066.56,DSL,No,Yes,Electronic check,Yes,0,Yes,No,0,0
CUST-12648,68,Month-to-month,29.81,1884.34,Fiber optic,No,Yes,Mailed check,Yes,0,No,No,0,0
CUST-12649,24,Month-to-month,53.89,1249.97,No,Yes,Yes,Bank transfer,No,0,No,No,3,0
CUST-12650,64,Two year,55.37,3423.52,DSL,No,No,Electronic check,Yes,0,Yes,Yes,2,0
CUST-12651,64,Two year,46.5,3014.76,No,Yes,Yes,Electronic check,Yes,0,No,Yes,1,0
CUST-12652,72,Month-to-month,92.8,6262.2,DSL,No,Yes,Bank transfer,No,1,Yes,Yes,2,0
CUST-12653,27,Month-to-month,18.0,477.14,Fiber optic,No,No,Electronic check,Yes,1,Yes,No,1,1
CUST-12654,62,Month-to-month,18.0,1080.48,DSL,No,No,Credit card,Yes,0,Yes,No,2,0
CUST-12655,41,Two year,65.1,2655.7,No,Yes,No,Bank transfer,No,0,Yes,No,2,1
CUST-12656,4,Two year,67.88,323.18,DSL,No,No,Bank transfer,No,0,No,No,2,1
CUST-12657,19,Month-to-month,77.13,1501.47,Fiber optic,Yes,Yes,Bank transfer,Yes,0,No,No,3,0
CUST-12658,49,One year,48.83,2408.35,DSL,No,No,Bank transfer,Yes,0,No,No,0,1
CUST-12659,11,Month-to-month,37.46,417.28,No,No,No,Credit card,Yes,0,Yes,No,2,1
CUST-12660,31,One year,64.78,2038.89,Fiber optic,No,Yes,Electronic check,No,0,Yes,Yes,0,0
CUST-12661,56,Two year,51.75,2732.27,DSL,Yes,No,Electronic check,Yes,0,No,Yes,1,0
CUST-12662,10,Month-to-month,111.53,1203.44,DSL,No,No,Bank transfer,No,0,No,No,1,1
CUST-12663,36,Month-to-month,55.27,1970.69,Fiber optic,No,Yes,Electronic check,No,0,Yes,No,2,0
CUST-12664,15,One year,63.4,970.63,Fiber optic,No,Yes,Electronic check,Yes,1,No,No,1,1
CUST-12665,39,Month-to-month,120.0,4542.69,No,No,Yes,Electronic check,No,0,No,No,1,0
CUST-12666,17,Two year,59.16,1016.47,Fiber optic,No,No,Electronic check,No,0,Yes,Yes,3,0
CUST-12667,70,Month-to-month,81.68,5355.39,Fiber optic,Yes,Yes,Mailed check,No,0,No,Yes,4,1
CUST-12668,5,Two year,84.39,480.93,Fiber optic,Yes,No,Bank transfer,No,0,No,No,1,1
CUST-12669,70,Month-to-month,86.94,5931.08,Fiber optic,No,Yes,Electronic check,Yes,0,Yes,No,0,1
CUST-12670,57,Month-to-month,73.68,4009.16,DSL,No,No,Credit card,No,0,No,No,5,0
CUST-12671,62,Month-to-month,70.82,4185.86,DSL,Yes,No,Credit card,No,1,Yes,Yes,1,0
CUST-12672,62,Month-to-month,68.01,4005.02,DSL,No,Yes,Bank transfer,Yes,1,Yes,No,0,0
CUST-12673,13,Month-to-month,47.72,655.91,Fiber optic,No,Yes,Electronic check,Yes,0,Yes,No,2,0
CUST-12674,67,One year,74.77,4771.39,DSL,Yes,No,Bank transfer,No,0,Yes,No,1,0
CUST-12675,43,Month-to-month,120.0,5058.41,Fiber optic,No,Yes,Credit card,Yes,0,No,No,2,1
CUST-12676,70,Month-to-month,101.32,7173.73,DSL,No,Yes,Electronic check,Yes,1,No,No,2,0
CUST-12677,64,Month-to-month,74.12,4350.52,Fiber optic,No,No,Bank transfer,Yes,0,Yes,No,1,0
CUST-12678,42,Month-to-month,90.67,3594.67,DSL,Yes,No,Bank transfer,Yes,0,No,Yes,2,0
CUST-12679,27,Two year,38.92,1081.61,Fiber optic,No,No,Bank transfer,Yes,0,Yes,Yes,2,0
CUST-12680,8,Two year,57.18,500.04,DSL,No,No,Credit card,Yes,0,No,Yes,1,0
CUST-12681,7,Month-to-month,93.44,700.91,DSL,No,No,Electronic check,Yes,0,No,No,1,1
CUST-12682,28,One year,109.62,2889.62,DSL,No,No,Electronic check,Yes,0,No,No,2,0
CUST-12683,59,One year,41.87,2390.09,Fiber optic,No,Yes,Electronic check,Yes,0,No,No,4,1
CUST-12684,36,Two year,50.49,1827.75,Fiber optic,Yes,No,Mailed check,Yes,0,Yes,No,1,0
CUST-12685,35,Month-to-month,120.0,4070.69,DSL,No,No,Mailed check,Yes,0,Yes,Yes,1,1
CUST-12686,17,Month-to-month,67.89,1202.95,Fiber optic,No,No,Credit card,Yes,0,No,No,3,1
CUST-12687,41,Month-to-month,119.7,4670.7,Fiber optic,Yes,No,Bank transfer,Yes,0,No,Yes,2,1
CUST-12688,46,Two year,71.21,3177.91,Fiber optic,Yes,No,Bank transfer,No,0,Yes,Yes,1,0
CUST-12689,71,One year,72.39,4737.88,Fiber optic,No,No,Bank transfer,Yes,0,No,No,0,1
CUST-12690,53,Month-to-month,55.84,2872.3,DSL,No,No,Credit card,No,1,No,Yes,3,0
CUST-12691,44,Month-to-month,93.28,4139.28,Fiber optic,Yes,Yes,Mailed check,Yes,0,No,No,2,0
CUST-12692,66,One year,105.73,6483.34,Fiber optic,Yes,Yes,Bank transfer,Yes,1,Yes,No,1,0
CUST-12693,31,Two year,33.95,1043.98,Fiber optic,No,No,Mailed check,Yes,1,No,No,0,0
CUST-12694,68,Month-to-month,54.43,3498.13,DSL,Yes,Yes,Electronic check,Yes,0,No,No,5,0
CUST-12695,27,One year,92.45,2421.23,Fiber optic,No,No,Credit card,No,1,No,No,1,0
CUST-12696,9,Month-to-month,61.11,550.51,DSL,No,No,Electronic check,No,0,Yes,No,0,0
CUST-12697,30,Month-to-month,50.2,1483.52,Fiber optic,No,No,Mailed check,Yes,0,No,No,1,1
CUST-12698,9,Month-to-month,95.29,951.5,DSL,No,No,Mailed check,Yes,0,No,No,3,1
CUST-12699,8,One year,98.1,807.58,DSL,No,Yes,Electronic check,Yes,0,No,No,0,0
CUST-12700,64,Two year,51.51,3091.77,Fiber optic,No,Yes,Credit card,No,0,Yes,No,4,0
CUST-12701,58,Month-to-month,71.37,3885.04,No,No,No,Mailed check,Yes,1,Yes,No,1,0
CUST-12702,16,Month-to-month,28.75,467.35,DSL,No,Yes,Mailed check,Yes,1,Yes,No,5,0
CUST-12703,61,Month-to-month,38.14,2173.12,Fiber optic,No,No,Mailed check,Yes,0,No,Yes,2,0
CUST-12704,5,Month-to-month,68.72,410.33,Fiber optic,No,Yes,Credit card,No,1,Yes,No,0,0
CUST-12705,20,Month-to-month,65.94,1342.69,No,No,Yes,Mailed check,No,0,No,No,2,0
CUST-12706,51,Month-to-month,35.99,1801.35,Fiber optic,No,No,Credit card,Yes,0,No,Yes,0,0
CUST-12707,22,Month-to-month,43.52,901.26,DSL,Yes,No,Bank transfer,Yes,0,Yes,No,1,1
CUST-12708,53,Month-to-month,33.05,1690.21,DSL,No,No,Credit card,No,0,Yes,No,0,1
CUST-12709,63,Month-to-month,78.65,4937.68,Fiber optic,Yes,Yes,Bank transfer,Yes,0,Yes,No,3,0
CUST-12710,4,One year,18.0,85.56,DSL,No,No,Credit card,Yes,0,Yes,Yes,1,0
CUST-12711,1,Month-to-month,34.65,67.49,No,No,No,Bank transfer,Yes,0,No,No,3,1
CUST-12712,68,One year,18.0,1202.51,No,Yes,No,Electronic check,Yes,0,Yes,No,1,0
CUST-12713,37,Two year,77.57,2926.87,No,No,Yes,Electronic check,Yes,1,Yes,No,2,0
CUST-12714,36,One year,18.0,623.82,DSL,Yes,Yes,Credit card,No,0,Yes,No,1,0
CUST-12715,33,Month-to-month,65.95,2203.14,Fiber optic,No,No,Electronic check,No,0,Yes,No,1,1
CUST-12716,31,Month-to-month,114.19,3383.84,Fiber optic,No,No,Electronic check,Yes,0,No,No,3,1
CUST-12717,50,One year,115.2,5615.24,DSL,No,Yes,Credit card,Yes,0,Yes,No,1,0
CUST-12718,42,Month-to-month,18.0,744.43,DSL,No,Yes,Mailed check,Yes,0,No,Yes,0,0
CUST-12719,11,Month-to-month,73.95,837.95,DSL,No,No,Electronic check,No,1,Yes,Yes,1,1
CUST-12720,45,Month-to-month,35.33,1479.3,Fiber optic,No,No,Electronic check,Yes,0,No,Yes,1,1
CUST-12721,48,Month-to-month,29.21,1350.31,No,No,No,Mailed check,Yes,0,No,No,1,0
CUST-12722,8,Month-to-month,61.6,509.88,No,Yes,No,Credit card,Yes,0,No,No,1,1
CUST-12723,27,One year,101.85,2705.59,DSL,No,No,Mailed check,Yes,0,Yes,No,1,1
CUST-12724,57,Month-to-month,82.99,4342.01,Fiber optic,No,No,Credit card,Yes,1,No,No,0,0
CUST-12725,45,Month-to-month,43.55,1899.81,DSL,Yes,No,Bank transfer,Yes,1,Yes,No,2,0
CUST-12726,9,Two year,86.15,807.86,DSL,No,Yes,Mailed check,No,1,No,No,1,0
CUST-12727,2,Month-to-month,18.0,48.67,DSL,No,No,Electronic check,Yes,0,Yes,No,1,0
CUST-12728,42,One year,42.41,1754.84,Fiber optic,No,No,Credit card,No,0,No,Yes,1,0
CUST-12729,33,Month-to-month,40.28,1275.43,Fiber optic,Yes,No,Credit card,No,0,No,Yes,2,0
CUST-12730,70,Month-to-month,67.35,4582.15,No,No,Yes,Electronic check,Yes,0,No,No,1,0
CUST-12731,38,Two year,58.92,2271.67,No,No,No,Mailed check,No,0,No,No,0,0
CUST-12732,67,Month-to-month,60.76,4075.66,DSL,Yes,No,Bank transfer,No,1,No,Yes,0,0
CUST-12733,15,Month-to-month,59.76,908.69,Fiber optic,No,Yes,Credit card,Yes,0,Yes,No,2,0
CUST-12734,32,Two year,65.67,2052.53,DSL,No,No,Credit card,No,1,Yes,No,1,0
CUST-12735,10,One year,81.2,851.52,Fiber optic,Yes,Yes,Mailed check,No,0,Yes,No,2,0
CUST-12736,41,One year,69.48,2740.25,Fiber optic,No,Yes,Credit card,No,0,Yes,Yes,1,0
CUST-12737,13,Month-to-month,56.47,734.85,DSL,Yes,Yes,Bank transfer,Yes,0,Yes,No,3,0
CUST-12738,35,Month-to-month,77.05,2540.14,DSL,No,No,Mailed check,Yes,0,No,Yes,1,1
CUST-12739,25,One year,89.78,2314.46,DSL,No,Yes,Mailed check,Yes,0,Yes,No,3,0
CUST-12740,13,Month-to-month,48.32,613.0,DSL,No,No,Credit card,Yes,0,No,No,2,1
CUST-12741,7,Month-to-month,63.22,472.64,No,No,No,Credit card,Yes,0,No,Yes,0,1
CUST-12742,37,One year,99.86,3478.37,DSL,No,No,Credit card,No,0,No,Yes,2,0
CUST-12743,69,Month-to-month,31.92,2024.49,Fiber optic,Yes,No,Mailed check,Yes,1,No,No,0,0
CUST-12744,14,Month-to-month,119.14,1639.26,No,No,No,Mailed check,Yes,1,Yes,Yes,2,1
CUST-12745,29,Month-to-month,24.83,704.37,Fiber optic,Yes,No,Credit card,Yes,0,No,Yes,0,1
CUST-12746,16,Month-to-month,54.64,887.91,Fiber optic,No,Yes,Mailed check,Yes,0,No,No,0,1
CUST-12747,59,One year,36.49,2166.27,No,Yes,Yes,Credit card,No,0,No,Yes,2,0
CUST-12748,30,Two year,120.0,3602.39,DSL,No,No,Bank transfer,No,0,No,No,1,0
CUST-12749,71,Month-to-month,49.9,3521.65,DSL,No,No,Bank transfer,Yes,1,No,No,2,1
CUST-12750,17,Month-to-month,49.97,859.28,Fiber optic,Yes,No,Electronic check,Yes,0,Yes,Yes,3,1
CUST-12751,5,Month-to-month,53.88,297.46,Fiber optic,Yes,No,Electronic check,Yes,0,Yes,No,2,0
CUST-12752,42,Month-to-month,67.87,2874.59,Fiber optic,Yes,No,Bank transfer,No,0,No,Yes,2,1
CUST-12753,47,Month-to-month,55.15,2508.09,DSL,Yes,Yes,Mailed check,Yes,0,No,No,3,0
CUST-12754,72,Two year,61.01,4351.85,Fiber optic,No,Yes,Bank transfer,Yes,0,Yes,Yes,0,0
CUST-12755,63,Month-to-month,18.0,1037.53,Fiber optic,No,Yes,Credit card,Yes,0,Yes,No,1,0
CUST-12756,64,Month-to-month,66.71,4095.77,No,No,No,Electronic check,Yes,0,No,No,2,1
CUST-12757,46,Two year,65.53,2876.29,DSL,Yes,No,Credit card,Yes,1,No,No,0,0
CUST-12758,26,Month-to-month,96.16,2413.85,DSL,No,No,Electronic check,No,0,Yes,No,1,1
CUST-12759,31,Two year,104.27,3228.15,No,No,No,Electronic check,Yes,0,Yes,Yes,3,0
CUST-12760,9,Month-to-month,59.37,583.28,Fiber optic,Yes,No,Credit card,Yes,0,No,No,1,1
CUST-12761,31,Month-to-month,89.49,2824.72,DSL,Yes,Yes,Electronic check,Yes,0,Yes,No,0,0
CUST-12762,26,Two year,31.95,845.46,DSL,No,Yes,Bank transfer,Yes,0,Yes,No,1,0
CUST-12763,2,Month-to-month,88.02,259.09,Fiber optic,Yes,Yes,Electronic check,No,0,Yes,Yes,2,0
CUST-12764,14,Month-to-month,47.83,705.62,Fiber optic,No,Yes,Electronic check,No,0,No,No,2,1
CUST-12765,39,Month-to-month,29.46,1142.29,Fiber optic,No,Yes,Electronic check,No,0,Yes,Yes,1,1
CUST-12766,26,One year,59.43,1566.09,No,No,No,Bank transfer,No,0,No,No,3,0
CUST-12767,72,One year,107.01,7203.32,DSL,Yes,Yes,Mailed check,No,0,Yes,No,2,0
CUST-12768,34,Month-to-month,70.43,2454.51,DSL,Yes,Yes,Electronic check,Yes,0,No,Yes,1,1
CUST-12769,69,One year,109.89,7310.1,Fiber optic,No,Yes,Credit card,Yes,0,No,No,1,0
CUST-12770,48,One year,42.54,1930.78,No,No,Yes,Electronic check,No,0,Yes,No,2,0
CUST-12771,2,Month-to-month,96.44,273.54,DSL,Yes,Yes,Electronic check,No,0,Yes,Yes,1,0
CUST-12772,14,Month-to-month,45.44,669.55,Fiber optic,No,Yes,Electronic check,Yes,0,No,Yes,1,1
CUST-12773,51,Month-to-month,71.76,3616.77,DSL,Yes,Yes,Credit card,Yes,0,No,No,3,0
CUST-12774,39,Month-to-month,71.5,2617.64,DSL,No,No,Mailed check,No,0,No,No,1,0
CUST-12775,22,Month-to-month,84.84,1841.78,No,No,Yes,Credit card,Yes,0,Yes,Yes,0,1
CUST-12776,38,Month-to-month,72.52,2759.02,DSL,No,Yes,Credit card,Yes,0,Yes,Yes,2,0
CUST-12777,65,Month-to-month,42.82,2739.63,DSL,No,No,Mailed check,Yes,0,No,No,2,0
CUST-12778,28,Month-to-month,91.41,2436.05,Fiber optic,No,Yes,Credit card,Yes,0,No,No,5,1
CUST-12779,3,One year,116.95,455.77,Fiber optic,No,No,Mailed check,Yes,0,Yes,No,0,0
CUST-12780,22,Month-to-month,47.49,1056.75,Fiber optic,Yes,No,Bank transfer,No,0,No,No,4,1
CUST-12781,68,Two year,18.0,1148.15,Fiber optic,No,No,Bank transfer,No,0,Yes,No,1,0
CUST-12782,55,Two year,79.98,4168.75,DSL,Yes,No,Credit card,Yes,0,Yes,Yes,2,0
CUST-12783,61,One year,55.06,3215.52,Fiber optic,Yes,No,Electronic check,Yes,0,Yes,No,1,0
CUST-12784,66,Two year,61.07,3958.19,DSL,No,Yes,Electronic check,Yes,0,Yes,Yes,1,0
CUST-12785,8,Two year,81.69,731.64,DSL,Yes,No,Bank transfer,Yes,0,Yes,Yes,0,1
CUST-12786,20,Month-to-month,51.31,1076.94,Fiber optic,Yes,Yes,Credit card,Yes,1,No,No,1,0
CUST-12787,4,One year,56.93,275.8,DSL,No,No,Bank transfer,No,0,Yes,Yes,1,1
CUST-12788,0,Month-to-month,62.0,58.36,No,Yes,Yes,Electronic check,No,0,Yes,Yes,1,0
CUST-12789,60,One year,109.09,6034.6,No,No,No,Electronic check,Yes,0,No,No,2,0
CUST-12790,68,Month-to-month,65.9,4362.03,No,Yes,Yes,Bank transfer,No,0,Yes,No,2,0
CUST-12791,11,Month-to-month,27.93,317.79,DSL,No,No,Credit card,Yes,1,Yes,No,5,1
CUST-12792,52,Month-to-month,29.12,1492.54,DSL,No,Yes,Bank transfer,No,0,Yes,Yes,2,0
CUST-12793,39,Two year,69.18,2757.37,No,Yes,Yes,Mailed check,Yes,1,Yes,No,2,0
CUST-12794,5,Month-to-month,31.12,171.16,Fiber optic,No,No,Bank transfer,No,0,Yes,No,1,1
CUST-12795,66,Month-to-month,18.13,1138.26,Fiber optic,Yes,No,Electronic check,Yes,0,Yes,No,1,1
CUST-12796,63,Month-to-month,84.07,5152.43,No,Yes,Yes,Mailed check,Yes,0,No,Yes,1,1
CUST-12797,41,Month-to-month,85.53,3359.02,DSL,Yes,Yes,Credit card,Yes,0,No,No,1,0
CUST-12798,51,Two year,53.96,2574.73,DSL,Yes,No,Bank transfer,No,0,Yes,Yes,2,0
CUST-12799,28,One year,73.81,2054.56,Fiber optic,Yes,No,Electronic check,No,0,Yes,No,2,0
CUST-12800,57,Month-to-month,70.64,3703.54,Fiber optic,No,No,Electronic check,No,0,Yes,No,2,0
CUST-12801,32,Month-to-month,83.07,2570.54,DSL,No,No,Electronic check,No,0,Yes,No,2,1
CUST-12802,72,Month-to-month,83.14,6052.65,Fiber optic,No,No,Mailed check,Yes,0,Yes,No,2,0
CUST-12803,4,Month-to-month,18.0,85.3,Fiber optic,No,No,Electronic check,No,1,Yes,No,3,1
CUST-12804,12,Two year,57.79,683.78,Fiber optic,No,Yes,Credit card,No,0,Yes,No,2,0
CUST-12805,70,One year,80.54,5623.58,DSL,Yes,No,Mailed check,Yes,0,No,No,2,0
CUST-12806,21,Month-to-month,52.69,1064.02,Fiber optic,Yes,No,Electronic check,Yes,0,Yes,Yes,1,0
CUST-12807,22,One year,66.09,1406.19,Fiber optic,No,Yes,Mailed check,Yes,1,No,No,1,0
CUST-12808,57,Month-to-month,87.52,5057.09,No,No,No,Bank transfer,Yes,0,Yes,Yes,0,1
CUST-12809,13,One year,67.43,922.79,DSL,Yes,Yes,Bank transfer,Yes,0,Yes,Yes,2,0
CUST-12810,37,Month-to-month,110.24,3905.06,No,Yes,Yes,Credit card,No,0,No,No,1,0
CUST-12811,20,One year,98.81,2001.82,Fiber optic,No,No,Mailed check,No,0,No,No,1,1
CUST-12812,14,Month-to-month,61.44,874.39,Fiber optic,No,No,Bank transfer,Yes,0,No,Yes,3,1
CUST-12813,70,Two year,59.06,4148.18,DSL,No,Yes,Bank transfer,No,0,Yes,Yes,2,0
CUST-12814,14,Month-to-month,18.0,258.13,DSL,No,No,Electronic check,No,0,Yes,Yes,0,0
CUST-12815,6,Month-to-month,55.2,373.29,Fiber optic,No,Yes,Electronic check,Yes,0,Yes,No,0,1
CUST-12816,49,Month-to-month,24.4,1116.19,DSL,Yes,No,Credit card,No,0,Yes,No,1,0
CUST-12817,63,Month-to-month,71.64,4241.03,DSL,No,No,Mailed check,No,0,No,No,3,0
CUST-12818,9,Month-to-month,69.59,628.16,No,No,No,Bank transfer,Yes,0,Yes,No,1,0
CUST-12819,51,One year,85.88,4281.88,DSL,No,Yes,Credit card,No,1,No,No,1,0
CUST-12820,39,One year,106.9,4088.93,No,No,Yes,Electronic check,Yes,1,Yes,No,0,0
CUST-12821,60,Month-to-month,64.21,3645.69,Fiber optic,Yes,No,Credit card,Yes,0,Yes,No,1,0
CUST-12822,9,One year,120.0,1107.86,No,Yes,Yes,Electronic check,Yes,0,Yes,No,2,1
CUST-12823,71,One year,71.97,4898.41,DSL,Yes,Yes,Bank transfer,No,1,No,No,1,0
CUST-12824,45,Month-to-month,25.69,1075.83,Fiber optic,Yes,No,Electronic check,No,1,Yes,No,1,1
CUST-12825,61,Month-to-month,48.14,2940.79,Fiber optic,Yes,No,Mailed check,Yes,0,Yes,Yes,3,0
CUST-12826,26,Month-to-month,53.82,1428.71,No,No,Yes,Mailed check,Yes,0,Yes,No,3,0
CUST-12827,68,Month-to-month,82.76,5479.82,DSL,No,No,Mailed check,Yes,1,No,No,0,0
CUST-12828,45,One year,36.58,1666.12,DSL,No,Yes,Electronic check,No,0,Yes,No,2,1
CUST-12829,9,Two year,56.06,538.93,No,No,No,Credit card,Yes,0,No,No,3,1
CUST-12830,67,One year,60.17,3883.26,DSL,No,No,Electronic check,Yes,0,Yes,No,0,0
CUST-12831,58,Month-to-month,51.56,2920.35,Fiber optic,No,No,Credit card,Yes,0,No,Yes,2,0
CUST-12832,21,One year,89.34,1785.72,DSL,Yes,No,Electronic check,Yes,0,No,No,2,0
CUST-12833,39,One year,84.24,3105.93,DSL,Yes,No,Bank transfer,No,0,Yes,No,1,0
CUST-12834,28,Month-to-month,100.0,2771.91,Fiber optic,Yes,Yes,Bank transfer,No,0,Yes,No,0,0
CUST-12835,39,Two year,55.07,2007.25,Fiber optic,No,No,Mailed check,Yes,0,Yes,No,3,0
CUST-12836,70,Month-to-month,101.08,7040.03,Fiber optic,Yes,No,Bank transfer,No,0,No,No,4,0
CUST-12837,65,Month-to-month,24.08,1457.41,Fiber optic,Yes,No,Electronic check,No,0,Yes,No,0,0
CUST-12838,15,Month-to-month,23.35,351.87,Fiber optic,No,No,Credit card,Yes,0,Yes,No,1,1
CUST-12839,70,Month-to-month,28.59,1925.26,No,No,No,Electronic check,Yes,1,Yes,No,2,0
CUST-12840,31,Two year,65.28,1913.06,DSL,No,No,Bank transfer,No,0,Yes,No,2,0
CUST-12841,51,Month-to-month,101.07,4857.35,DSL,No,Yes,Electronic check,Yes,0,Yes,Yes,0,1
CUST-12842,55,Month-to-month,46.94,2493.11,DSL,No,No,Bank transfer,No,0,Yes,No,1,0
CUST-12843,35,Month-to-month,50.7,1662.17,Fiber optic,No,No,Mailed check,Yes,0,No,No,0,1
CUST-12844,33,Month-to-month,58.52,1827.95,DSL,Yes,Yes,Mailed check,No,0,Yes,No,1,0
CUST-12845,33,Month-to-month,82.18,2521.19,Fiber optic,No,No,Electronic check,Yes,0,No,No,1,1
CUST-12846,62,Month-to-month,50.67,3034.66,Fiber optic,No,No,Electronic check,Yes,0,Yes,Yes,0,0
CUST-12847,28,One year,49.0,1395.75,Fiber optic,Yes,No,Mailed check,Yes,0,No,Yes,1,0
CUST-12848,20,Month-to-month,24.64,507.65,No,No,No,Bank transfer,Yes,0,No,Yes,3,0
CUST-12849,26,One year,47.85,1208.61,Fiber optic,No,No,Bank transfer,No,0,No,No,0,0
CUST-12850,14,Month-to-month,100.32,1457.77,Fiber optic,No,No,Mailed check,No,0,No,No,3,1
CUST-12851,28,One year,67.73,1962.19,DSL,No,No,Bank transfer,Yes,0,Yes,No,2,1
CUST-12852,8,Two year,42.8,362.99,Fiber optic,Yes,No,Electronic check,No,0,No,Yes,2,0
CUST-12853,6,Month-to-month,102.08,708.4,DSL,Yes,Yes,Bank transfer,Yes,1,Yes,Yes,0,0
CUST-12854,52,Month-to-month,47.44,2458.64,No,Yes,Yes,Bank transfer,Yes,0,Yes,No,1,0
CUST-12855,5,Two year,107.6,592.46,Fiber optic,No,No,Electronic check,No,0,Yes,Yes,2,1
CUST-12856,41,Month-to-month,107.11,4248.6,DSL,No,No,Electronic check,Yes,1,No,No,0,0
CUST-12857,56,One year,66.68,3774.46,DSL,No,No,Bank transfer,No,1,No,No,1,0
CUST-12858,52,Month-to-month,20.04,973.7,Fiber optic,No,Yes,Bank transfer,Yes,1,No,No,2,0
CUST-12859,32,Month-to-month,120.0,3586.82,No,No,Yes,Credit card,Yes,0,Yes,No,2,1
CUST-12860,14,Month-to-month,76.62,1065.09,DSL,Yes,No,Mailed check,No,0,Yes,No,1,0
CUST-12861,67,Two year,55.28,3384.96,DSL,Yes,Yes,Mailed check,No,0,Yes,Yes,2,0
CUST-12862,60,Month-to-month,93.68,5215.66,Fiber optic,No,No,Mailed check,Yes,0,No,No,1,1
CUST-12863,44,One year,86.07,3650.94,No,No,Yes,Credit card,No,0,Yes,Yes,1,0
CUST-12864,6,One year,104.33,713.11,No,Yes,No,Mailed check,No,0,No,No,0,0
CUST-12865,2,Month-to-month,45.13,124.74,DSL,No,No,Mailed check,No,0,No,No,2,1
CUST-12866,23,Month-to-month,74.55,1762.3,Fiber optic,No,Yes,Mailed check,Yes,0,No,No,1,0
CUST-12867,11,Month-to-month,29.42,352.61,Fiber optic,Yes,No,Bank transfer,Yes,0,No,No,4,1
CUST-12868,62,Month-to-month,84.99,5067.47,Fiber optic,No,Yes,Bank transfer,No,0,Yes,No,1,0
CUST-12869,15,One year,64.31,1028.15,Fiber optic,No,No,Mailed check,No,0,No,No,1,1
CUST-12870,20,Month-to-month,73.43,1476.93,Fiber optic,No,No,Mailed check,Yes,0,Yes,Yes,5,0
CUST-12871,71,Month-to-month,60.61,3953.81,Fiber optic,Yes,No,Bank transfer,Yes,0,Yes,No,1,1
CUST-12872,59,One year,57.47,3141.51,DSL,Yes,No,Mailed check,Yes,0,No,No,1,0
CUST-12873,15,One year,38.95,592.85,DSL,Yes,Yes,Credit card,Yes,0,No,No,0,0
CUST-12874,27,Month-to-month,88.71,2464.46,Fiber optic,No,Yes,Bank transfer,Yes,0,No,No,2,1
CUST-12875,37,One year,109.69,3792.45,DSL,No,No,Mailed check,No,0,Yes,No,3,1
CUST-12876,48,Month-to-month,48.3,2265.34,Fiber optic,No,No,Electronic check,No,0,Yes,No,1,0
CUST-12877,68,One year,81.61,5524.66,No,No,No,Credit card,No,1,No,No,2,0
CUST-12878,63,Month-to-month,77.97,4981.64,No,Yes,Yes,Bank transfer,No,0,No,No,1,1
CUST-12879,71,Month-to-month,65.24,4654.07,DSL,No,No,Credit card,Yes,0,Yes,No,1,0
CUST-12880,2,Month-to-month,19.2,52.45,DSL,Yes,No,Bank transfer,No,0,Yes,No,2,0
CUST-12881,17,One year,25.95,423.98,Fiber optic,Yes,Yes,Credit card,No,0,Yes,Yes,2,1
CUST-12882,41,One year,41.57,1607.18,Fiber optic,No,No,Electronic check,No,0,Yes,Yes,2,1
CUST-12883,3,Month-to-month,18.0,66.82,DSL,No,No,Electronic check,Yes,0,Yes,Yes,0,1
CUST-12884,25,Two year,107.24,2750.82,No,No,No,Bank transfer,No,0,No,Yes,1,0
CUST-12885,11,Two year,76.03,879.99,DSL,No,No,Electronic check,Yes,0,Yes,Yes,0,0
CUST-12886,68,Month-to-month,64.1,4397.35,DSL,Yes,No,Credit card,Yes,0,Yes,No,3,0
CUST-12887,4,One year,18.0,84.77,Fiber optic,Yes,No,Credit card,Yes,0,No,No,2,0
CUST-12888,10,Month-to-month,18.0,186.32,Fiber optic,Yes,No,Bank transfer,Yes,0,Yes,Yes,5,0
CUST-12889,14,Two year,64.93,903.79,Fiber optic,No,Yes,Bank transfer,No,0,Yes,No,1,0
CUST-12890,10,Month-to-month,120.0,1245.75,Fiber optic,No,No,Mailed check,Yes,0,No,No,0,1
CUST-12891,41,Month-to-month,44.04,1811.01,No,Yes,No,Credit card,Yes,0,No,No,1,1
CUST-12892,26,Month-to-month,90.91,2380.12,DSL,No,Yes,Electronic check,No,0,Yes,No,2,1
CUST-12893,66,Month-to-month,50.6,3318.91,Fiber optic,No,No,Mailed check,No,0,Yes,No,1,0
CUST-12894,19,One year,66.66,1310.63,DSL,No,Yes,Bank transfer,Yes,0,Yes,No,1,0
CUST-12895,39,Month-to-month,101.44,3653.58,Fiber optic,No,Yes,Credit card,Yes,0,Yes,No,4,0
CUST-12896,48,Month-to-month,54.62,2472.25,Fiber optic,Yes,No,Electronic check,Yes,0,No,No,1,0
CUST-12897,45,Month-to-month,44.3,1967.34,Fiber optic,No,Yes,Credit card,No,0,No,No,2,0
CUST-12898,58,Two year,107.54,5993.49,DSL,No,No,Mailed check,No,0,No,No,2,0
CUST-12899,14,One year,66.37,907.69,No,Yes,Yes,Credit card,Yes,0,No,Yes,2,0
CUST-12900,37,Month-to-month,97.74,3366.77,Fiber optic,Yes,No,Mailed check,No,0,No,Yes,0,1
CUST-12901,58,Month-to-month,44.44,2607.11,No,No,No,Bank transfer,No,0,No,No,2,0
CUST-12902,63,Month-to-month,107.2,6756.82,Fiber optic,No,No,Electronic check,No,0,Yes,No,2,0
CUST-12903,45,Two year,73.21,3138.34,No,Yes,No,Electronic check,Yes,0,No,Yes,2,1
CUST-12904,47,One year,78.04,3610.8,Fiber optic,No,Yes,Bank transfer,No,0,Yes,Yes,1,0
CUST-12905,63,One year,68.95,4036.28,Fiber optic,No,Yes,Bank transfer,Yes,1,No,No,1,0
CUST-12906,45,Two year,49.84,2094.32,Fiber optic,Yes,No,Mailed check,Yes,0,Yes,No,2,0
CUST-12907,69,Month-to-month,64.95,4243.54,Fiber optic,Yes,No,Bank transfer,Yes,1,Yes,No,1,1
CUST-12908,9,One year,51.72,480.03,Fiber optic,No,No,Credit card,Yes,0,Yes,Yes,3,1
CUST-12909,25,Month-to-month,93.79,2433.51,Fiber optic,No,No,Mailed check,Yes,0,No,Yes,0,1
CUST-12910,8,Month-to-month,58.91,478.46,Fiber optic,Yes,Yes,Bank transfer,Yes,0,Yes,Yes,1,1
CUST-12911,6,Month-to-month,20.1,134.33,Fiber optic,No,Yes,Electronic check,Yes,0,No,No,3,1
CUST-12912,34,Month-to-month,18.0,620.81,Fiber optic,No,No,Bank transfer,Yes,0,No,No,0,1
CUST-12913,16,Two year,18.0,276.19,Fiber optic,No,No,Credit card,No,1,No,No,1,0
CUST-12914,29,Month-to-month,83.54,2394.36,Fiber optic,Yes,No,Bank transfer,No,0,Yes,No,1,0
CUST-12915,31,Two year,30.45,913.99,Fiber optic,Yes,No,Electronic check,Yes,1,No,Yes,1,0
CUST-12916,45,One year,74.0,3137.09,Fiber optic,Yes,No,Bank transfer,Yes,0,No,Yes,3,1
CUST-12917,69,One year,69.1,4467.15,No,No,No,Mailed check,Yes,0,Yes,No,0,0
CUST-12918,62,Two year,63.06,3899.06,DSL,No,Yes,Electronic check,No,0,Yes,No,1,0
CUST-12919,27,Month-to-month,78.15,2071.01,DSL,No,No,Bank transfer,No,0,No,No,1,1
CUST-12920,23,Month-to-month,69.75,1514.28,DSL,Yes,Yes,Mailed check,Yes,0,Yes,No,2,0
CUST-12921,56,Month-to-month,18.0,965.35,Fiber optic,No,No,Credit card,No,0,No,Yes,1,0
CUST-12922,9,Month-to-month,55.29,542.77,Fiber optic,No,No,Credit card,No,0,No,No,1,1
CUST-12923,39,Two year,77.75,3013.33,Fiber optic,No,Yes,Bank transfer,No,0,No,Yes,1,0
CUST-12924,30,Month-to-month,114.21,3524.56,DSL,Yes,Yes,Bank transfer,No,0,Yes,No,2,0
CUST-12925,13,Month-to-month,115.59,1581.54,No,No,No,Mailed check,Yes,0,No,Yes,1,0
CUST-12926,45,Month-to-month,24.11,1017.11,Fiber optic,Yes,No,Electronic check,No,0,No,Yes,1,0
CUST-12927,23,Month-to-month,54.51,1186.16,Fiber optic,Yes,Yes,Electronic check,No,0,Yes,Yes,1,0
CUST-12928,13,One year,18.02,238.72,DSL,No,No,Mailed check,No,0,No,Yes,0,0
CUST-12929,47,Month-to-month,110.6,5014.06,DSL,Yes,No,Mailed check,No,0,No,No,3,1
CUST-12930,12,One year,95.39,1183.98,DSL,Yes,No,Credit card,No,1,No,No,1,0
CUST-12931,49,One year,75.52,3652.02,Fiber optic,No,No,Mailed check,No,1,No,No,3,0
CUST-12932,11,One year,69.98,777.14,Fiber optic,Yes,No,Electronic check,Yes,0,Yes,No,2,1
CUST-12933,31,Month-to-month,106.42,3401.46,DSL,No,No,Credit card,Yes,0,Yes,No,2,1
CUST-12934,58,One year,101.34,5676.98,DSL,No,No,Credit card,No,0,No,No,4,0
CUST-12935,16,Month-to-month,99.74,1647.25,DSL,No,No,Mailed check,No,1,No,Yes,2,0
CUST-12936,56,Month-to-month,78.7,4220.51,Fiber optic,Yes,No,Electronic check,Yes,0,No,No,0,0
CUST-12937,52,One year,54.52,2798.37,DSL,No,Yes,Electronic check,Yes,1,No,No,0,1
CUST-12938,65,One year,88.01,5799.02,DSL,No,No,Bank transfer,No,1,Yes,No,1,0
CUST-12939,12,Month-to-month,89.48,1064.78,DSL,Yes,No,Credit card,Yes,0,No,No,1,0
CUST-12940,52,Two year,59.28,2964.62,Fiber optic,No,Yes,Mailed check,Yes,0,No,Yes,5,0
CUST-12941,68,Month-to-month,54.46,3643.89,No,No,No,Electronic check,No,0,No,Yes,2,0
CUST-12942,55,One year,99.0,5464.64,Fiber optic,Yes,No,Mailed check,Yes,0,No,No,2,1
CUST-12943,13,Two year,114.92,1550.51,DSL,Yes,Yes,Electronic check,Yes,0,Yes,No,3,0
CUST-12944,60,Month-to-month,42.52,2394.34,No,No,No,Mailed check,No,0,No,No,2,0
CUST-12945,7,Two year,57.1,440.59,No,No,No,Mailed check,No,0,Yes,Yes,2,1
CUST-12946,42,One year,75.53,3125.26,Fiber optic,No,No,Bank transfer,Yes,0,No,Yes,0,0
CUST-12947,36,One year,79.6,2663.53,DSL,Yes,No,Electronic check,Yes,0,Yes,No,3,0
CUST-12948,38,One year,49.33,1848.24,Fiber optic,Yes,Yes,Mailed check,Yes,0,Yes,No,1,0
CUST-12949,37,One year,120.0,4346.86,No,No,No,Electronic check,No,1,No,Yes,0,1
CUST-12950,2,Month-to-month,77.66,216.43,Fiber optic,No,No,Mailed check,Yes,0,Yes,No,1,1
CUST-12951,37,One year,80.94,2841.63,Fiber optic,Yes,No,Credit card,Yes,0,No,No,1,1
CUST-12952,68,Month-to-month,117.77,7937.51,Fiber optic,No,No,Bank transfer,No,0,Yes,Yes,1,0
CUST-12953,31,Two year,51.53,1494.77,No,Yes,Yes,Credit card,No,1,No,Yes,0,0
CUST-12954,20,Month-to-month,62.35,1215.67,DSL,Yes,Yes,Electronic check,Yes,0,No,Yes,1,1
CUST-12955,72,Month-to-month,27.4,1940.41,DSL,No,No,Credit card,Yes,0,No,No,0,1
CUST-12956,7,Two year,59.83,440.79,No,Yes,Yes,Credit card,No,0,No,Yes,2,0
CUST-12957,35,Month-to-month,20.33,667.3,DSL,No,No,Bank transfer,Yes,0,No,No,2,0
CUST-12958,37,Month-to-month,87.44,3317.04,Fiber optic,Yes,No,Credit card,No,0,Yes,No,1,0
CUST-12959,34,One year,77.6,2598.03,DSL,No,Yes,Electronic check,Yes,0,No,Yes,0,0
CUST-12960,67,Month-to-month,56.69,3573.03,DSL,Yes,Yes,Bank transfer,Yes,0,No,Yes,2,0
CUST-12961,30,Month-to-month,61.99,1759.11,DSL,No,No,Credit card,Yes,0,No,Yes,1,0
CUST-12962,71,Month-to-month,87.84,5696.53,Fiber optic,No,Yes,Electronic check,Yes,1,Yes,No,3,0
CUST-12963,4,Month-to-month,30.93,150.78,Fiber optic,No,No,Mailed check,No,0,Yes,No,4,1
CUST-12964,53,Month-to-month,71.13,3594.23,Fiber optic,No,Yes,Mailed check,No,1,Yes,No,2,0
CUST-12965,43,Month-to-month,85.99,3478.82,DSL,No,No,Electronic check,No,0,Yes,No,0,1
CUST-12966,17,Month-to-month,18.0,320.87,No,Yes,No,Electronic check,No,0,No,No,0,1
CUST-12967,16,Month-to-month,85.55,1410.19,Fiber optic,No,No,Mailed check,Yes,0,Yes,No,2,1
CUST-12968,52,Month-to-month,18.0,935.91,No,No,No,Electronic check,No,0,Yes,Yes,2,0
CUST-12969,46,One year,61.47,2789.63,Fiber optic,No,Yes,Bank transfer,No,0,Yes,No,1,1
CUST-12970,44,One year,30.1,1343.22,DSL,Yes,No,Electronic check,Yes,0,No,No,3,0
CUST-12971,3,Month-to-month,107.94,403.46,Fiber optic,Yes,Yes,Electronic check,No,1,No,No,2,1
CUST-12972,43,Month-to-month,30.29,1220.33,No,Yes,Yes,Bank transfer,No,1,No,No,1,0
CUST-12973,71,Two year,18.0,1167.26,DSL,Yes,Yes,Mailed check,Yes,0,Yes,No,1,0
CUST-12974,1,One year,69.0,124.67,Fiber optic,Yes,No,Mailed check,Yes,0,Yes,No,1,0
CUST-12975,34,Month-to-month,52.59,1813.75,Fiber optic,No,No,Mailed check,Yes,1,Yes,No,1,1
CUST-12976,36,Month-to-month,19.86,706.52,DSL,Yes,Yes,Mailed check,No,0,Yes,No,1,0
CUST-12977,65,Month-to-month,80.77,4822.02,Fiber optic,Yes,No,Mailed check,No,0,Yes,No,2,1
CUST-12978,20,Two year,18.0,344.23,DSL,Yes,No,Electronic check,No,0,No,Yes,1,0
CUST-12979,34,Two year,33.91,1150.83,DSL,No,Yes,Electronic check,No,0,Yes,No,1,0
CUST-12980,52,Two year,47.74,2374.58,No,No,Yes,Mailed check,Yes,0,Yes,No,1,1
CUST-12981,4,Month-to-month,89.07,435.3,Fiber optic,Yes,Yes,Bank transfer,No,0,Yes,No,1,0
CUST-12982,58,Month-to-month,103.86,6088.86,Fiber optic,No,Yes,Credit card,Yes,0,Yes,Yes,2,0
CUST-12983,60,Month-to-month,98.08,5836.9,Fiber optic,No,No,Electronic check,No,0,No,No,0,1
CUST-12984,52,Month-to-month,60.4,2939.21,No,Yes,No,Electronic check,Yes,0,No,Yes,3,1
CUST-12985,47,Month-to-month,18.0,833.73,Fiber optic,No,No,Bank transfer,Yes,0,No,No,1,1
CUST-12986,54,One year,76.73,4049.38,Fiber optic,Yes,No,Credit card,Yes,0,No,No,1,0
CUST-12987,57,Month-to-month,109.12,6232.71,DSL,No,Yes,Electronic check,Yes,0,No,No,1,1
CUST-12988,65,Two year,102.01,6194.24,Fiber optic,No,No,Electronic check,Yes,0,Yes,No,0,0
CUST-12989,31,Month-to-month,78.89,2453.52,Fiber optic,No,No,Mailed check,Yes,0,Yes,No,3,1
CUST-12990,33,Month-to-month,29.31,956.66,Fiber optic,Yes,Yes,Bank transfer,No,0,Yes,No,0,1
CUST-12991,46,Two year,49.24,2193.37,Fiber optic,No,No,Bank transfer,No,0,Yes,No,2,0
CUST-12992,14,One year,120.0,1672.4,DSL,Yes,Yes,Electronic check,Yes,0,No,Yes,3,0
CUST-12993,62,Month-to-month,22.5,1279.44,No,No,No,Bank transfer,Yes,0,No,Yes,3,0
CUST-12994,56,One year,30.56,1708.06,No,No,No,Mailed check,Yes,0,No,No,0,0
CUST-12995,46,Month-to-month,93.28,3992.84,Fiber optic,Yes,No,Electronic check,No,0,Yes,Yes,0,0
CUST-12996,22,Month-to-month,52.07,1123.04,Fiber optic,No,No,Credit card,No,0,Yes,No,2,0
CUST-12997,25,Month-to-month,29.55,729.59,Fiber optic,No,No,Bank transfer,No,0,Yes,No,1,1
CUST-12998,31,Month-to-month,110.84,3309.14,Fiber optic,Yes,No,Mailed check,Yes,0,Yes,Yes,2,1
CUST-12999,48,One year,78.83,3732.29,Fiber optic,No,No,Credit card,Yes,1,No,Yes,5,0
CUST-13000,56,Month-to-month,53.55,2847.38,Fiber optic,No,Yes,Credit card,No,0,No,Yes,3,1
CUST-13001,49,One year,30.63,1457.42,DSL,Yes,No,Electronic check,No,0,No,Yes,1,0
CUST-13002,67,One year,120.0,7421.68,DSL,No,No,Credit card,Yes,1,No,No,2,1
CUST-13003,70,Month-to-month,64.27,4305.12,Fiber optic,No,No,Bank transfer,No,0,No,No,2,0
CUST-13004,51,Month-to-month,106.92,5327.99,Fiber optic,No,No,Mailed check,Yes,0,Yes,No,2,1
CUST-13005,27,Month-to-month,91.81,2535.16,DSL,Yes,Yes,Mailed check,Yes,1,Yes,No,3,1
CUST-13006,43,One year,49.37,1994.5,DSL,No,No,Electronic check,Yes,0,No,No,0,1
CUST-13007,31,One year,49.61,1482.53,Fiber optic,No,Yes,Credit card,No,0,No,No,0,0
CUST-13008,45,One year,108.39,4616.63,Fiber optic,No,Yes,Mailed check,No,0,Yes,No,1,0
CUST-13009,59,Month-to-month,108.88,5979.25,Fiber optic,Yes,No,Mailed check,Yes,1,Yes,No,4,0
CUST-13010,26,Month-to-month,18.0,456.14,Fiber optic,No,Yes,Electronic check,Yes,0,No,Yes,1,0
CUST-13011,36,Month-to-month,81.49,2987.49,No,No,No,Credit card,Yes,0,No,Yes,2,1
CUST-13012,3,Month-to-month,61.36,230.05,DSL,Yes,No,Mailed check,Yes,0,No,Yes,1,1
CUST-13013,53,One year,34.0,1702.37,No,No,No,Bank transfer,No,0,No,No,1,0
CUST-13014,35,Month-to-month,72.85,2611.6,DSL,No,Yes,Mailed check,Yes,0,Yes,No,1,0
CUST-13015,33,Month-to-month,24.51,809.63,Fiber optic,No,Yes,Bank transfer,No,0,No,No,3,0
CUST-13016,38,Month-to-month,51.01,1863.99,DSL,No,No,Bank transfer,No,0,Yes,Yes,2,0
CUST-13017,15,Month-to-month,41.05,640.34,DSL,Yes,Yes,Mailed check,Yes,1,Yes,No,2,1
CUST-13018,43,One year,50.01,2120.9,DSL,No,No,Mailed check,No,0,No,Yes,2,0
CUST-13019,54,Month-to-month,62.86,3407.11,DSL,Yes,No,Bank transfer,No,1,No,No,1,1
CUST-13020,25,Two year,34.53,817.97,No,No,Yes,Electronic check,Yes,0,Yes,No,0,1
CUST-13021,9,Two year,112.2,1070.37,Fiber optic,No,No,Electronic check,Yes,0,No,No,2,0
CUST-13022,28,Two year,79.8,2245.27,No,Yes,Yes,Electronic check,No,0,No,No,1,0
CUST-13023,14,One year,118.84,1782.19,Fiber optic,No,Yes,Mailed check,No,0,No,Yes,2,0
CUST-13024,27,One year,60.2,1618.47,Fiber optic,No,No,Electronic check,No,0,Yes,No,1,0
CUST-13025,45,One year,48.54,2040.97,DSL,Yes,Yes,Mailed check,Yes,0,No,No,7,0
CUST-13026,8,Month-to-month,117.75,1056.73,Fiber optic,Yes,Yes,Bank transfer,No,1,Yes,No,0,1
CUST-13027,54,Month-to-month,47.66,2479.43,Fiber optic,No,No,Bank transfer,No,0,No,Yes,4,1
CUST-13028,16,One year,59.65,962.15,No,No,No,Credit card,Yes,0,Yes,No,0,1
CUST-13029,65,Month-to-month,86.6,5288.73,No,Yes,No,Credit card,Yes,0,Yes,No,1,0
CUST-13030,53,Month-to-month,27.87,1476.93,DSL,No,No,Mailed check,Yes,0,No,No,1,1
CUST-13031,19,Two year,86.34,1645.52,Fiber optic,Yes,No,Credit card,No,0,No,Yes,1,0
CUST-13032,41,Month-to-month,82.5,3455.96,Fiber optic,No,No,Credit card,Yes,1,No,No,2,1
CUST-13033,8,Month-to-month,103.08,883.1,Fiber optic,Yes,No,Electronic check,No,0,Yes,No,1,1
CUST-13034,7,One year,91.7,673.49,DSL,Yes,Yes,Electronic check,Yes,0,Yes,Yes,2,0
CUST-13035,69,Month-to-month,104.0,7112.78,Fiber optic,No,No,Credit card,No,0,No,No,2,0
CUST-13036,58,Two year,61.69,3329.5,Fiber optic,Yes,No,Credit card,Yes,0,No,Yes,1,0
CUST-13037,11,Month-to-month,39.12,435.8,DSL,No,Yes,Credit card,No,0,No,Yes,0,1
CUST-13038,20,Two year,120.0,2504.75,Fiber optic,Yes,No,Mailed check,Yes,0,Yes,No,2,0
CUST-13039,14,One year,19.2,287.32,DSL,Yes,No,Credit card,No,0,No,Yes,3,0
CUST-13040,28,Month-to-month,22.2,629.42,No,No,No,Credit card,No,0,No,Yes,2,0
CUST-13041,21,Month-to-month,81.95,1659.91,DSL,No,Yes,Bank transfer,Yes,0,No,No,1,0
CUST-13042,23,Month-to-month,113.75,2659.54,DSL,Yes,No,Bank transfer,Yes,1,No,No,0,0
CUST-13043,38,Month-to-month,70.69,2644.99,DSL,No,Yes,Mailed check,Yes,0,Yes,Yes,0,1
CUST-13044,13,Month-to-month,94.98,1256.15,No,Yes,No,Bank transfer,Yes,0,No,Yes,1,1
CUST-13045,64,Two year,18.0,1105.2,Fiber optic,No,No,Credit card,No,0,Yes,Yes,3,0
CUST-13046,53,Month-to-month,50.01,2552.83,DSL,Yes,No,Credit card,Yes,0,Yes,Yes,1,0
CUST-13047,55,Two year,18.0,939.69,DSL,No,No,Bank transfer,No,0,No,No,1,0
CUST-13048,12,Month-to-month,88.41,1096.23,Fiber optic,Yes,No,Electronic check,Yes,0,Yes,No,0,1
CUST-13049,51,Two year,18.58,873.07,Fiber optic,No,No,Bank transfer,No,0,Yes,No,1,0
CUST-13050,61,Month-to-month,26.67,1628.49,DSL,No,Yes,Mailed check,Yes,0,Yes,No,2,0
CUST-13051,12,Month-to-month,80.42,1034.7,No,No,Yes,Electronic check,No,0,Yes,No,1,1
CUST-13052,54,One year,96.85,5002.25,DSL,Yes,Yes,Electronic check,Yes,0,No,No,0,0
CUST-13053,26,Month-to-month,60.23,1617.85,Fiber optic,Yes,No,Electronic check,No,0,No,No,1,1
CUST-13054,57,Two year,82.11,4655.77,DSL,Yes,Yes,Mailed check,No,0,No,No,1,0
CUST-13055,34,Month-to-month,81.13,2796.36,Fiber optic,No,No,Mailed check,Yes,0,No,No,1,1
CUST-13056,58,Month-to-month,58.54,3416.31,Fiber optic,Yes,No,Mailed check,No,0,Yes,No,3,0
CUST-13057,10,Month-to-month,32.16,330.42,Fiber optic,No,No,Bank transfer,Yes,0,Yes,No,0,1
CUST-13058,28,One year,81.95,2332.04,Fiber optic,Yes,Yes,Bank transfer,Yes,0,No,No,2,1
CUST-13059,19,Month-to-month,83.39,1525.22,No,No,No,Mailed check,Yes,0,Yes,No,0,0
CUST-13060,18,Month-to-month,91.82,1740.57,No,No,Yes,Mailed check,No,0,Yes,No,2,0
CUST-13061,22,Month-to-month,74.36,1641.06,Fiber optic,No,Yes,Credit card,No,0,Yes,No,1,1
CUST-13062,27,Month-to-month,29.95,812.95,Fiber optic,No,No,Mailed check,Yes,0,Yes,No,2,0
CUST-13063,9,Month-to-month,85.71,797.65,No,No,No,Electronic check,No,0,No,Yes,1,1
CUST-13064,51,Two year,64.96,3050.89,DSL,No,Yes,Credit card,Yes,0,No,No,2,0
CUST-13065,40,Month-to-month,50.52,1897.97,DSL,No,Yes,Electronic check,Yes,0,No,No,3,0
CUST-13066,60,One year,56.16,3131.85,DSL,No,Yes,Credit card,Yes,0,Yes,Yes,1,0
CUST-13067,51,Month-to-month,44.29,2174.67,No,No,No,Mailed check,Yes,1,Yes,No,2,0
CUST-13068,10,Month-to-month,91.67,937.03,DSL,Yes,Yes,Credit card,No,0,Yes,No,2,0
CUST-13069,5,Month-to-month,22.46,134.01,DSL,No,Yes,Electronic check,Yes,0,Yes,Yes,1,1
CUST-13070,30,Month-to-month,35.2,1073.91,Fiber optic,No,No,Electronic check,Yes,0,No,No,1,1
CUST-13071,35,Month-to-month,55.14,1893.7,DSL,Yes,Yes,Mailed check,Yes,0,No,No,3,1
CUST-13072,17,Month-to-month,113.41,2011.25,DSL,Yes,No,Mailed check,No,0,No,No,2,0
CUST-13073,57,Month-to-month,96.63,5372.0,Fiber optic,No,No,Bank transfer,No,1,Yes,No,1,1
CUST-13074,42,Two year,18.0,767.81,DSL,Yes,No,Bank transfer,Yes,0,Yes,Yes,1,0
CUST-13075,54,Month-to-month,105.54,5656.76,No,No,No,Credit card,No,0,No,No,4,1
CUST-13076,7,Month-to-month,105.48,821.49,DSL,No,No,Bank transfer,Yes,0,No,Yes,1,0
CUST-13077,59,Month-to-month,29.78,1657.24,No,Yes,Yes,Electronic check,No,0,Yes,No,2,0
CUST-13078,15,Month-to-month,18.0,282.08,Fiber optic,Yes,No,Electronic check,Yes,0,Yes,No,1,1
CUST-13079,32,One year,62.83,2026.19,DSL,Yes,Yes,Mailed check,Yes,0,No,No,2,0
CUST-13080,32,Month-to-month,98.67,2956.85,DSL,Yes,No,Credit card,Yes,0,Yes,No,2,1
CUST-13081,59,One year,112.74,6127.12,Fiber optic,No,Yes,Credit card,Yes,0,No,Yes,1,1
CUST-13082,20,Month-to-month,38.88,806.78,Fiber optic,No,No,Bank transfer,Yes,1,Yes,No,1,1
CUST-13083,17,Month-to-month,117.56,2111.61,DSL,No,Yes,Mailed check,No,1,Yes,Yes,1,0
CUST-13084,24,Two year,18.0,432.21,No,Yes,No,Mailed check,Yes,0,No,Yes,1,0
CUST-13085,26,Month-to-month,53.96,1336.11,Fiber optic,No,No,Bank transfer,Yes,0,Yes,No,1,0
CUST-13086,13,One year,52.48,692.19,No,Yes,Yes,Credit card,No,0,Yes,No,2,0
CUST-13087,12,Month-to-month,99.57,1167.69,DSL,No,No,Bank transfer,No,0,Yes,No,5,1
CUST-13088,16,Two year,103.95,1735.65,DSL,Yes,Yes,Electronic check,No,1,No,Yes,0,1
CUST-13089,34,Month-to-month,93.63,2983.15,Fiber optic,No,No,Credit card,Yes,0,Yes,Yes,0,0
CUST-13090,25,Month-to-month,24.48,594.16,DSL,No,Yes,Credit card,No,0,Yes,No,1,1
CUST-13091,28,One year,90.88,2520.27,DSL,Yes,No,Electronic check,No,0,Yes,No,1,1
CUST-13092,52,Month-to-month,80.27,4125.86,DSL,No,No,Mailed check,Yes,0,Yes,No,1,1
CUST-13093,17,Month-to-month,18.0,320.99,DSL,Yes,No,Credit card,Yes,0,No,No,1,1
CUST-13094,66,Two year,18.0,1136.27,Fiber optic,Yes,No,Credit card,Yes,0,No,No,1,0
CUST-13095,54,One year,96.14,4859.94,DSL,No,No,Credit card,Yes,0,No,No,0,0
CUST-13096,12,One year,59.6,705.76,No,No,No,Credit card,No,0,No,No,2,0
CUST-13097,22,One year,26.44,587.36,DSL,Yes,Yes,Electronic check,No,0,Yes,Yes,1,0
CUST-13098,13,Two year,58.75,750.84,Fiber optic,Yes,No,Electronic check,Yes,1,Yes,No,0,0
CUST-13099,19,Two year,75.92,1466.51,Fiber optic,Yes,Yes,Mailed check,Yes,0,Yes,No,2,0
CUST-13100,26,One year,62.51,1595.99,Fiber optic,No,No,Bank transfer,No,0,Yes,No,2,1
CUST-13101,9,Month-to-month,18.44,173.64,No,No,Yes,Mailed check,Yes,0,No,Yes,1,1
CUST-13102,1,Month-to-month,120.0,222.26,No,Yes,No,Mailed check,Yes,0,No,No,1,1
CUST-13103,32,One year,95.13,3108.45,DSL,Yes,No,Mailed check,No,0,Yes,No,1,0
CUST-13104,51,Two year,54.94,2775.8,Fiber optic,No,No,Bank transfer,Yes,0,No,No,3,0
CUST-13105,22,Month-to-month,56.15,1230.06,No,No,Yes,Credit card,No,0,No,Yes,2,1
CUST-13106,62,Month-to-month,75.78,4499.05,DSL,Yes,Yes,Credit card,No,0,No,No,3,0
CUST-13107,26,Month-to-month,31.11,786.25,Fiber optic,No,No,Electronic check,Yes,1,No,No,1,1
CUST-13108,65,Month-to-month,74.68,4632.74,DSL,Yes,No,Electronic check,Yes,0,No,No,1,0
CUST-13109,17,Two year,25.08,444.83,Fiber optic,Yes,No,Mailed check,No,0,No,Yes,5,0
CUST-13110,39,Month-to-month,62.88,2369.67,Fiber optic,No,No,Bank transfer,Yes,0,Yes,Yes,3,1
CUST-13111,55,One year,29.94,1509.71,Fiber optic,No,Yes,Electronic check,Yes,0,No,No,3,0
CUST-13112,4,One year,31.46,156.09,No,Yes,No,Bank transfer,Yes,0,No,No,1,0
CUST-13113,67,Two year,114.37,7460.52,Fiber optic,No,No,Bank transfer,No,0,No,No,0,0
CUST-13114,26,Month-to-month,66.78,1652.63,No,No,Yes,Bank transfer,Yes,0,Yes,Yes,2,0
CUST-13115,36,Two year,71.22,2404.98,Fiber optic,No,No,Credit card,Yes,1,Yes,No,3,0
CUST-13116,45,One year,18.0,776.38,Fiber optic,No,Yes,Bank transfer,Yes,0,No,No,1,0
CUST-13117,46,One year,47.09,2127.41,Fiber optic,No,Yes,Bank transfer,Yes,0,Yes,No,2,1
CUST-13118,1,Month-to-month,78.84,156.72,Fiber optic,No,Yes,Mailed check,No,0,No,No,1,1
CUST-13119,63,Month-to-month,70.82,4103.91,No,Yes,No,Bank transfer,No,0,Yes,Yes,4,1
CUST-13120,45,One year,18.0,774.41,DSL,No,No,Mailed check,Yes,1,No,No,2,0
CUST-13121,72,Month-to-month,71.21,4812.18,No,Yes,Yes,Electronic check,No,0,Yes,No,1,1
CUST-13122,34,Month-to-month,76.0,2506.04,Fiber optic,No,No,Electronic check,No,0,Yes,No,0,0
CUST-13123,44,One year,103.51,4561.11,Fiber optic,Yes,No,Bank transfer,No,1,Yes,Yes,0,1
CUST-13124,32,One year,45.34,1370.32,Fiber optic,No,No,Bank transfer,Yes,1,Yes,No,3,0
CUST-13125,64,Month-to-month,18.0,1162.39,Fiber optic,No,Yes,Mailed check,Yes,0,Yes,No,0,0
CUST-13126,60,Month-to-month,35.1,1981.9,Fiber optic,Yes,Yes,Bank transfer,No,1,No,No,2,0
CUST-13127,66,Month-to-month,32.09,2096.86,Fiber optic,Yes,Yes,Mailed check,No,0,No,No,0,0
CUST-13128,36,Two year,87.1,3106.51,DSL,Yes,No,Mailed check,No,0,No,No,2,0
CUST-13129,57,Two year,18.0,996.79,Fiber optic,No,No,Bank transfer,Yes,0,Yes,No,2,0
CUST-13130,26,Month-to-month,51.55,1370.12,Fiber optic,Yes,Yes,Mailed check,Yes,0,Yes,Yes,2,0
CUST-13131,33,Month-to-month,107.77,3520.23,Fiber optic,No,No,Credit card,Yes,0,No,No,2,1
CUST-13132,55,Month-to-month,65.22,3572.87,Fiber optic,No,Yes,Bank transfer,Yes,0,No,No,1,1
CUST-13133,5,Month-to-month,91.89,528.69,DSL,No,Yes,Bank transfer,Yes,0,Yes,No,0,1
CUST-13134,51,Two year,18.0,909.84,Fiber optic,No,Yes,Bank transfer,Yes,1,No,No,4,0
CUST-13135,1,Month-to-month,18.0,32.57,Fiber optic,Yes,Yes,Bank transfer,Yes,1,No,No,3,1
CUST-13136,42,Month-to-month,108.12,4484.17,Fiber optic,No,Yes,Credit card,Yes,1,Yes,No,1,1
CUST-13137,34,Month-to-month,68.04,2354.97,Fiber optic,No,Yes,Mailed check,No,0,Yes,Yes,2,1
CUST-13138,34,Month-to-month,68.1,2300.16,Fiber optic,No,No,Credit card,Yes,1,No,No,3,1
CUST-13139,36,Two year,31.46,1142.85,Fiber optic,No,No,Electronic check,Yes,0,Yes,No,2,0
CUST-13140,35,One year,68.02,2446.51,DSL,Yes,No,Bank transfer,No,0,Yes,Yes,0,0
CUST-13141,29,One year,30.62,841.09,DSL,No,Yes,Bank transfer,Yes,0,No,Yes,2,0
CUST-13142,32,Month-to-month,100.61,3216.91,Fiber optic,No,No,Electronic check,Yes,0,Yes,Yes,2,0
CUST-13143,41,Two year,120.0,4988.21,DSL,Yes,No,Bank transfer,Yes,0,Yes,No,2,0
CUST-13144,55,Month-to-month,79.52,4020.61,DSL,Yes,No,Electronic check,Yes,0,Yes,No,0,0
CUST-13145,40,Two year,45.95,1728.27,DSL,Yes,Yes,Bank transfer,Yes,1,No,Yes,2,0
CUST-13146,46,Two year,18.0,782.52,DSL,No,No,Bank transfer,Yes,0,No,Yes,0,0
CUST-13147,61,Month-to-month,18.0,1102.64,No,Yes,Yes,Bank transfer,Yes,0,No,No,1,0
CUST-13148,72,Two year,111.65,8131.89,DSL,No,Yes,Bank transfer,Yes,0,Yes,No,1,0
CUST-13149,7,Month-to-month,34.12,270.6,DSL,No,No,Mailed check,Yes,0,No,Yes,2,1
CUST-13150,52,One year,53.87,2704.93,No,Yes,No,Bank transfer,No,1,Yes,No,0,0
CUST-13151,16,Month-to-month,84.66,1391.39,No,Yes,No,Electronic check,Yes,0,No,Yes,1,0
CUST-13152,14,Month-to-month,109.47,1494.92,DSL,Yes,No,Credit card,Yes,0,No,Yes,2,0
CUST-13153,57,Month-to-month,59.01,3415.42,No,Yes,Yes,Electronic check,Yes,0,No,Yes,3,0
CUST-13154,5,Month-to-month,52.86,315.39,DSL,No,No,Electronic check,No,0,No,Yes,1,0
CUST-13155,61,Month-to-month,67.15,3995.23,Fiber optic,No,Yes,Bank transfer,Yes,0,Yes,Yes,7,0
CUST-13156,56,Month-to-month,46.17,2406.19,DSL,No,No,Electronic check,No,0,Yes,Yes,2,0
CUST-13157,72,One year,47.79,3470.33,Fiber optic,No,No,Credit card,Yes,0,No,Yes,2,0
CUST-13158,48,Month-to-month,77.36,3751.14,DSL,Yes,No,Electronic check,No,0,Yes,No,1,0
CUST-13159,63,Month-to-month,70.56,4511.63,Fiber optic,No,No,Bank transfer,Yes,0,Yes,No,1,1
CUST-13160,8,Two year,120.0,1026.85,DSL,No,Yes,Credit card,No,0,Yes,Yes,2,0
CUST-13161,64,Two year,78.17,4749.85,Fiber optic,No,Yes,Bank transfer,Yes,0,Yes,No,1,0
CUST-13162,11,Month-to-month,99.53,1119.97,Fiber optic,Yes,No,Bank transfer,Yes,0,No,Yes,1,0
CUST-13163,22,Month-to-month,32.86,717.77,DSL,Yes,Yes,Bank transfer,No,0,No,No,2,0
CUST-13164,9,One year,80.75,800.42,No,No,Yes,Bank transfer,No,0,No,Yes,4,1
CUST-13165,29,One year,43.31,1186.09,Fiber optic,No,No,Electronic check,No,0,Yes,Yes,0,0
CUST-13166,54,Month-to-month,76.86,4078.72,DSL,Yes,Yes,Mailed check,Yes,0,No,No,1,0
CUST-13167,19,One year,85.66,1698.67,DSL,Yes,Yes,Electronic check,Yes,0,No,Yes,1,0
CUST-13168,60,Month-to-month,66.5,3761.91,DSL,No,Yes,Electronic check,Yes,0,Yes,Yes,5,1
CUST-13169,44,Month-to-month,120.0,5143.62,DSL,No,No,Electronic check,No,0,No,No,1,1
CUST-13170,45,One year,107.84,4858.68,Fiber optic,No,No,Bank transfer,Yes,0,Yes,No,0,0
CUST-13171,68,One year,100.32,6586.19,Fiber optic,Yes,No,Credit card,Yes,0,No,Yes,1,0
CUST-13172,31,Two year,87.93,2680.8,Fiber optic,Yes,Yes,Bank transfer,Yes,1,No,Yes,1,0
CUST-13173,25,Month-to-month,117.9,2993.86,Fiber optic,No,No,Electronic check,No,0,Yes,No,3,1
CUST-13174,72,Month-to-month,21.89,1464.49,Fiber optic,No,Yes,Bank transfer,Yes,0,No,Yes,3,0
CUST-13175,40,Month-to-month,106.11,4226.48,DSL,Yes,Yes,Bank transfer,Yes,0,No,Yes,0,0
CUST-13176,44,Month-to-month,35.26,1573.03,Fiber optic,No,No,Credit card,Yes,0,Yes,No,2,1
CUST-13177,21,Month-to-month,48.07,962.56,No,No,No,Mailed check,Yes,1,Yes,Yes,1,0
CUST-13178,15,Month-to-month,81.84,1186.38,DSL,No,Yes,Mailed check,Yes,0,No,No,2,1
CUST-13179,12,Month-to-month,102.0,1205.0,Fiber optic,Yes,Yes,Bank transfer,No,0,Yes,Yes,2,1
CUST-13180,16,One year,30.39,502.96,No,No,No,Bank transfer,Yes,0,Yes,Yes,1,0
CUST-13181,14,Month-to-month,49.62,698.99,Fiber optic,No,Yes,Electronic check,Yes,0,No,No,1,1
CUST-13182,54,Month-to-month,67.93,3536.08,No,Yes,Yes,Bank transfer,Yes,0,Yes,No,2,0
CUST-13183,4,One year,59.41,288.98,DSL,Yes,No,Credit card,Yes,0,No,No,2,0
CUST-13184,45,Month-to-month,90.62,3969.72,Fiber optic,Yes,No,Electronic check,No,0,Yes,Yes,0,0
CUST-13185,69,Two year,120.0,8064.11,DSL,Yes,No,Mailed check,Yes,0,No,No,1,0
CUST-13186,55,Month-to-month,77.58,4279.59,DSL,No,No,Bank transfer,No,0,No,No,3,0
CUST-13187,29,Month-to-month,42.94,1217.51,No,No,No,Credit card,Yes,0,No,No,3,1
CUST-13188,4,Two year,26.1,128.87,DSL,Yes,Yes,Credit card,Yes,0,No,No,3,0
CUST-13189,60,One year,55.24,3208.97,No,No,No,Bank transfer,Yes,1,No,No,2,0
CUST-13190,0,One year,36.79,34.59,Fiber optic,Yes,Yes,Bank transfer,Yes,0,Yes,No,2,0
CUST-13191,49,One year,79.03,3659.51,No,No,No,Mailed check,Yes,0,Yes,Yes,1,0
CUST-13192,48,Month-to-month,78.56,3745.62,No,No,No,Mailed check,Yes,0,Yes,No,1,0
CUST-13193,14,One year,51.1,737.52,Fiber optic,Yes,Yes,Bank transfer,No,0,Yes,No,0,0
CUST-13194,54,Two year,120.0,6473.4,No,No,No,Bank transfer,Yes,1,Yes,No,2,0
CUST-13195,12,Two year,42.94,532.92,Fiber optic,No,No,Bank transfer,Yes,0,No,No,1,1
CUST-13196,16,Month-to-month,61.42,1030.24,Fiber optic,Yes,No,Credit card,Yes,1,No,No,5,1
CUST-13197,59,Month-to-month,84.17,4690.35,Fiber optic,No,Yes,Electronic check,Yes,0,No,No,5,1
CUST-13198,71,One year,91.76,6428.67,DSL,Yes,Yes,Credit card,Yes,0,Yes,No,1,0
CUST-13199,19,Month-to-month,103.33,1941.22,DSL,Yes,No,Bank transfer,Yes,0,Yes,No,3,0
CUST-13200,67,Month-to-month,77.85,4824.73,DSL,No,No,Bank transfer,Yes,0,No,No,1,0
CUST-13201,66,Month-to-month,96.53,6162.45,Fiber optic,No,No,Bank transfer,No,0,Yes,No,2,1
CUST-13202,56,Month-to-month,45.05,2370.47,DSL,Yes,Yes,Bank transfer,Yes,0,No,No,3,0
CUST-13203,10,Month-to-month,92.54,922.43,Fiber optic,Yes,No,Bank transfer,Yes,0,Yes,No,1,0
CUST-13204,21,Month-to-month,92.14,1898.0,Fiber optic,Yes,Yes,Mailed check,No,0,No,Yes,1,0
CUST-13205,49,Month-to-month,110.39,5507.1,Fiber optic,Yes,Yes,Bank transfer,Yes,0,No,No,2,0
CUST-13206,72,Month-to-month,18.0,1300.09,No,Yes,No,Mailed check,No,0,Yes,No,2,0
CUST-13207,59,Two year,37.78,2262.22,No,No,No,Bank transfer,Yes,0,Yes,No,1,0
CUST-13208,30,Month-to-month,89.69,2510.3,No,No,No,Bank transfer,Yes,0,Yes,Yes,2,1
CUST-13209,17,Month-to-month,18.0,296.55,Fiber optic,No,No,Mailed check,Yes,1,No,No,0,1
CUST-13210,70,Month-to-month,79.76,5229.8,DSL,No,Yes,Credit card,No,0,No,Yes,1,0
CUST-13211,20,Month-to-month,96.79,1979.08,No,Yes,No,Mailed check,Yes,0,No,No,3,0
CUST-13212,24,Two year,47.71,1190.14,DSL,No,Yes,Bank transfer,Yes,0,No,No,1,0
CUST-13213,70,Two year,52.09,3478.85,DSL,No,No,Mailed check,Yes,0,No,No,4,0
CUST-13214,41,Month-to-month,32.78,1319.43,DSL,No,Yes,Electronic check,Yes,1,Yes,No,3,0
CUST-13215,19,Month-to-month,49.35,897.03,Fiber optic,No,No,Bank transfer,Yes,0,Yes,No,0,0
CUST-13216,0,Month-to-month,50.22,48.36,Fiber optic,Yes,No,Credit card,Yes,0,Yes,No,2,0
CUST-13217,31,Month-to-month,44.51,1410.08,DSL,Yes,No,Mailed check,No,0,No,No,2,0
CUST-13218,71,Month-to-month,42.87,2981.46,Fiber optic,No,Yes,Electronic check,No,0,Yes,No,0,0
CUST-13219,31,Month-to-month,56.87,1756.75,DSL,No,No,Electronic check,No,0,No,Yes,2,0
CUST-13220,51,Month-to-month,56.51,2787.91,DSL,No,No,Mailed check,Yes,0,Yes,No,1,0
CUST-13221,18,One year,120.0,2154.59,DSL,No,Yes,Credit card,Yes,0,Yes,No,1,0
CUST-13222,56,Month-to-month,53.17,2839.7,DSL,Yes,No,Bank transfer,No,0,No,No,1,0
CUST-13223,56,Month-to-month,75.32,4216.05,Fiber optic,Yes,No,Electronic check,No,0,Yes,No,2,1
CUST-13224,44,Month-to-month,47.69,2069.81,DSL,No,No,Credit card,Yes,0,No,No,2,1
CUST-13225,56,Month-to-month,47.31,2507.8,DSL,Yes,No,Electronic check,No,0,Yes,No,3,0
CUST-13226,42,Month-to-month,18.0,736.68,DSL,No,No,Bank transfer,Yes,0,Yes,Yes,0,0
CUST-13227,27,Month-to-month,18.0,459.43,Fiber optic,No,No,Credit card,No,0,Yes,No,2,0
CUST-13228,53,Month-to-month,28.79,1406.31,No,Yes,Yes,Credit card,No,1,Yes,No,1,0
CUST-13229,60,Month-to-month,70.51,3929.61,Fiber optic,Yes,No,Bank transfer,No,0,Yes,No,1,0
CUST-13230,61,Two year,97.29,5952.09,Fiber optic,No,No,Mailed check,Yes,1,Yes,Yes,1,0
CUST-13231,15,Two year,18.0,266.61,No,No,No,Credit card,Yes,0,Yes,Yes,4,0
CUST-13232,49,Month-to-month,48.53,2417.54,DSL,No,No,Mailed check,No,1,Yes,No,5,0
CUST-13233,0,Month-to-month,23.99,22.4,DSL,Yes,No,Mailed check,No,0,No,No,3,1
CUST-13234,41,One year,57.07,2255.45,Fiber optic,Yes,Yes,Bank transfer,Yes,0,No,Yes,3,1
CUST-13235,41,One year,97.27,4008.55,DSL,Yes,No,Bank transfer,Yes,0,Yes,No,0,0
CUST-13236,26,Month-to-month,51.59,1284.83,Fiber optic,Yes,Yes,Electronic check,Yes,0,No,No,0,1
CUST-13237,72,Month-to-month,63.57,4598.57,Fiber optic,Yes,No,Credit card,Yes,1,Yes,Yes,1,0
CUST-13238,64,Month-to-month,108.66,6818.12,DSL,No,No,Credit card,No,0,Yes,Yes,1,0
CUST-13239,2,One year,78.74,214.07,Fiber optic,Yes,No,Mailed check,No,0,No,Yes,0,0
CUST-13240,15,Month-to-month,42.2,672.27,Fiber optic,No,No,Electronic check,Yes,0,Yes,Yes,1,0
CUST-13241,15,Month-to-month,69.77,1036.78,DSL,No,No,Electronic check,Yes,0,No,No,2,1
CUST-13242,65,Month-to-month,40.17,2447.6,No,No,No,Mailed check,Yes,0,No,Yes,2,0
CUST-13243,37,Month-to-month,77.61,2919.17,Fiber optic,No,No,Electronic check,Yes,0,No,No,3,1
CUST-13244,53,Month-to-month,80.46,4051.74,DSL,Yes,Yes,Credit card,Yes,0,Yes,No,1,0
CUST-13245,59,One year,23.99,1399.48,DSL,No,No,Credit card,No,0,No,No,3,0
CUST-13246,56,Month-to-month,70.25,3617.5,DSL,Yes,Yes,Credit card,No,0,Yes,No,0,0
CUST-13247,6,Month-to-month,61.47,426.89,DSL,Yes,No,Mailed check,Yes,0,No,No,2,1
CUST-13248,10,Month-to-month,81.34,841.88,DSL,No,No,Bank transfer,No,0,Yes,No,1,1
CUST-13249,28,Two year,89.94,2394.02,DSL,Yes,No,Mailed check,No,0,Yes,No,1,0
CUST-13250,24,Month-to-month,79.32,1979.28,No,Yes,No,Mailed check,No,0,No,No,3,0
CUST-13251,54,Month-to-month,55.9,2995.11,No,No,No,Bank transfer,No,0,No,No,0,1
CUST-13252,11,Month-to-month,93.0,1092.95,Fiber optic,No,No,Electronic check,Yes,0,Yes,No,1,0
CUST-13253,27,Two year,38.81,1032.44,Fiber optic,Yes,No,Credit card,No,1,Yes,No,1,0
CUST-13254,17,One year,25.38,442.61,Fiber optic,Yes,Yes,Electronic check,No,0,Yes,Yes,2,0
CUST-13255,13,Two year,18.0,234.13,Fiber optic,Yes,Yes,Mailed check,No,0,No,No,3,0
CUST-13256,12,One year,62.9,778.29,No,No,No,Electronic check,Yes,0,Yes,No,2,0
CUST-13257,14,Month-to-month,40.35,567.76,Fiber optic,No,No,Bank transfer,Yes,0,Yes,No,1,1
CUST-13258,41,Month-to-month,76.93,3045.31,Fiber optic,Yes,No,Bank transfer,Yes,0,Yes,No,4,0
CUST-13259,29,Month-to-month,18.0,486.23,No,No,Yes,Credit card,No,1,No,No,2,0
CUST-13260,31,One year,45.58,1430.97,Fiber optic,No,Yes,Mailed check,Yes,0,Yes,No,2,0
CUST-13261,34,One year,79.11,2552.31,DSL,No,No,Electronic check,No,0,Yes,Yes,0,1
CUST-13262,54,Month-to-month,34.1,1776.77,DSL,No,No,Electronic check,No,0,No,No,2,1
CUST-13263,62,Two year,77.28,4702.59,Fiber optic,No,Yes,Bank transfer,Yes,0,No,Yes,3,0
CUST-13264,38,Month-to-month,48.29,1701.47,DSL,No,Yes,Credit card,Yes,0,Yes,No,2,1
CUST-13265,46,Month-to-month,64.02,2811.08,DSL,No,Yes,Electronic check,No,0,Yes,Yes,1,0
CUST-13266,53,Month-to-month,82.85,4144.54,DSL,Yes,No,Credit card,Yes,0,Yes,No,2,0
CUST-13267,50,Two year,93.58,4358.73,DSL,Yes,No,Mailed check,No,0,No,No,1,0
CUST-13268,9,Two year,67.77,665.06,No,Yes,No,Credit card,No,0,No,Yes,2,0
CUST-13269,71,Month-to-month,40.58,2787.83,Fiber optic,No,No,Electronic check,Yes,1,No,No,1,1
CUST-13270,12,Two year,51.26,630.15,DSL,Yes,No,Credit card,Yes,1,No,No,2,0
CUST-13271,30,Two year,84.11,2381.21,Fiber optic,No,Yes,Mailed check,No,0,Yes,No,1,0
CUST-13272,47,Two year,34.36,1569.14,DSL,Yes,Yes,Mailed check,No,0,No,No,1,0
CUST-13273,29,Two year,59.66,1658.68,Fiber optic,No,No,Electronic check,Yes,0,No,No,0,0
CUST-13274,17,Month-to-month,53.42,877.58,Fiber optic,Yes,No,Electronic check,No,0,No,No,1,1
CUST-13275,67,One year,61.9,4010.03,DSL,No,No,Credit card,Yes,0,Yes,No,3,0
CUST-13276,5,One year,34.72,201.69,Fiber optic,No,No,Electronic check,Yes,0,No,No,1,0
CUST-13277,17,One year,18.0,293.44,DSL,No,No,Mailed check,Yes,0,Yes,Yes,2,0
CUST-13278,72,Month-to-month,80.62,5329.81,Fiber optic,No,Yes,Credit card,No,0,Yes,No,0,1
CUST-13279,53,One year,93.92,4939.1,No,No,No,Mailed check,No,0,Yes,No,1,0
CUST-13280,6,Two year,18.0,116.01,No,No,No,Credit card,Yes,1,No,No,2,0
CUST-13281,55,Month-to-month,76.07,3899.38,DSL,No,No,Bank transfer,Yes,1,No,No,2,0
CUST-13282,70,Two year,97.5,6896.29,Fiber optic,No,Yes,Credit card,Yes,0,Yes,Yes,1,0
CUST-13283,7,Month-to-month,82.88,608.67,Fiber optic,No,No,Credit card,No,0,Yes,No,0,1
CUST-13284,30,Month-to-month,52.5,1576.17,No,No,No,Electronic check,No,0,Yes,Yes,2,1
CUST-13285,34,Month-to-month,36.7,1260.73,DSL,No,No,Mailed check,Yes,0,No,No,2,0
CUST-13286,9,One year,67.43,629.04,Fiber optic,No,No,Mailed check,No,1,Yes,No,2,1
CUST-13287,14,One year,72.43,1028.12,DSL,No,Yes,Electronic check,No,0,No,No,1,1
CUST-13288,12,Month-to-month,67.87,842.97,DSL,No,Yes,Electronic check,No,0,Yes,No,2,1
CUST-13289,13,One year,59.6,767.7,Fiber optic,Yes,Yes,Electronic check,No,0,Yes,No,2,1
CUST-13290,29,Month-to-month,32.52,906.92,Fiber optic,Yes,Yes,Credit card,Yes,0,Yes,No,0,0
CUST-13291,33,Month-to-month,77.68,2631.37,DSL,No,No,Credit card,No,0,Yes,No,1,0
CUST-13292,17,Two year,79.13,1320.87,No,No,No,Bank transfer,Yes,0,Yes,No,1,0
CUST-13293,21,One year,71.02,1533.12,Fiber optic,No,No,Credit card,No,0,Yes,Yes,2,0
CUST-13294,14,One year,68.33,977.3,No,No,Yes,Mailed check,Yes,0,No,No,0,0
CUST-13295,58,One year,115.38,6566.25,Fiber optic,No,Yes,Mailed check,No,0,Yes,No,0,0
CUST-13296,15,Two year,46.27,700.14,No,Yes,No,Credit card,Yes,0,No,No,3,0
CUST-13297,66,Month-to-month,103.44,6645.15,Fiber optic,No,Yes,Electronic check,Yes,0,No,No,2,0
CUST-13298,39,Month-to-month,42.98,1640.13,DSL,Yes,Yes,Electronic check,No,0,Yes,No,2,1
CUST-13299,58,Month-to-month,98.27,5497.54,DSL,No,Yes,Bank transfer,Yes,0,Yes,Yes,2,0
CUST-13300,46,One year,102.0,4699.48,No,No,Yes,Mailed check,Yes,0,No,No,2,1
CUST-13301,19,One year,56.21,1110.73,DSL,Yes,Yes,Bank transfer,No,0,No,Yes,1,0
CUST-13302,43,One year,114.83,4676.39,Fiber optic,No,Yes,Bank transfer,Yes,0,Yes,No,1,0
CUST-13303,20,Month-to-month,79.07,1516.98,Fiber optic,No,No,Mailed check,Yes,0,No,No,1,1
CUST-13304,8,Month-to-month,38.68,341.55,DSL,Yes,Yes,Electronic check,No,0,Yes,Yes,0,1
CUST-13305,18,One year,53.78,941.29,DSL,No,No,Electronic check,Yes,0,Yes,Yes,0,0
CUST-13306,20,Two year,98.98,2050.77,Fiber optic,No,No,Mailed check,Yes,0,No,No,2,0
CUST-13307,9,Month-to-month,92.69,843.72,Fiber optic,No,No,Mailed check,No,0,No,No,2,1
CUST-13308,1,Month-to-month,33.26,60.47,Fiber optic,Yes,No,Electronic check,No,0,No,No,0,0
CUST-13309,68,Month-to-month,60.82,3853.15,DSL,Yes,Yes,Bank transfer,Yes,1,No,No,1,0
CUST-13310,37,Month-to-month,71.11,2435.16,Fiber optic,No,Yes,Credit card,Yes,0,Yes,No,0,0
CUST-13311,29,Month-to-month,49.77,1455.42,DSL,Yes,No,Credit card,Yes,0,No,Yes,1,0
CUST-13312,67,Month-to-month,120.0,7668.07,Fiber optic,Yes,No,Electronic check,Yes,0,No,No,1,0
CUST-13313,16,One year,72.01,1217.47,DSL,No,No,Electronic check,Yes,0,Yes,Yes,5,1
CUST-13314,29,Month-to-month,63.15,1774.26,DSL,No,No,Mailed check,No,0,Yes,No,2,0
CUST-13315,61,Month-to-month,100.73,6059.77,No,No,No,Credit card,Yes,0,No,No,0,0
CUST-13316,46,Month-to-month,54.04,2459.4,DSL,No,No,Bank transfer,Yes,0,Yes,Yes,3,0
CUST-13317,29,Two year,95.22,2663.7,Fiber optic,Yes,No,Mailed check,No,0,No,No,0,0
CUST-13318,18,Month-to-month,18.0,338.33,DSL,Yes,No,Credit card,Yes,0,No,No,0,1
CUST-13319,2,Month-to-month,51.39,144.89,DSL,No,No,Bank transfer,No,0,No,No,2,1
CUST-13320,6,Month-to-month,96.47,645.0,DSL,No,No,Credit card,No,0,Yes,No,4,1
CUST-13321,11,One year,112.11,1264.36,No,Yes,No,Credit card,Yes,1,No,No,2,0
CUST-13322,57,Two year,41.8,2287.5,Fiber optic,No,No,Credit card,Yes,0,No,No,2,0
CUST-13323,46,Month-to-month,38.31,1630.36,DSL,Yes,No,Bank transfer,Yes,0,No,No,3,0
CUST-13324,31,Month-to-month,82.02,2443.59,Fiber optic,No,No,Mailed check,Yes,0,No,No,2,0
CUST-13325,57,Month-to-month,46.31,2672.1,Fiber optic,No,No,Electronic check,Yes,0,No,No,2,1
CUST-13326,11,One year,56.94,671.76,Fiber optic,No,No,Bank transfer,Yes,1,Yes,No,1,1
CUST-13327,15,Two year,91.29,1443.14,No,Yes,Yes,Mailed check,Yes,0,Yes,Yes,1,0
CUST-13328,28,Month-to-month,48.68,1371.18,Fiber optic,Yes,No,Electronic check,No,0,Yes,No,0,0
CUST-13329,66,Month-to-month,18.0,1164.18,Fiber optic,No,Yes,Credit card,Yes,0,No,No,3,1
CUST-13330,44,One year,25.97,1156.8,DSL,No,No,Mailed check,Yes,0,Yes,Yes,0,0
CUST-13331,62,One year,65.3,3923.78,No,No,Yes,Bank transfer,Yes,1,Yes,Yes,2,0
CUST-13332,18,Month-to-month,18.0,339.13,Fiber optic,Yes,No,Credit card,Yes,0,No,No,1,0
CUST-13333,61,Month-to-month,56.09,3274.21,DSL,No,No,Mailed check,No,1,No,No,3,1
CUST-13334,5,Month-to-month,23.24,133.83,No,Yes,Yes,Credit card,No,0,No,No,1,0
CUST-13335,16,One year,114.2,1838.83,No,Yes,No,Bank transfer,Yes,0,Yes,No,1,1
CUST-13336,38,One year,120.0,4220.91,Fiber optic,Yes,No,Bank transfer,Yes,0,Yes,Yes,2,0
CUST-13337,3,One year,33.25,122.35,DSL,Yes,Yes,Mailed check,Yes,1,No,Yes,1,0
CUST-13338,62,Two year,72.7,4547.06,Fiber optic,Yes,Yes,Credit card,No,0,No,Yes,1,0
CUST-13339,63,Month-to-month,36.19,2223.07,No,Yes,Yes,Electronic check,Yes,0,No,No,0,0
CUST-13340,39,Month-to-month,55.72,2016.3,Fiber optic,No,No,Bank transfer,No,0,Yes,No,0,0
CUST-13341,22,Month-to-month,119.1,2730.32,DSL,No,No,Credit card,Yes,0,No,Yes,4,1
CUST-13342,7,Two year,51.0,405.06,DSL,No,Yes,Electronic check,Yes,0,No,Yes,2,0
CUST-13343,45,One year,56.42,2520.57,DSL,Yes,Yes,Mailed check,Yes,0,Yes,No,0,0
CUST-13344,39,Month-to-month,36.72,1363.51,DSL,No,No,Bank transfer,Yes,1,No,Yes,1,0
CUST-13345,55,Month-to-month,99.39,5173.44,Fiber optic,Yes,Yes,Mailed check,Yes,0,No,No,1,0
CUST-13346,43,One year,18.0,781.33,DSL,Yes,No,Electronic check,Yes,1,Yes,No,1,0
CUST-13347,9,One year,51.72,468.61,Fiber optic,No,Yes,Mailed check,Yes,0,Yes,Yes,1,0
CUST-13348,8,One year,63.62,528.91,No,No,No,Mailed check,No,0,Yes,Yes,2,0
CUST-13349,57,Month-to-month,45.17,2401.47,Fiber optic,No,No,Credit card,Yes,0,Yes,No,1,0
CUST-13350,11,Two year,90.91,1059.97,DSL,No,No,Credit card,No,0,Yes,No,1,1
CUST-13351,68,One year,101.06,6542.03,No,Yes,Yes,Electronic check,Yes,0,No,No,2,0
CUST-13352,7,One year,22.64,179.6,DSL,Yes,No,Mailed check,Yes,0,No,No,3,0
CUST-13353,53,One year,120.0,6352.29,No,No,No,Electronic check,Yes,0,No,No,0,0
CUST-13354,71,Two year,22.3,1603.14,DSL,Yes,No,Credit card,No,0,No,No,2,0
CUST-13355,32,Two year,103.66,3180.98,Fiber optic,Yes,Yes,Mailed check,No,0,No,No,2,1
CUST-13356,4,One year,69.49,329.21,Fiber optic,Yes,Yes,Credit card,No,0,No,No,3,0
CUST-13357,63,Month-to-month,49.89,3084.34,Fiber optic,No,No,Electronic check,Yes,0,No,No,2,0
CUST-13358,13,Month-to-month,52.72,736.22,Fiber optic,Yes,No,Bank transfer,Yes,1,No,No,0,0
CUST-13359,38,Two year,63.99,2332.06,DSL,Yes,No,Electronic check,No,0,No,No,1,0
CUST-13360,71,One year,71.25,4784.67,Fiber optic,No,No,Bank transfer,No,1,No,No,1,0
CUST-13361,54,Month-to-month,37.4,1980.22,DSL,No,No,Electronic check,Yes,1,Yes,No,4,0
CUST-13362,3,Month-to-month,57.98,224.16,Fiber optic,No,No,Electronic check,No,1,No,Yes,4,1
CUST-13363,59,Two year,41.88,2309.0,Fiber optic,No,No,Electronic check,No,0,Yes,No,1,0
CUST-13364,11,Two year,28.55,323.91,Fiber optic,Yes,Yes,Bank transfer,Yes,0,Yes,Yes,0,0
CUST-13365,54,Two year,40.48,2087.78,DSL,No,Yes,Bank transfer,No,0,No,No,0,0
CUST-13366,45,Month-to-month,30.5,1321.78,Fiber optic,Yes,No,Bank transfer,Yes,0,No,Yes,3,1
CUST-13367,21,One year,52.4,1053.71,Fiber optic,No,Yes,Electronic check,Yes,0,No,No,1,1
CUST-13368,30,Two year,77.97,2332.02,DSL,Yes,No,Mailed check,No,0,No,No,0,0
CUST-13369,8,Month-to-month,68.62,567.4,Fiber optic,No,Yes,Mailed check,No,0,No,Yes,1,0
CUST-13370,72,Month-to-month,120.0,7906.26,DSL,No,Yes,Credit card,Yes,0,Yes,Yes,1,0
CUST-13371,17,Two year,18.0,307.67,DSL,Yes,No,Bank transfer,Yes,0,Yes,No,1,0
CUST-13372,22,Month-to-month,79.08,1643.98,Fiber optic,Yes,No,Electronic check,Yes,1,Yes,No,1,1
CUST-13373,36,One year,65.19,2331.49,DSL,No,No,Electronic check,Yes,0,Yes,Yes,1,0
CUST-13374,49,One year,89.47,4292.04,DSL,Yes,Yes,Mailed check,No,0,No,Yes,0,0
CUST-13375,36,One year,86.49,3061.48,Fiber optic,No,Yes,Electronic check,Yes,0,Yes,Yes,0,0
CUST-13376,36,Month-to-month,60.05,2020.82,Fiber optic,Yes,No,Mailed check,Yes,1,No,Yes,4,1
CUST-13377,42,One year,70.18,2753.35,DSL,No,No,Credit card,No,0,No,No,3,0
CUST-13378,62,Month-to-month,42.68,2598.87,DSL,No,Yes,Electronic check,Yes,1,Yes,No,5,1
CUST-13379,28,Two year,83.41,2184.79,Fiber optic,No,No,Bank transfer,Yes,0,Yes,No,1,0
CUST-13380,60,Month-to-month,18.0,1000.93,Fiber optic,No,Yes,Mailed check,No,0,Yes,Yes,2,0
CUST-13381,57,One year,88.3,5000.42,Fiber optic,No,No,Bank transfer,Yes,0,Yes,No,2,0
CUST-13382,70,One year,64.3,4185.0,Fiber optic,No,Yes,Bank transfer,Yes,0,No,No,2,0
CUST-13383,66,Month-to-month,50.39,3205.88,Fiber optic,No,No,Bank transfer,Yes,1,No,No,1,1
CUST-13384,58,Month-to-month,58.02,3114.58,No,No,Yes,Mailed check,Yes,0,No,No,3,0
CUST-13385,18,One year,60.22,1056.66,DSL,No,No,Credit card,No,0,Yes,No,2,1
CUST-13386,56,Month-to-month,103.92,5851.98,DSL,Yes,No,Mailed check,No,0,Yes,Yes,2,0
CUST-13387,53,Month-to-month,120.0,6320.08,DSL,Yes,Yes,Electronic check,Yes,1,Yes,No,2,1
CUST-13388,21,Month-to-month,101.6,2053.82,DSL,No,Yes,Electronic check,Yes,0,Yes,No,1,0
CUST-13389,49,Two year,48.04,2213.34,Fiber optic,No,No,Electronic check,Yes,1,No,No,2,0
CUST-13390,18,One year,83.89,1510.04,No,Yes,No,Mailed check,No,0,Yes,No,2,0
CUST-13391,38,Month-to-month,85.2,3200.62,DSL,No,No,Credit card,No,0,Yes,No,0,0
CUST-13392,58,Two year,37.25,2105.95,DSL,Yes,No,Electronic check,No,0,Yes,No,1,0
CUST-13393,13,Month-to-month,27.18,353.3,Fiber optic,No,Yes,Electronic check,Yes,0,No,No,0,1
CUST-13394,24,Month-to-month,63.1,1569.1,No,No,No,Bank transfer,No,1,No,No,2,0
CUST-13395,58,Month-to-month,89.23,5177.78,DSL,No,Yes,Bank transfer,No,0,No,No,2,0
CUST-13396,33,Month-to-month,18.0,590.68,Fiber optic,No,No,Bank transfer,Yes,1,Yes,No,1,0
CUST-13397,70,Month-to-month,43.37,3050.93,No,No,No,Electronic check,Yes,1,Yes,No,1,0
CUST-13398,0,One year,82.18,76.38,Fiber optic,Yes,No,Electronic check,Yes,0,No,No,1,0
CUST-13399,52,Month-to-month,66.25,3265.38,Fiber optic,No,Yes,Mailed check,Yes,0,Yes,Yes,0,1
CUST-13400,59,One year,107.49,6003.75,Fiber optic,Yes,Yes,Bank transfer,Yes,0,Yes,No,2,0
CUST-13401,67,Month-to-month,22.66,1411.51,DSL,No,No,Bank transfer,Yes,0,No,Yes,2,1
CUST-13402,11,Month-to-month,120.0,1316.15,Fiber optic,No,Yes,Credit card,No,0,Yes,Yes,4,1
CUST-13403,71,Month-to-month,18.86,1345.6,DSL,Yes,No,Bank transfer,No,0,No,Yes,2,0
CUST-13404,28,One year,18.0,514.57,Fiber optic,Yes,No,Mailed check,Yes,0,Yes,No,1,0
CUST-13405,25,One year,63.23,1569.82,No,No,Yes,Bank transfer,Yes,0,No,Yes,0,1
CUST-13406,25,Month-to-month,30.97,777.89,DSL,No,No,Mailed check,Yes,0,Yes,No,0,0
CUST-13407,46,Month-to-month,63.84,2772.0,Fiber optic,Yes,No,Electronic check,Yes,0,Yes,No,0,1
CUST-13408,48,Month-to-month,62.79,2776.07,DSL,No,No,Bank transfer,No,0,Yes,No,0,0
CUST-13409,34,Two year,59.13,1953.98,DSL,Yes,Yes,Mailed check,Yes,0,No,No,3,0
CUST-13410,5,Month-to-month,39.73,230.5,Fiber optic,No,Yes,Mailed check,No,0,No,No,3,0
CUST-13411,72,One year,77.98,5510.3,DSL,No,Yes,Bank transfer,No,0,Yes,No,1,0
CUST-13412,16,Month-to-month,55.48,905.84,Fiber optic,Yes,No,Electronic check,No,0,Yes,No,2,0
CUST-13413,6,Month-to-month,98.11,681.64,DSL,No,No,Electronic check,Yes,1,Yes,Yes,1,1
CUST-13414,43,One year,59.59,2414.65,No,Yes,No,Mailed check,Yes,0,No,No,3,0
CUST-13415,30,Month-to-month,36.06,1035.54,Fiber optic,No,No,Bank transfer,No,0,No,No,3,1
CUST-13416,44,Month-to-month,18.0,735.45,Fiber optic,Yes,No,Credit card,No,0,No,Yes,0,0
CUST-13417,63,Two year,59.84,3805.41,Fiber optic,No,No,Bank transfer,No,0,Yes,No,2,0
CUST-13418,7,Month-to-month,26.92,203.62,Fiber optic,Yes,Yes,Mailed check,No,0,Yes,Yes,0,0
CUST-13419,20,Month-to-month,24.5,483.72,DSL,No,No,Mailed check,Yes,0,Yes,No,2,1
CUST-13420,37,Month-to-month,80.82,3066.75,No,Yes,No,Mailed check,Yes,0,Yes,No,3,0
CUST-13421,57,Month-to-month,18.0,984.26,DSL,No,No,Mailed check,Yes,0,Yes,No,1,0
CUST-13422,43,One year,107.37,4410.04,DSL,Yes,No,Bank transfer,Yes,0,Yes,No,1,0
CUST-13423,27,Month-to-month,69.79,1799.49,Fiber optic,Yes,Yes,Credit card,No,0,Yes,No,0,0
CUST-13424,44,Two year,63.68,2705.1,Fiber optic,No,No,Bank transfer,No,0,No,Yes,0,0
CUST-13425,71,One year,33.96,2368.26,Fiber optic,No,No,Mailed check,Yes,0,No,No,0,0
CUST-13426,35,Two year,87.93,3138.29,No,No,No,Mailed check,Yes,0,Yes,No,2,0
CUST-13427,64,Two year,64.91,3877.93,Fiber optic,No,No,Electronic check,Yes,1,Yes,Yes,0,0
CUST-13428,56,Two year,44.42,2454.04,DSL,No,No,Credit card,Yes,0,Yes,No,4,0
CUST-13429,21,One year,70.99,1406.64,DSL,No,No,Credit card,No,0,Yes,No,2,0
CUST-13430,18,Month-to-month,18.0,335.19,DSL,No,No,Electronic check,No,0,Yes,No,3,1
CUST-13431,56,Month-to-month,18.0,952.14,Fiber optic,No,No,Electronic check,Yes,0,Yes,No,1,1
CUST-13432,15,One year,31.39,453.99,DSL,No,No,Electronic check,No,0,Yes,Yes,0,0
CUST-13433,24,Month-to-month,75.49,1772.93,Fiber optic,No,No,Credit card,Yes,0,No,No,0,1
CUST-13434,17,One year,64.9,1155.64,Fiber optic,Yes,No,Electronic check,No,1,No,No,1,1
CUST-13435,44,Month-to-month,96.47,4008.11,Fiber optic,No,No,Electronic check,No,0,No,Yes,0,0
CUST-13436,21,Two year,37.4,764.16,DSL,No,Yes,Mailed check,Yes,0,No,Yes,0,0
CUST-13437,48,Month-to-month,82.24,3694.39,DSL,Yes,No,Mailed check,No,0,Yes,Yes,0,0
CUST-13438,68,Two year,61.58,4241.21,No,Yes,Yes,Mailed check,Yes,0,No,No,1,0
CUST-13439,60,Month-to-month,36.71,2112.27,Fiber optic,Yes,No,Bank transfer,No,0,No,No,1,0
CUST-13440,69,Month-to-month,76.56,5331.24,Fiber optic,No,Yes,Electronic check,Yes,0,No,No,1,0
CUST-13441,1,Two year,63.02,114.59,Fiber optic,No,Yes,Electronic check,Yes,1,No,No,0,1
CUST-13442,33,Two year,46.13,1481.94,No,Yes,Yes,Electronic check,No,0,Yes,Yes,2,0
CUST-13443,16,One year,66.26,1067.2,DSL,No,Yes,Bank transfer,Yes,0,No,Yes,2,0
CUST-13444,67,Two year,61.11,3846.28,No,No,Yes,Bank transfer,Yes,0,No,No,3,0
CUST-13445,51,Month-to-month,60.39,2982.43,DSL,No,No,Mailed check,No,0,No,No,4,1
CUST-13446,23,Two year,52.62,1180.86,No,Yes,Yes,Credit card,Yes,0,No,No,3,0
CUST-13447,41,Month-to-month,25.85,1003.9,DSL,Yes,Yes,Bank transfer,No,0,Yes,Yes,0,0
CUST-13448,44,Month-to-month,67.24,2833.76,DSL,Yes,Yes,Credit card,No,1,No,No,1,0
CUST-13449,36,Month-to-month,40.92,1458.8,DSL,No,Yes,Credit card,Yes,0,No,No,0,0
CUST-13450,34,Month-to-month,34.39,1139.63,No,Yes,Yes,Mailed check,No,0,No,No,2,0
CUST-13451,4,One year,57.78,271.83,No,Yes,No,Bank transfer,Yes,0,No,No,1,0
CUST-13452,33,One year,87.02,2915.35,DSL,No,No,Bank transfer,Yes,0,No,No,3,0
CUST-13453,25,Month-to-month,70.57,1769.67,DSL,No,Yes,Mailed check,Yes,0,No,No,2,1
CUST-13454,59,Two year,49.07,2837.32,DSL,Yes,No,Bank transfer,No,0,No,No,6,0
CUST-13455,63,Month-to-month,47.86,2824.83,DSL,Yes,Yes,Mailed check,Yes,0,No,Yes,1,0
CUST-13456,54,Month-to-month,84.07,4508.28,Fiber optic,Yes,No,Electronic check,Yes,0,Yes,Yes,5,0
CUST-13457,2,One year,18.0,48.8,DSL,Yes,No,Electronic check,Yes,1,No,No,2,0
CUST-13458,61,Month-to-month,88.92,5079.49,No,No,Yes,Mailed check,No,1,No,No,1,0
CUST-13459,28,Month-to-month,18.0,491.35,No,Yes,Yes,Credit card,Yes,0,No,No,2,0
CUST-13460,30,One year,22.54,691.0,DSL,Yes,No,Electronic check,Yes,1,Yes,No,1,0
CUST-13461,68,Month-to-month,49.57,3087.89,Fiber optic,No,Yes,Bank transfer,Yes,0,Yes,Yes,0,0
CUST-13462,63,Month-to-month,120.0,7253.66,No,No,Yes,Electronic check,Yes,0,Yes,No,1,0
CUST-13463,3,One year,115.32,420.68,No,Yes,No,Bank transfer,No,0,No,Yes,4,1
CUST-13464,26,Month-to-month,86.19,2147.95,Fiber optic,No,No,Electronic check,Yes,0,No,Yes,2,1
CUST-13465,54,Two year,75.7,3915.92,DSL,Yes,Yes,Mailed check,Yes,0,No,Yes,4,1
CUST-13466,39,One year,18.0,655.09,DSL,No,No,Credit card,Yes,0,No,No,1,0
CUST-13467,18,Month-to-month,69.7,1301.72,Fiber optic,No,Yes,Mailed check,No,0,No,No,3,1
CUST-13468,38,Month-to-month,48.52,1718.74,Fiber optic,No,Yes,Credit card,Yes,0,Yes,No,1,0
CUST-13469,63,Month-to-month,40.5,2484.52,Fiber optic,No,No,Electronic check,Yes,0,Yes,No,1,0
CUST-13470,16,One year,69.64,1084.82,Fiber optic,Yes,No,Electronic check,No,1,Yes,No,2,0
CUST-13471,54,Month-to-month,50.87,2547.87,Fiber optic,Yes,No,Electronic check,No,0,No,No,0,1
CUST-13472,53,Two year,91.08,4654.07,DSL,No,No,Electronic check,Yes,0,No,No,0,0
CUST-13473,64,Month-to-month,18.0,1093.41,Fiber optic,Yes,No,Mailed check,Yes,0,Yes,Yes,3,0
CUST-13474,21,One year,67.25,1338.24,No,No,No,Credit card,Yes,1,No,Yes,0,0
CUST-13475,15,Month-to-month,38.63,560.28,DSL,No,No,Electronic check,No,0,Yes,Yes,1,0
CUST-13476,39,Month-to-month,52.71,1960.64,DSL,Yes,No,Mailed check,Yes,0,No,No,0,0
CUST-13477,38,Month-to-month,74.14,2828.67,No,No,No,Electronic check,Yes,0,Yes,Yes,0,1
CUST-13478,29,One year,31.48,930.37,Fiber optic,No,Yes,Bank transfer,Yes,0,No,No,2,0
CUST-13479,56,Two year,69.93,3613.86,Fiber optic,No,No,Bank transfer,Yes,0,Yes,No,4,0
CUST-13480,58,Month-to-month,58.63,3172.66,No,No,Yes,Electronic check,No,1,No,No,4,1
CUST-13481,17,Month-to-month,45.18,759.49,Fiber optic,No,No,Mailed check,Yes,0,Yes,No,0,0
CUST-13482,58,Month-to-month,50.88,2896.88,No,Yes,No,Electronic check,Yes,0,No,No,2,0
CUST-13483,16,Month-to-month,60.36,952.77,No,No,No,Mailed check,No,1,Yes,No,2,1
CUST-13484,29,Two year,41.96,1160.85,DSL,No,Yes,Mailed check,No,0,Yes,Yes,2,0
CUST-13485,1,Two year,65.21,125.05,Fiber optic,Yes,No,Credit card,No,0,Yes,Yes,2,1
CUST-13486,24,Two year,56.65,1371.13,DSL,No,No,Electronic check,No,0,No,No,1,0
CUST-13487,69,Month-to-month,46.66,3098.81,Fiber optic,No,No,Bank transfer,Yes,0,Yes,No,0,1
CUST-13488,32,Month-to-month,112.7,3595.8,Fiber optic,Yes,No,Credit card,Yes,0,No,Yes,1,0
CUST-13489,51,One year,77.46,3626.78,Fiber optic,Yes,Yes,Electronic check,No,0,Yes,No,0,0
CUST-13490,7,Month-to-month,53.52,399.38,No,No,Yes,Credit card,No,0,No,No,5,1
CUST-13491,46,One year,69.38,3133.52,Fiber optic,No,No,Credit card,Yes,1,No,No,2,1
CUST-13492,27,Month-to-month,34.2,924.17,Fiber optic,Yes,Yes,Mailed check,Yes,0,Yes,No,1,0
CUST-13493,54,Month-to-month,51.9,2624.56,Fiber optic,No,No,Mailed check,Yes,0,No,No,1,1
CUST-13494,67,Two year,55.4,3515.57,Fiber optic,Yes,No,Bank transfer,Yes,0,No,Yes,0,0
CUST-13495,38,Month-to-month,27.6,993.13,DSL,No,No,Bank transfer,No,0,Yes,No,4,0
CUST-13496,7,Two year,76.62,606.74,Fiber optic,No,Yes,Credit card,No,0,No,Yes,1,0
CUST-13497,34,Month-to-month,49.83,1621.28,Fiber optic,Yes,Yes,Credit card,Yes,0,No,No,0,0
CUST-13498,8,Month-to-month,54.34,483.29,DSL,No,No,Mailed check,No,1,No,No,2,1
CUST-13499,32,Month-to-month,47.94,1563.61,Fiber optic,No,No,Electronic check,No,0,No,Yes,2,0
CUST-13500,4,Month-to-month,120.0,571.54,Fiber optic,Yes,Yes,Mailed check,Yes,1,Yes,No,1,0
CUST-13501,46,Month-to-month,45.12,2093.25,DSL,Yes,No,Bank transfer,Yes,0,No,No,1,0
CUST-13502,22,Month-to-month,18.0,375.77,No,No,No,Credit card,No,0,Yes,No,2,0
CUST-13503,14,One year,18.0,246.41,DSL,Yes,No,Mailed check,Yes,0,Yes,No,1,0
CUST-13504,1,Two year,87.78,165.14,Fiber optic,No,No,Credit card,No,1,No,Yes,1,0
CUST-13505,64,Month-to-month,105.09,6620.32,Fiber optic,No,Yes,Electronic check,Yes,0,No,No,1,0
CUST-13506,61,Month-to-month,44.55,2753.97,DSL,Yes,Yes,Bank transfer,No,0,No,Yes,3,0
CUST-13507,59,Month-to-month,103.37,5871.54,Fiber optic,Yes,No,Mailed check,Yes,0,Yes,Yes,0,0
CUST-13508,4,One year,87.25,392.95,DSL,Yes,Yes,Bank transfer,Yes,0,Yes,Yes,0,1
CUST-13509,25,One year,59.32,1416.08,DSL,Yes,No,Mailed check,No,0,Yes,No,0,0
CUST-13510,70,Month-to-month,57.19,3832.29,Fiber optic,No,No,Credit card,Yes,0,No,Yes,2,1
CUST-13511,42,Month-to-month,70.43,2934.6,DSL,No,No,Electronic check,Yes,0,No,No,0,1
CUST-13512,9,Month-to-month,91.32,875.44,No,Yes,No,Credit card,Yes,0,Yes,No,0,1
CUST-13513,10,Month-to-month,76.92,835.64,Fiber optic,No,No,Mailed check,Yes,0,Yes,Yes,2,1
CUST-13514,19,Month-to-month,44.7,828.34,DSL,No,No,Bank transfer,Yes,0,No,No,2,1
CUST-13515,70,Two year,59.77,4048.46,No,Yes,Yes,Mailed check,Yes,0,Yes,Yes,3,0
CUST-13516,12,Month-to-month,120.0,1426.5,Fiber optic,No,Yes,Mailed check,Yes,0,No,Yes,0,1
CUST-13517,65,Month-to-month,72.54,4617.79,Fiber optic,Yes,No,Mailed check,Yes,0,Yes,Yes,1,1
CUST-13518,49,Month-to-month,91.08,4445.78,Fiber optic,No,Yes,Mailed check,Yes,0,No,Yes,0,0
CUST-13519,67,One year,81.2,5252.93,No,Yes,No,Electronic check,No,0,No,No,7,0
CUST-13520,60,Month-to-month,73.2,4218.77,DSL,No,Yes,Mailed check,Yes,0,No,Yes,3,0
CUST-13521,24,Month-to-month,68.26,1567.57,DSL,No,Yes,Mailed check,No,0,Yes,No,1,0
CUST-13522,60,Month-to-month,91.92,5570.15,No,Yes,No,Bank transfer,Yes,0,Yes,No,2,1
CUST-13523,12,One year,86.56,1080.96,DSL,No,No,Mailed check,Yes,0,Yes,No,2,0
CUST-13524,21,Month-to-month,72.92,1574.59,Fiber optic,Yes,Yes,Bank transfer,Yes,0,No,No,2,1
CUST-13525,15,Two year,44.19,638.05,Fiber optic,Yes,No,Mailed check,Yes,0,Yes,No,1,0
CUST-13526,9,Month-to-month,76.57,708.37,Fiber optic,Yes,Yes,Mailed check,Yes,0,Yes,No,0,0
CUST-13527,6,Month-to-month,62.99,418.11,Fiber optic,No,Yes,Bank transfer,No,0,Yes,No,1,1
CUST-13528,13,Two year,55.75,744.3,No,No,No,Bank transfer,Yes,0,Yes,No,1,0
CUST-13529,8,Two year,120.0,1015.74,DSL,No,No,Credit card,Yes,0,Yes,Yes,1,1
CUST-13530,27,Month-to-month,18.83,492.3,Fiber optic,No,No,Mailed check,No,0,Yes,No,2,1
CUST-13531,5,Two year,93.76,531.64,Fiber optic,No,No,Electronic check,Yes,1,Yes,No,0,0
CUST-13532,4,Month-to-month,39.12,183.2,DSL,No,No,Bank transfer,No,0,Yes,No,3,0
CUST-13533,72,Month-to-month,68.94,4549.51,No,No,No,Mailed check,Yes,0,Yes,No,1,0
CUST-13534,6,Two year,120.0,814.19,Fiber optic,No,Yes,Electronic check,Yes,1,Yes,Yes,1,1
CUST-13535,5,One year,36.13,211.82,DSL,No,Yes,Credit card,Yes,0,Yes,No,2,1
CUST-13536,2,Month-to-month,43.28,120.9,No,No,Yes,Bank transfer,Yes,0,No,No,0,0
CUST-13537,9,One year,64.47,642.5,No,Yes,No,Bank transfer,Yes,0,No,No,3,1
CUST-13538,38,Month-to-month,39.58,1541.6,DSL,No,No,Bank transfer,No,0,No,No,0,0
CUST-13539,60,Month-to-month,91.52,5341.86,Fiber optic,No,Yes,Credit card,Yes,0,No,No,1,0
CUST-13540,53,Two year,48.96,2589.4,DSL,No,Yes,Bank transfer,No,0,Yes,No,1,0
CUST-13541,42,Month-to-month,84.62,3473.3,DSL,Yes,Yes,Bank transfer,Yes,0,Yes,No,2,0
CUST-13542,6,One year,25.12,162.85,DSL,Yes,No,Credit card,Yes,1,Yes,Yes,3,0
CUST-13543,56,One year,18.0,930.58,No,No,No,Bank transfer,Yes,0,Yes,No,2,0
CUST-13544,2,One year,58.13,162.96,DSL,No,No,Bank transfer,No,0,Yes,No,0,1
CUST-13545,46,Month-to-month,18.0,777.08,DSL,No,No,Electronic check,Yes,0,No,No,1,0
CUST-13546,29,Two year,110.55,3290.73,Fiber optic,No,Yes,Mailed check,No,0,No,Yes,1,0
CUST-13547,64,One year,19.11,1238.58,Fiber optic,No,No,Mailed check,Yes,1,No,No,0,0
CUST-13548,22,One year,33.87,742.53,DSL,No,No,Credit card,No,0,Yes,Yes,1,0
CUST-13549,46,Month-to-month,77.41,3479.35,DSL,Yes,Yes,Bank transfer,No,0,Yes,No,0,0
CUST-13550,32,Month-to-month,47.41,1553.65,Fiber optic,Yes,No,Bank transfer,No,0,Yes,No,4,0
CUST-13551,38,Month-to-month,19.45,739.39,Fiber optic,No,No,Bank transfer,No,0,Yes,No,2,0
CUST-13552,68,Month-to-month,120.0,7586.13,Fiber optic,Yes,Yes,Bank transfer,Yes,0,Yes,No,2,0
CUST-13553,52,Month-to-month,34.95,1843.45,DSL,No,No,Credit card,No,0,No,No,2,1
CUST-13554,30,One year,59.11,1753.86,Fiber optic,No,No,Electronic check,Yes,0,Yes,No,1,1
CUST-13555,32,Two year,58.72,1747.99,Fiber optic,Yes,No,Credit card,Yes,0,Yes,No,0,0
CUST-13556,51,Month-to-month,86.31,4127.37,DSL,No,No,Credit card,No,0,Yes,No,1,0
CUST-13557,25,Month-to-month,78.87,2008.96,DSL,Yes,Yes,Electronic check,No,0,Yes,No,1,0
CUST-13558,12,One year,40.2,477.02,Fiber optic,No,No,Bank transfer,Yes,0,No,No,1,0
CUST-13559,34,Month-to-month,55.23,1904.31,DSL,Yes,Yes,Mailed check,No,1,Yes,Yes,0,0
CUST-13560,4,Two year,58.19,284.73,DSL,No,Yes,Mailed check,Yes,0,No,No,5,1
CUST-13561,12,Month-to-month,87.47,1027.41,No,No,Yes,Credit card,Yes,0,No,No,0,1
CUST-13562,30,Month-to-month,29.95,866.34,Fiber optic,Yes,No,Mailed check,Yes,0,Yes,Yes,0,0
CUST-13563,58,Month-to-month,120.0,6730.87,Fiber optic,Yes,No,Credit card,No,0,Yes,No,1,0
CUST-13564,57,Two year,42.22,2222.5,DSL,Yes,No,Bank transfer,No,0,No,No,1,0
CUST-13565,19,Month-to-month,64.74,1240.37,Fiber optic,Yes,No,Credit card,No,0,Yes,Yes,3,1
CUST-13566,30,One year,30.2,934.35,Fiber optic,Yes,No,Bank transfer,Yes,1,Yes,No,0,0
CUST-13567,11,Month-to-month,26.06,300.22,No,Yes,No,Bank transfer,No,0,Yes,No,1,0
CUST-13568,55,Month-to-month,38.77,2061.2,Fiber optic,No,No,Electronic check,Yes,0,Yes,No,1,0
CUST-13569,17,Two year,35.88,637.24,Fiber optic,Yes,Yes,Credit card,Yes,0,No,Yes,1,0
CUST-13570,58,Month-to-month,52.57,3090.45,DSL,Yes,Yes,Bank transfer,No,0,Yes,Yes,0,0
CUST-13571,61,Month-to-month,35.63,2187.23,Fiber optic,Yes,No,Mailed check,No,0,No,Yes,0,0
CUST-13572,50,Month-to-month,85.87,3957.62,No,No,No,Mailed check,No,1,No,No,1,0
CUST-13573,24,Two year,41.51,944.31,Fiber optic,No,Yes,Electronic check,No,0,No,No,2,0
CUST-13574,69,Month-to-month,38.19,2570.5,Fiber optic,No,No,Mailed check,Yes,1,No,No,2,0
CUST-13575,50,Month-to-month,53.21,2503.86,No,No,Yes,Electronic check,Yes,0,No,Yes,0,1
CUST-13576,47,Two year,94.79,4332.0,No,No,No,Credit card,No,0,Yes,No,2,0
CUST-13577,62,One year,71.45,4428.66,DSL,Yes,Yes,Mailed check,Yes,0,Yes,No,2,0
CUST-13578,64,Two year,62.01,4005.84,DSL,Yes,Yes,Bank transfer,No,0,No,No,1,0
CUST-13579,5,One year,22.01,123.26,Fiber optic,No,Yes,Credit card,Yes,0,Yes,Yes,2,0
CUST-13580,64,One year,30.72,1966.59,No,Yes,No,Credit card,Yes,0,Yes,No,2,0
CUST-13581,55,Month-to-month,26.65,1418.38,Fiber optic,No,No,Mailed check,No,0,No,No,0,0
CUST-13582,15,Month-to-month,104.21,1610.44,DSL,No,Yes,Electronic check,No,0,No,No,1,0
CUST-13583,22,One year,80.92,1698.39,Fiber optic,No,Yes,Bank transfer,Yes,0,No,No,1,1
CUST-13584,54,One year,39.15,1951.57,DSL,No,No,Credit card,Yes,0,No,Yes,1,0
CUST-13585,15,Two year,48.07,752.23,DSL,No,Yes,Mailed check,Yes,1,Yes,Yes,1,1
CUST-13586,33,One year,40.24,1313.22,DSL,No,No,Electronic check,Yes,0,No,No,1,0
CUST-13587,50,Month-to-month,38.42,1924.91,DSL,No,No,Bank transfer,No,0,No,No,3,1
CUST-13588,47,Month-to-month,78.81,3448.39,Fiber optic,No,No,Bank transfer,Yes,0,No,No,1,0
CUST-13589,66,One year,56.37,3464.03,DSL,No,Yes,Electronic check,Yes,0,Yes,No,2,0
CUST-13590,8,Month-to-month,120.0,978.8,DSL,No,No,Electronic check,No,0,Yes,Yes,0,1
CUST-13591,21,One year,102.51,2176.32,Fiber optic,Yes,No,Bank transfer,No,1,Yes,No,5,0
CUST-13592,71,One year,104.28,7219.53,DSL,Yes,No,Electronic check,Yes,1,No,No,3,0
CUST-13593,41,Month-to-month,85.14,3370.46,Fiber optic,No,No,Electronic check,No,0,Yes,Yes,1,0
CUST-13594,18,One year,52.32,908.12,DSL,Yes,No,Mailed check,Yes,0,Yes,No,4,0
CUST-13595,21,One year,82.93,1646.37,DSL,Yes,Yes,Mailed check,Yes,0,No,Yes,1,1
CUST-13596,24,Two year,54.54,1262.46,Fiber optic,Yes,No,Credit card,No,1,No,No,0,0
CUST-13597,40,Month-to-month,113.91,4204.59,DSL,No,No,Mailed check,Yes,0,No,No,0,1
CUST-13598,20,One year,77.13,1611.43,DSL,No,No,Credit card,No,0,No,No,1,0
CUST-13599,45,Month-to-month,72.87,3073.87,DSL,No,No,Bank transfer,No,1,No,No,2,1
CUST-13600,32,Month-to-month,68.81,2103.94,DSL,No,No,Mailed check,No,0,No,No,0,1
CUST-13601,44,Month-to-month,117.21,5168.21,DSL,Yes,Yes,Bank transfer,Yes,0,No,No,3,0
CUST-13602,11,Two year,21.99,263.75,DSL,No,Yes,Electronic check,Yes,0,No,No,0,1
CUST-13603,45,Two year,120.0,5310.54,DSL,No,No,Credit card,No,0,Yes,No,0,1
CUST-13604,67,Month-to-month,59.42,3738.86,DSL,No,No,Mailed check,No,0,Yes,Yes,1,0
CUST-13605,9,One year,22.82,215.72,No,No,Yes,Credit card,No,0,No,No,0,0
CUST-13606,23,Month-to-month,42.43,922.56,DSL,No,No,Bank transfer,Yes,0,Yes,No,2,0
CUST-13607,50,One year,18.0,836.21,DSL,Yes,No,Mailed check,No,0,Yes,Yes,2,0
CUST-13608,45,Month-to-month,84.61,3779.03,Fiber optic,Yes,No,Mailed check,Yes,0,No,No,1,1
CUST-13609,49,One year,33.85,1663.64,DSL,No,Yes,Electronic check,Yes,0,No,No,1,1
CUST-13610,40,Month-to-month,70.06,2662.81,Fiber optic,No,Yes,Bank transfer,Yes,0,Yes,Yes,3,0
CUST-13611,49,One year,99.03,4821.97,DSL,No,No,Electronic check,No,0,Yes,No,2,0
CUST-13612,44,Month-to-month,44.84,1945.23,Fiber optic,Yes,No,Bank transfer,Yes,0,No,Yes,4,0
CUST-13613,5,One year,56.96,325.0,No,No,Yes,Electronic check,Yes,0,Yes,No,3,0
CUST-13614,54,One year,25.9,1323.26,DSL,No,No,Electronic check,No,0,Yes,No,1,0
CUST-13615,32,Month-to-month,53.35,1757.95,DSL,No,No,Electronic check,No,0,No,No,2,1
CUST-13616,3,Month-to-month,120.0,443.9,Fiber optic,No,No,Electronic check,Yes,0,No,Yes,1,1
CUST-13617,29,Two year,88.34,2440.48,No,No,No,Credit card,No,0,Yes,Yes,2,0
CUST-13618,31,One year,57.06,1663.4,Fiber optic,No,Yes,Credit card,No,0,No,No,3,1
CUST-13619,6,Month-to-month,46.65,315.41,Fiber optic,No,No,Credit card,Yes,0,Yes,Yes,1,1
CUST-13620,72,Month-to-month,63.72,4605.6,DSL,No,No,Bank transfer,No,0,Yes,Yes,0,0
CUST-13621,16,Month-to-month,68.9,1069.88,Fiber optic,No,Yes,Electronic check,No,0,No,Yes,1,1
CUST-13622,24,One year,52.43,1193.36,DSL,No,No,Credit card,No,0,Yes,No,1,1
CUST-13623,32,One year,80.9,2644.18,Fiber optic,Yes,No,Credit card,Yes,0,No,No,1,0
CUST-13624,60,Month-to-month,36.4,2145.03,DSL,Yes,No,Electronic check,No,0,No,No,3,0
CUST-13625,54,One year,36.25,1987.57,Fiber optic,No,No,Credit card,No,0,Yes,Yes,1,0
CUST-13626,56,One year,76.11,4212.59,DSL,Yes,No,Credit card,No,0,No,No,3,0
CUST-13627,17,One year,29.94,526.62,Fiber optic,No,Yes,Mailed check,Yes,1,No,No,1,1
CUST-13628,61,Month-to-month,86.87,5096.03,Fiber optic,Yes,No,Bank transfer,Yes,0,No,No,2,0
CUST-13629,60,Month-to-month,64.57,3638.76,No,Yes,Yes,Credit card,No,0,No,No,1,0
CUST-13630,33,Month-to-month,18.0,585.63,No,No,Yes,Mailed check,Yes,0,No,No,1,0
CUST-13631,39,Month-to-month,68.28,2555.92,Fiber optic,Yes,No,Credit card,No,0,Yes,Yes,0,0
CUST-13632,2,Month-to-month,18.0,51.14,Fiber optic,No,No,Mailed check,Yes,0,Yes,No,1,1
CUST-13633,55,Month-to-month,85.8,4572.1,DSL,No,No,Credit card,No,0,Yes,No,0,0
CUST-13634,70,Month-to-month,57.54,3687.66,No,No,No,Electronic check,Yes,0,No,No,1,0
CUST-13635,34,One year,120.0,4035.59,Fiber optic,No,No,Bank transfer,No,0,No,No,1,1
CUST-13636,39,Month-to-month,97.14,3636.35,Fiber optic,Yes,No,Bank transfer,No,1,Yes,No,2,1
CUST-13637,36,One year,33.18,1204.59,Fiber optic,No,No,Mailed check,Yes,0,No,No,0,0
CUST-13638,6,Month-to-month,18.0,114.11,Fiber optic,Yes,Yes,Mailed check,Yes,0,No,No,3,1
CUST-13639,45,One year,42.35,1861.64,No,No,No,Electronic check,No,0,Yes,No,3,0
CUST-13640,52,Month-to-month,28.36,1406.89,No,No,No,Bank transfer,No,0,Yes,No,2,1
CUST-13641,67,One year,119.77,7405.91,Fiber optic,Yes,Yes,Credit card,Yes,0,No,No,1,0
CUST-13642,67,One year,64.69,4141.01,Fiber optic,No,Yes,Bank transfer,Yes,0,No,No,2,0
CUST-13643,35,Month-to-month,93.0,3150.22,No,No,Yes,Mailed check,No,1,No,No,0,1
CUST-13644,70,One year,56.45,3909.08,Fiber optic,No,No,Bank transfer,No,0,No,No,3,1
CUST-13645,38,Month-to-month,59.61,2127.65,Fiber optic,Yes,No,Mailed check,Yes,0,No,No,1,0
CUST-13646,46,One year,64.02,2957.9,Fiber optic,No,No,Credit card,Yes,1,Yes,Yes,2,0
CUST-13647,43,Month-to-month,98.2,3909.42,Fiber optic,Yes,Yes,Mailed check,Yes,0,No,No,0,1
CUST-13648,72,Month-to-month,74.35,5164.7,Fiber optic,No,No,Bank transfer,No,0,No,No,3,0
CUST-13649,53,Month-to-month,33.28,1734.04,Fiber optic,No,No,Mailed check,No,0,No,No,1,0
CUST-13650,8,Two year,113.68,922.28,No,No,No,Credit card,Yes,1,No,No,1,0
CUST-13651,5,Month-to-month,56.22,305.92,No,No,No,Electronic check,Yes,0,Yes,No,2,1
CUST-13652,29,One year,51.33,1428.03,Fiber optic,No,No,Bank transfer,Yes,0,No,No,3,0
CUST-13653,37,Month-to-month,18.0,641.69,DSL,No,No,Credit card,Yes,0,No,No,0,0
CUST-13654,48,Month-to-month,84.03,3848.4,Fiber optic,No,No,Mailed check,No,0,No,No,2,0
CUST-13655,35,Month-to-month,68.03,2442.05,Fiber optic,No,No,Bank transfer,No,1,No,No,2,1
CUST-13656,37,Two year,68.0,2368.74,Fiber optic,Yes,No,Mailed check,Yes,0,Yes,No,1,0
CUST-13657,67,One year,52.92,3559.24,No,No,No,Mailed check,Yes,0,No,Yes,4,0
CUST-13658,24,Month-to-month,47.74,1186.89,DSL,Yes,Yes,Credit card,Yes,0,Yes,No,2,0
CUST-13659,36,One year,53.91,1830.23,DSL,No,No,Mailed check,No,0,No,Yes,0,0
CUST-13660,40,Month-to-month,78.89,3156.41,No,No,No,Electronic check,Yes,0,No,No,1,0
CUST-13661,34,Month-to-month,84.17,2945.42,No,Yes,No,Bank transfer,Yes,0,Yes,Yes,2,0
CUST-13662,70,Month-to-month,58.07,3812.86,Fiber optic,No,No,Mailed check,No,0,Yes,No,2,0
CUST-13663,70,Month-to-month,93.47,6306.37,DSL,Yes,No,Credit card,Yes,0,Yes,No,0,1
CUST-13664,37,Month-to-month,62.63,2322.54,Fiber optic,Yes,No,Electronic check,No,1,No,No,2,1
CUST-13665,32,One year,49.87,1602.06,Fiber optic,No,Yes,Credit card,Yes,0,No,No,0,0
CUST-13666,42,Month-to-month,70.95,2999.95,Fiber optic,No,No,Bank transfer,Yes,0,Yes,Yes,0,1
CUST-13667,13,Two year,24.22,316.98,DSL,No,Yes,Credit card,No,0,Yes,Yes,2,0
CUST-13668,31,One year,71.98,2100.82,DSL,No,Yes,Mailed check,No,0,Yes,No,2,1
CUST-13669,15,Two year,18.73,289.98,Fiber optic,Yes,No,Mailed check,No,1,Yes,Yes,0,0
CUST-13670,10,One year,34.17,351.05,Fiber optic,Yes,No,Mailed check,Yes,0,No,No,2,0
CUST-13671,6,Two year,18.0,121.54,Fiber optic,Yes,Yes,Credit card,Yes,0,No,No,2,0
CUST-13672,42,Month-to-month,59.75,2433.96,Fiber optic,No,Yes,Electronic check,Yes,0,Yes,No,1,0
CUST-13673,0,Month-to-month,113.29,107.16,DSL,Yes,No,Bank transfer,Yes,0,Yes,Yes,1,0
CUST-13674,47,Month-to-month,61.49,2916.55,Fiber optic,No,No,Mailed check,Yes,0,No,No,2,0
CUST-13675,31,Two year,84.31,2600.92,No,No,No,Bank transfer,Yes,0,No,No,1,0
CUST-13676,26,Month-to-month,120.0,3118.34,Fiber optic,No,Yes,Credit card,Yes,0,Yes,No,0,1
CUST-13677,56,One year,77.12,4383.03,Fiber optic,No,No,Bank transfer,Yes,0,Yes,No,2,0
CUST-13678,39,One year,42.04,1558.8,Fiber optic,Yes,Yes,Electronic check,Yes,0,Yes,Yes,2,0
CUST-13679,53,Month-to-month,46.17,2415.52,No,No,No,Mailed check,Yes,0,No,No,2,0
CUST-13680,51,Two year,65.02,3163.14,Fiber optic,Yes,Yes,Electronic check,No,1,No,Yes,0,1
CUST-13681,2,Month-to-month,46.01,132.49,Fiber optic,No,Yes,Mailed check,No,0,Yes,No,1,0
CUST-13682,15,Month-to-month,48.26,758.04,No,Yes,No,Electronic check,Yes,0,No,Yes,1,1
CUST-13683,41,One year,94.56,3940.85,DSL,Yes,No,Bank transfer,Yes,0,No,No,1,0
CUST-13684,71,Month-to-month,95.78,6501.08,Fiber optic,Yes,No,Bank transfer,No,1,No,No,1,0
CUST-13685,11,Month-to-month,18.0,212.37,Fiber optic,Yes,No,Mailed check,Yes,0,No,Yes,1,1
CUST-13686,7,Month-to-month,40.45,302.08,No,No,No,Credit card,No,0,No,Yes,0,0
CUST-13687,68,Month-to-month,51.08,3405.05,Fiber optic,Yes,No,Bank transfer,Yes,0,Yes,No,2,0
CUST-13688,70,One year,82.97,5818.79,DSL,No,No,Bank transfer,No,0,Yes,Yes,1,0
CUST-13689,12,Two year,99.29,1250.17,No,No,No,Mailed check,Yes,1,No,No,3,1
CUST-13690,29,Month-to-month,120.0,3494.06,Fiber optic,Yes,No,Mailed check,No,0,No,No,2,0
CUST-13691,45,Month-to-month,51.03,2309.26,Fiber optic,Yes,Yes,Bank transfer,Yes,0,Yes,No,0,1
CUST-13692,14,Month-to-month,52.53,729.05,DSL,Yes,No,Credit card,Yes,0,No,No,0,1
CUST-13693,23,Two year,82.66,1933.63,DSL,No,No,Credit card,Yes,0,Yes,No,1,0
CUST-13694,28,One year,44.53,1244.58,Fiber optic,Yes,No,Credit card,Yes,0,No,Yes,2,1
CUST-13695,46,Month-to-month,60.77,2726.49,Fiber optic,No,No,Electronic check,No,0,No,No,1,1
CUST-13696,22,Month-to-month,52.55,1205.64,No,Yes,No,Credit card,Yes,0,Yes,Yes,1,1
CUST-13697,30,Two year,18.0,525.22,DSL,Yes,No,Electronic check,Yes,0,No,No,0,0
CUST-13698,21,Two year,68.7,1395.76,Fiber optic,Yes,No,Electronic check,Yes,0,No,No,3,1
CUST-13699,55,Month-to-month,59.53,3280.1,DSL,No,No,Bank transfer,Yes,0,No,No,0,0
CUST-13700,11,Two year,103.14,1136.82,Fiber optic,No,Yes,Mailed check,No,1,No,No,1,0
CUST-13701,16,Month-to-month,65.16,1079.5,DSL,No,No,Electronic check,No,0,No,No,5,1
CUST-13702,18,Month-to-month,27.36,516.11,Fiber optic,Yes,No,Electronic check,Yes,0,Yes,No,3,1
CUST-13703,66,One year,57.26,3767.97,DSL,Yes,Yes,Electronic check,Yes,0,No,No,2,0
CUST-13704,68,Month-to-month,18.0,1196.44,Fiber optic,No,Yes,Mailed check,No,0,Yes,No,1,1
CUST-13705,36,Month-to-month,28.67,1052.64,DSL,No,No,Bank transfer,Yes,0,Yes,No,1,1
CUST-13706,11,Two year,84.07,957.28,Fiber optic,No,No,Bank transfer,No,0,No,Yes,0,0
CUST-13707,55,Two year,57.58,2926.43,DSL,No,No,Electronic check,Yes,1,Yes,No,1,0
CUST-13708,35,Month-to-month,92.68,3248.04,Fiber optic,No,Yes,Electronic check,Yes,0,No,No,1,0
CUST-13709,62,One year,18.0,1101.89,Fiber optic,Yes,Yes,Bank transfer,Yes,0,No,No,2,0
CUST-13710,26,One year,57.73,1537.73,DSL,No,No,Credit card,Yes,0,No,No,1,0
CUST-13711,72,One year,50.73,3483.35,DSL,Yes,Yes,Electronic check,No,1,Yes,Yes,2,0
CUST-13712,58,Two year,93.68,5054.57,DSL,No,No,Mailed check,Yes,0,Yes,Yes,2,0
CUST-13713,16,One year,85.18,1318.12,Fiber optic,Yes,No,Electronic check,No,0,No,No,1,1
CUST-13714,52,Month-to-month,84.27,4173.94,No,No,Yes,Mailed check,Yes,1,Yes,Yes,0,0
CUST-13715,20,Month-to-month,111.24,2287.68,DSL,No,No,Mailed check,No,0,No,No,2,1
CUST-13716,25,Two year,53.96,1335.81,Fiber optic,No,Yes,Electronic check,Yes,0,No,No,2,0
CUST-13717,18,Two year,105.05,1830.37,Fiber optic,No,No,Credit card,Yes,0,No,No,1,0
CUST-13718,49,Month-to-month,33.67,1555.86,Fiber optic,No,No,Credit card,Yes,0,Yes,No,0,0
CUST-13719,19,Month-to-month,32.57,608.96,Fiber optic,No,No,Bank transfer,Yes,0,Yes,No,1,1
CUST-13720,46,One year,87.58,3902.33,No,No,No,Credit card,Yes,0,No,No,1,0
CUST-13721,42,Month-to-month,19.86,840.27,Fiber optic,No,Yes,Mailed check,Yes,0,No,Yes,1,0
CUST-13722,54,Month-to-month,82.18,4516.43,No,Yes,No,Credit card,Yes,0,No,Yes,2,0
CUST-13723,72,Two year,68.04,4767.87,DSL,No,Yes,Mailed check,Yes,1,Yes,No,3,0
CUST-13724,0,Two year,97.16,91.23,No,Yes,No,Mailed check,Yes,0,Yes,No,2,1
CUST-13725,72,Two year,63.22,4238.18,No,No,Yes,Bank transfer,No,0,No,No,1,0
CUST-13726,7,One year,66.68,507.36,No,Yes,No,Bank transfer,No,0,Yes,No,0,1
CUST-13727,38,Month-to-month,80.28,3009.79,DSL,No,Yes,Bank transfer,No,0,No,No,0,0
CUST-13728,24,Two year,45.12,1052.08,No,No,No,Credit card,No,0,Yes,No,2,1
CUST-13729,46,Month-to-month,43.81,1919.86,DSL,No,Yes,Mailed check,No,0,No,No,0,0
CUST-13730,52,Month-to-month,79.23,4127.17,Fiber optic,No,Yes,Bank transfer,Yes,0,Yes,No,0,0
CUST-13731,62,Two year,64.12,3902.2,DSL,Yes,Yes,Electronic check,Yes,0,Yes,No,1,0
CUST-13732,29,One year,52.78,1496.36,Fiber optic,No,Yes,Electronic check,Yes,0,No,Yes,3,0
CUST-13733,68,Two year,62.52,4123.08,Fiber optic,No,No,Mailed check,Yes,1,Yes,No,2,0
CUST-13734,23,Month-to-month,112.84,2574.04,DSL,No,No,Bank transfer,No,0,Yes,Yes,2,1
CUST-13735,14,Two year,51.71,711.61,DSL,No,Yes,Bank transfer,No,0,Yes,No,1,0
CUST-13736,27,One year,50.84,1405.06,DSL,Yes,No,Electronic check,No,1,Yes,No,0,0
CUST-13737,38,One year,18.0,638.19,Fiber optic,No,No,Credit card,No,0,No,No,1,1
CUST-13738,48,Two year,63.73,2877.02,No,Yes,Yes,Bank transfer,No,0,Yes,Yes,3,0
CUST-13739,60,Month-to-month,84.71,4940.84,Fiber optic,No,No,Bank transfer,Yes,0,No,Yes,1,0
CUST-13740,16,One year,90.09,1449.0,Fiber optic,No,No,Bank transfer,Yes,0,Yes,No,1,1
CUST-13741,22,One year,68.25,1506.23,No,Yes,No,Bank transfer,No,0,No,Yes,1,0
CUST-13742,68,One year,93.68,6412.01,Fiber optic,No,No,Mailed check,No,1,Yes,No,2,0
CUST-13743,32,Two year,86.94,2664.17,Fiber optic,No,No,Mailed check,Yes,0,Yes,No,2,1
CUST-13744,17,One year,98.39,1620.61,Fiber optic,No,No,Electronic check,Yes,0,No,Yes,2,1
CUST-13745,71,Month-to-month,94.53,6208.09,DSL,Yes,No,Bank transfer,No,0,Yes,No,1,1
CUST-13746,32,Month-to-month,112.1,3351.22,Fiber optic,No,No,Electronic check,No,0,No,Yes,1,1
CUST-13747,71,Two year,59.91,4223.26,Fiber optic,No,No,Bank transfer,Yes,0,No,No,1,0
CUST-13748,67,Two year,25.19,1619.99,Fiber optic,No,No,Mailed check,No,0,No,Yes,1,0
CUST-13749,66,Two year,84.91,5265.6,Fiber optic,No,No,Electronic check,Yes,0,No,Yes,1,0
CUST-13750,42,Month-to-month,88.42,3678.14,DSL,Yes,No,Mailed check,No,0,Yes,Yes,0,0
CUST-13751,58,Month-to-month,112.1,6466.65,Fiber optic,No,Yes,Credit card,No,0,No,No,0,0
CUST-13752,70,One year,103.44,7298.07,DSL,Yes,Yes,Bank transfer,No,0,Yes,No,1,0
CUST-13753,19,One year,120.0,2255.86,No,Yes,Yes,Mailed check,No,1,Yes,No,1,0
CUST-13754,2,Month-to-month,83.6,243.01,DSL,No,Yes,Mailed check,No,0,No,No,1,1
CUST-13755,23,One year,71.86,1598.85,Fiber optic,No,No,Bank transfer,Yes,0,Yes,No,3,1
CUST-13756,46,Month-to-month,23.45,1087.32,Fiber optic,No,No,Electronic check,No,0,Yes,No,3,1
CUST-13757,39,Month-to-month,74.24,2942.49,DSL,Yes,Yes,Bank transfer,Yes,0,No,No,2,0
CUST-13758,5,Month-to-month,48.42,279.78,Fiber optic,Yes,No,Electronic check,Yes,0,Yes,No,3,0
CUST-13759,40,Month-to-month,71.35,2825.58,DSL,No,Yes,Credit card,No,0,No,Yes,0,0
CUST-13760,12,Month-to-month,66.64,836.83,Fiber optic,Yes,No,Bank transfer,Yes,0,No,No,1,1
CUST-13761,36,Two year,79.15,2808.94,No,No,No,Electronic check,Yes,0,No,No,4,0
CUST-13762,42,One year,62.08,2519.63,DSL,No,Yes,Mailed check,Yes,0,Yes,Yes,0,0
CUST-13763,46,Two year,93.05,4259.78,Fiber optic,Yes,No,Credit card,Yes,0,No,No,3,0
CUST-13764,30,Month-to-month,18.0,556.7,No,No,No,Credit card,Yes,1,Yes,Yes,1,0
CUST-13765,29,Month-to-month,70.7,2067.09,Fiber optic,No,No,Electronic check,No,0,No,No,1,1
CUST-13766,49,Month-to-month,101.07,4704.59,No,No,No,Mailed check,Yes,0,Yes,No,0,1
CUST-13767,54,One year,120.0,6270.29,Fiber optic,Yes,Yes,Electronic check,No,0,No,Yes,1,0
CUST-13768,58,Month-to-month,86.96,4923.91,Fiber optic,No,Yes,Mailed check,Yes,0,Yes,Yes,2,0
CUST-13769,24,One year,115.55,2623.62,DSL,No,No,Credit card,Yes,0,No,No,0,0
CUST-13770,30,Two year,70.07,2061.82,DSL,No,Yes,Bank transfer,Yes,0,No,No,1,0
CUST-13771,24,Two year,65.09,1481.2,Fiber optic,Yes,No,Mailed check,Yes,0,Yes,No,2,0
CUST-13772,38,Month-to-month,80.88,2999.92,No,Yes,No,Mailed check,No,0,Yes,No,5,1
CUST-13773,9,Month-to-month,64.9,589.75,DSL,No,Yes,Bank transfer,No,0,Yes,Yes,2,1
CUST-13774,31,Month-to-month,41.53,1244.09,No,No,No,Bank transfer,Yes,0,No,Yes,1,0
CUST-13775,13,Month-to-month,49.54,690.4,Fiber optic,No,No,Mailed check,Yes,0,No,No,0,0
CUST-13776,38,One year,31.64,1111.48,Fiber optic,No,No,Mailed check,No,0,Yes,No,3,0
CUST-13777,62,Month-to-month,80.85,4723.9,No,Yes,Yes,Credit card,Yes,0,No,No,1,0
CUST-13778,71,One year,65.34,4408.92,No,No,No,Bank transfer,Yes,0,No,No,0,0
CUST-13779,32,Month-to-month,54.19,1714.96,Fiber optic,Yes,Yes,Credit card,Yes,0,No,No,0,0
CUST-13780,4,Two year,48.0,239.17,DSL,Yes,No,Credit card,No,0,No,Yes,3,0
CUST-13781,16,Two year,80.15,1313.46,DSL,Yes,No,Mailed check,Yes,1,Yes,Yes,1,0
CUST-13782,7,Month-to-month,88.41,699.77,DSL,No,Yes,Credit card,No,1,No,No,0,0
CUST-13783,55,Two year,31.08,1594.73,Fiber optic,Yes,No,Credit card,Yes,0,No,No,5,0
CUST-13784,71,Month-to-month,26.37,1763.57,DSL,No,No,Electronic check,Yes,0,No,Yes,3,0
CUST-13785,40,One year,93.64,3795.88,Fiber optic,No,No,Electronic check,No,0,Yes,No,1,1
CUST-13786,12,Two year,23.75,278.03,DSL,Yes,Yes,Electronic check,Yes,0,No,No,1,0
CUST-13787,1,Two year,81.42,153.95,Fiber optic,No,No,Bank transfer,Yes,0,Yes,No,2,1
CUST-13788,71,Two year,113.51,7725.58,Fiber optic,Yes,No,Credit card,Yes,0,No,Yes,2,0
CUST-13789,23,Month-to-month,113.58,2711.27,Fiber optic,Yes,Yes,Credit card,No,1,No,No,1,0
CUST-13790,8,Two year,87.14,741.06,Fiber optic,No,Yes,Mailed check,Yes,0,No,No,2,0
CUST-13791,12,One year,86.26,1110.88,No,No,No,Bank transfer,Yes,0,No,No,1,0
CUST-13792,18,Month-to-month,120.0,2185.45,No,No,No,Electronic check,Yes,0,Yes,Yes,1,1
CUST-13793,47,Month-to-month,18.0,803.52,Fiber optic,No,No,Bank transfer,Yes,0,Yes,No,1,0
CUST-13794,65,One year,51.07,3083.53,DSL,Yes,No,Mailed check,Yes,1,No,No,3,0
CUST-13795,20,One year,90.45,1802.62,No,Yes,Yes,Credit card,Yes,0,No,Yes,2,1
CUST-13796,50,Month-to-month,54.88,2523.93,No,No,No,Credit card,Yes,0,No,No,0,0
CUST-13797,4,Two year,102.19,476.98,No,No,No,Bank transfer,Yes,0,No,Yes,1,0
CUST-13798,0,One year,63.82,60.78,Fiber optic,Yes,Yes,Bank transfer,No,0,No,No,3,0
CUST-13799,4,Month-to-month,68.95,329.52,DSL,Yes,No,Credit card,No,0,Yes,No,2,1
CUST-13800,67,Month-to-month,56.76,3645.06,Fiber optic,No,No,Mailed check,No,0,Yes,Yes,2,0
CUST-13801,42,One year,49.32,2113.12,Fiber optic,No,Yes,Electronic check,Yes,0,Yes,No,0,0
CUST-13802,58,One year,48.59,2622.63,DSL,Yes,No,Bank transfer,Yes,0,Yes,No,0,0
CUST-13803,1,One year,73.13,146.22,Fiber optic,No,No,Mailed check,No,0,No,Yes,2,0
CUST-13804,1,Month-to-month,41.76,80.94,Fiber optic,No,No,Bank transfer,Yes,0,No,Yes,0,1
CUST-13805,61,One year,93.6,5701.64,DSL,No,Yes,Credit card,No,0,No,Yes,2,0
CUST-13806,7,One year,84.6,652.05,Fiber optic,No,Yes,Bank transfer,Yes,0,No,No,1,1
CUST-13807,11,Two year,97.98,1083.45,Fiber optic,No,No,Mailed check,Yes,0,No,No,0,1
CUST-13808,37,Month-to-month,31.13,1153.44,Fiber optic,Yes,No,Bank transfer,No,0,No,No,3,0
CUST-13809,44,One year,18.0,797.7,DSL,No,Yes,Mailed check,Yes,0,Yes,Yes,1,0
CUST-13810,16,Month-to-month,64.87,1075.43,No,Yes,No,Electronic check,Yes,0,No,No,2,1
CUST-13811,32,Month-to-month,120.0,3910.08,Fiber optic,No,Yes,Credit card,No,0,No,No,1,0
CUST-13812,49,One year,102.99,4667.26,Fiber optic,No,No,Mailed check,Yes,1,No,No,3,1
CUST-13813,32,One year,48.37,1590.14,Fiber optic,No,No,Bank transfer,Yes,0,No,Yes,0,0
CUST-13814,27,Month-to-month,77.74,2163.48,Fiber optic,No,Yes,Credit card,Yes,0,No,Yes,3,0
CUST-13815,5,One year,86.83,515.61,Fiber optic,No,No,Electronic check,Yes,0,Yes,No,1,1
CUST-13816,32,Month-to-month,23.95,761.69,DSL,No,No,Mailed check,Yes,0,Yes,No,1,0
CUST-13817,58,Month-to-month,106.09,6163.35,No,Yes,No,Electronic check,No,0,No,Yes,2,1
CUST-13818,45,Month-to-month,59.98,2650.07,DSL,No,No,Mailed check,No,0,Yes,No,2,0
CUST-13819,65,Month-to-month,62.28,3901.75,No,No,Yes,Mailed check,Yes,1,Yes,No,2,0
CUST-13820,9,One year,65.71,652.57,Fiber optic,No,Yes,Credit card,No,0,No,No,1,0
CUST-13821,0,Two year,99.34,91.47,DSL,No,No,Mailed check,No,0,No,No,1,1
CUST-13822,40,One year,42.34,1710.17,Fiber optic,Yes,No,Bank transfer,Yes,1,No,Yes,0,1
CUST-13823,13,Month-to-month,18.0,237.9,DSL,No,Yes,Electronic check,Yes,0,Yes,No,0,1
CUST-13824,43,Month-to-month,74.69,3053.67,No,Yes,No,Mailed check,Yes,0,No,Yes,3,0
CUST-13825,65,Month-to-month,18.0,1129.34,Fiber optic,Yes,Yes,Credit card,Yes,0,Yes,Yes,2,0
CUST-13826,24,One year,55.97,1348.5,Fiber optic,No,Yes,Bank transfer,No,0,Yes,No,3,0
CUST-13827,40,Month-to-month,100.61,3787.89,Fiber optic,No,No,Mailed check,No,1,Yes,No,0,1
CUST-13828,49,Month-to-month,82.37,4016.01,No,No,No,Credit card,No,0,No,Yes,3,1
CUST-13829,10,One year,96.27,994.86,Fiber optic,No,No,Credit card,Yes,0,Yes,Yes,1,0
CUST-13830,65,One year,83.61,5354.76,Fiber optic,No,Yes,Mailed check,Yes,0,No,Yes,0,0
CUST-13831,14,Month-to-month,120.0,1648.29,Fiber optic,Yes,Yes,Credit card,Yes,0,Yes,No,3,0
CUST-13832,59,Month-to-month,47.35,2572.8,DSL,No,Yes,Electronic check,Yes,0,No,No,0,0
CUST-13833,48,One year,76.94,3453.96,Fiber optic,No,No,Mailed check,Yes,0,Yes,Yes,2,0
CUST-13834,10,Month-to-month,51.86,523.71,Fiber optic,No,No,Credit card,Yes,1,Yes,No,3,0
CUST-13835,52,Month-to-month,93.7,4847.68,No,No,Yes,Credit card,No,0,No,No,2,1
CUST-13836,14,Two year,63.15,899.18,Fiber optic,No,No,Credit card,Yes,0,No,No,2,1
CUST-13837,43,Month-to-month,116.57,5008.05,Fiber optic,Yes,No,Electronic check,Yes,0,Yes,Yes,3,0
CUST-13838,70,Month-to-month,49.08,3396.51,Fiber optic,No,Yes,Electronic check,Yes,0,No,Yes,1,0
CUST-13839,69,Month-to-month,107.21,6938.29,Fiber optic,Yes,Yes,Bank transfer,No,0,Yes,No,2,0
CUST-13840,63,Month-to-month,82.79,5251.35,Fiber optic,No,No,Electronic check,Yes,0,No,No,1,1
CUST-13841,36,Month-to-month,64.03,2314.4,No,Yes,Yes,Credit card,Yes,0,Yes,No,2,0
CUST-13842,40,Month-to-month,81.27,3027.31,DSL,No,Yes,Credit card,Yes,0,Yes,Yes,0,0
CUST-13843,21,One year,72.84,1533.95,Fiber optic,Yes,Yes,Credit card,Yes,1,No,No,2,1
CUST-13844,67,Month-to-month,75.68,4844.01,No,No,No,Credit card,Yes,1,Yes,No,1,1
CUST-13845,34,Two year,58.79,1946.43,Fiber optic,No,No,Electronic check,No,0,Yes,No,1,0
CUST-13846,56,Two year,43.95,2346.6,DSL,Yes,No,Credit card,Yes,0,No,No,1,0
CUST-13847,26,Month-to-month,54.95,1408.92,Fiber optic,Yes,No,Mailed check,Yes,0,No,Yes,1,1
CUST-13848,54,Month-to-month,18.0,926.2,DSL,Yes,No,Electronic check,Yes,0,No,Yes,1,0
CUST-13849,16,One year,90.26,1452.0,DSL,No,Yes,Mailed check,Yes,0,Yes,No,0,0
CUST-13850,53,Two year,27.95,1440.58,Fiber optic,No,No,Credit card,No,0,Yes,No,4,0
CUST-13851,3,Two year,58.47,227.58,No,Yes,No,Credit card,No,0,Yes,Yes,4,0
CUST-13852,7,Month-to-month,84.44,618.2,DSL,No,No,Bank transfer,Yes,0,Yes,Yes,0,1
CUST-13853,25,Month-to-month,90.18,2141.52,No,Yes,Yes,Electronic check,Yes,0,No,Yes,0,0
CUST-13854,35,Month-to-month,18.0,615.46,Fiber optic,No,No,Bank transfer,Yes,1,Yes,No,3,0
CUST-13855,51,Two year,62.24,3066.56,No,No,Yes,Bank transfer,Yes,0,No,No,1,1
CUST-13856,26,One year,78.79,2034.55,Fiber optic,No,Yes,Bank transfer,Yes,0,Yes,No,1,1
CUST-13857,1,Month-to-month,66.56,127.97,No,Yes,No,Mailed check,No,0,No,No,0,0
CUST-13858,23,One year,105.32,2344.2,No,No,Yes,Electronic check,No,0,Yes,No,2,0
CUST-13859,32,Month-to-month,40.35,1284.64,No,No,Yes,Mailed check,Yes,1,Yes,No,2,1
CUST-13860,39,One year,18.0,683.69,Fiber optic,Yes,No,Credit card,No,0,Yes,No,0,0
CUST-13861,47,Month-to-month,89.31,4070.77,DSL,No,No,Mailed check,Yes,0,Yes,No,0,0
CUST-13862,18,One year,48.89,891.19,Fiber optic,No,No,Electronic check,Yes,0,Yes,No,1,1
CUST-13863,44,One year,18.0,778.58,Fiber optic,No,Yes,Mailed check,Yes,0,Yes,No,1,0
CUST-13864,46,One year,60.24,2722.81,DSL,No,No,Mailed check,Yes,0,No,Yes,0,0
CUST-13865,56,Month-to-month,101.92,5711.03,No,No,Yes,Bank transfer,Yes,1,Yes,Yes,0,1
CUST-13866,38,Two year,27.1,1004.0,DSL,No,No,Bank transfer,No,0,Yes,Yes,2,1
CUST-13867,59,One year,120.0,7157.55,No,Yes,Yes,Mailed check,Yes,0,No,Yes,2,0
CUST-13868,16,Month-to-month,39.86,673.99,Fiber optic,No,Yes,Electronic check,Yes,0,No,No,0,1
CUST-13869,51,Month-to-month,67.61,3282.05,No,No,No,Mailed check,Yes,1,Yes,No,1,0
CUST-13870,3,One year,28.43,112.37,No,No,Yes,Electronic check,Yes,0,No,Yes,0,1
CUST-13871,7,Month-to-month,66.25,499.31,Fiber optic,No,No,Bank transfer,Yes,0,Yes,No,4,0
CUST-13872,63,Month-to-month,60.99,3893.33,Fiber optic,No,Yes,Mailed check,Yes,0,Yes,Yes,5,1
CUST-13873,34,Month-to-month,20.32,706.04,DSL,Yes,No,Mailed check,Yes,0,Yes,Yes,2,0
CUST-13874,45,Month-to-month,120.0,5210.61,No,Yes,Yes,Bank transfer,Yes,0,No,Yes,1,0
CUST-13875,44,Month-to-month,50.14,2109.52,No,No,No,Credit card,Yes,0,Yes,No,0,1
CUST-13876,50,One year,50.17,2478.33,DSL,No,Yes,Mailed check,No,0,No,No,0,0
CUST-13877,17,Month-to-month,94.07,1586.17,DSL,Yes,Yes,Bank transfer,No,0,Yes,Yes,1,1
CUST-13878,13,One year,119.43,1615.23,Fiber optic,No,Yes,Bank transfer,Yes,0,Yes,Yes,0,0
CUST-13879,3,Month-to-month,98.79,372.29,DSL,No,No,Bank transfer,No,0,Yes,No,3,1
CUST-13880,63,Month-to-month,28.96,1761.12,No,No,No,Mailed check,No,0,Yes,No,3,1
CUST-13881,16,Month-to-month,71.42,1138.71,DSL,No,Yes,Electronic check,Yes,0,No,No,1,0
CUST-13882,41,One year,18.0,740.63,No,No,Yes,Electronic check,No,1,Yes,No,2,1
CUST-13883,33,Two year,92.05,3004.94,No,No,Yes,Electronic check,Yes,0,No,No,0,0
CUST-13884,11,Month-to-month,18.0,209.16,No,Yes,Yes,Electronic check,No,0,Yes,Yes,0,0
CUST-13885,30,Month-to-month,40.9,1245.2,Fiber optic,No,No,Credit card,Yes,0,Yes,No,1,1
CUST-13886,6,Month-to-month,64.9,445.04,DSL,No,Yes,Electronic check,Yes,0,Yes,No,1,1
CUST-13887,12,Month-to-month,78.35,968.59,No,No,No,Credit card,No,0,Yes,No,0,1
CUST-13888,10,Two year,57.17,581.97,Fiber optic,No,No,Credit card,No,0,Yes,Yes,1,0
CUST-13889,60,Month-to-month,110.57,6315.4,No,No,Yes,Electronic check,Yes,0,No,Yes,1,0
CUST-13890,41,Two year,86.7,3478.28,Fiber optic,Yes,Yes,Mailed check,No,0,Yes,No,2,0
CUST-13891,67,One year,84.34,5298.54,DSL,Yes,Yes,Mailed check,No,0,Yes,No,2,0
CUST-13892,31,Month-to-month,28.12,880.12,No,Yes,Yes,Mailed check,No,0,Yes,No,1,0
CUST-13893,14,Two year,115.98,1605.63,No,No,No,Mailed check,No,0,No,No,0,0
CUST-13894,44,Month-to-month,40.91,1718.56,DSL,No,Yes,Mailed check,No,0,Yes,No,2,0
CUST-13895,67,One year,117.13,7672.32,Fiber optic,Yes,Yes,Bank transfer,Yes,1,No,No,0,0
CUST-13896,38,Month-to-month,120.0,4538.52,DSL,Yes,Yes,Mailed check,No,0,Yes,No,0,1
CUST-13897,1,Two year,80.38,151.03,Fiber optic,No,No,Electronic check,Yes,0,Yes,No,1,1
CUST-13898,22,Month-to-month,95.96,2153.16,Fiber optic,Yes,Yes,Mailed check,No,0,No,No,0,0
CUST-13899,67,Month-to-month,18.0,1212.0,Fiber optic,Yes,No,Credit card,No,0,No,No,1,0
CUST-13900,37,Two year,59.15,2059.88,DSL,Yes,Yes,Credit card,No,0,No,No,3,0
CUST-13901,69,Month-to-month,98.06,6806.47,DSL,No,Yes,Electronic check,Yes,1,Yes,Yes,0,0
CUST-13902,37,Month-to-month,92.74,3361.33,Fiber optic,No,No,Bank transfer,Yes,1,No,No,1,1
CUST-13903,0,One year,28.41,26.84,DSL,No,No,Credit card,Yes,0,Yes,No,2,1
CUST-13904,63,Month-to-month,56.19,3522.74,Fiber optic,Yes,No,Electronic check,Yes,0,No,No,0,0
CUST-13905,55,Two year,18.0,986.23,Fiber optic,Yes,No,Electronic check,No,0,No,No,1,0
CUST-13906,52,One year,77.39,3971.46,Fiber optic,No,Yes,Electronic check,No,0,No,No,3,0
CUST-13907,70,One year,18.0,1202.41,Fiber optic,No,Yes,Mailed check,No,0,Yes,Yes,0,0
CUST-13908,14,Month-to-month,98.91,1374.94,DSL,Yes,Yes,Credit card,Yes,1,Yes,No,1,1
CUST-13909,66,Month-to-month,100.48,6301.54,DSL,No,No,Mailed check,No,0,Yes,No,2,0
CUST-13910,16,Two year,50.77,826.26,No,No,No,Mailed check,No,0,Yes,No,0,1
CUST-13911,70,Month-to-month,80.64,5475.8,No,No,No,Mailed check,No,1,No,No,1,0
CUST-13912,13,Month-to-month,58.49,812.63,No,No,No,Mailed check,Yes,0,Yes,No,1,1
CUST-13913,40,Month-to-month,72.26,2801.69,No,Yes,No,Credit card,No,0,No,Yes,2,1
CUST-13914,57,Month-to-month,30.58,1714.51,Fiber optic,Yes,No,Electronic check,Yes,0,No,No,1,1
CUST-13915,5,One year,83.67,484.95,No,No,No,Mailed check,Yes,0,Yes,No,1,0
CUST-13916,4,One year,18.0,87.59,Fiber optic,No,No,Bank transfer,No,0,Yes,Yes,1,0
CUST-13917,62,One year,18.0,1133.03,Fiber optic,No,No,Electronic check,No,0,No,No,1,0
CUST-13918,4,Two year,61.34,300.63,No,Yes,Yes,Electronic check,Yes,0,No,No,0,0
CUST-13919,44,Month-to-month,58.66,2386.2,Fiber optic,Yes,Yes,Credit card,No,0,Yes,No,1,1
CUST-13920,68,Month-to-month,73.17,4953.62,Fiber optic,No,No,Mailed check,No,0,No,No,2,1
CUST-13921,44,Month-to-month,45.51,2047.93,Fiber optic,No,Yes,Electronic check,Yes,0,No,Yes,1,1
CUST-13922,35,One year,120.0,3904.38,DSL,Yes,Yes,Mailed check,Yes,0,Yes,No,6,0
CUST-13923,30,Month-to-month,69.82,2077.23,Fiber optic,No,No,Electronic check,Yes,1,Yes,No,3,1
CUST-13924,46,One year,71.99,3247.99,No,No,No,Electronic check,No,1,Yes,No,1,0
CUST-13925,41,Month-to-month,70.92,2837.13,Fiber optic,No,Yes,Electronic check,No,0,No,Yes,1,0
CUST-13926,36,Two year,95.09,3474.46,DSL,No,Yes,Bank transfer,Yes,0,No,Yes,3,0
CUST-13927,11,Two year,82.28,969.03,Fiber optic,Yes,No,Mailed check,Yes,1,No,No,1,1
CUST-13928,48,Two year,78.26,3517.24,Fiber optic,No,No,Mailed check,Yes,0,No,Yes,1,0
CUST-13929,54,Month-to-month,87.08,4359.79,Fiber optic,No,No,Credit card,Yes,0,Yes,No,1,1
CUST-13930,51,Two year,18.0,857.99,Fiber optic,No,Yes,Mailed check,No,0,No,Yes,3,0
CUST-13931,5,Month-to-month,18.0,106.78,Fiber optic,No,Yes,Electronic check,Yes,0,No,No,0,0
CUST-13932,51,Month-to-month,62.72,2967.39,Fiber optic,Yes,Yes,Electronic check,Yes,0,Yes,No,0,1
CUST-13933,53,Month-to-month,59.07,3076.92,Fiber optic,No,No,Bank transfer,Yes,0,Yes,No,2,1
CUST-13934,13,Month-to-month,82.39,1116.93,Fiber optic,No,No,Bank transfer,No,0,Yes,No,1,1
CUST-13935,61,One year,65.6,3749.19,Fiber optic,Yes,No,Mailed check,Yes,0,No,No,1,0
CUST-13936,38,Month-to-month,82.46,2968.24,Fiber optic,No,Yes,Electronic check,Yes,0,Yes,No,2,1
CUST-13937,34,Month-to-month,27.63,951.16,DSL,Yes,No,Electronic check,Yes,0,Yes,No,1,0
CUST-13938,52,One year,64.68,3229.24,Fiber optic,No,No,Mailed check,No,0,Yes,No,1,0
CUST-13939,37,Two year,24.77,894.15,Fiber optic,No,No,Bank transfer,Yes,0,Yes,No,1,0
CUST-13940,39,One year,76.61,2879.66,Fiber optic,Yes,No,Bank transfer,Yes,0,No,No,1,0
CUST-13941,22,One year,18.0,380.18,No,No,No,Bank transfer,Yes,0,Yes,No,1,0
CUST-13942,67,Month-to-month,75.45,4842.92,DSL,No,No,Electronic check,Yes,0,No,No,4,0
CUST-13943,70,Two year,20.93,1377.45,No,No,No,Bank transfer,No,0,Yes,Yes,1,0
CUST-13944,9,Month-to-month,53.49,497.47,DSL,No,No,Credit card,No,1,No,No,1,1
CUST-13945,53,Month-to-month,91.85,4563.96,Fiber optic,Yes,Yes,Electronic check,Yes,0,No,No,1,0
CUST-13946,1,Month-to-month,71.82,138.28,No,No,Yes,Bank transfer,No,0,No,Yes,0,1
CUST-13947,26,One year,18.0,451.34,Fiber optic,No,Yes,Electronic check,No,1,No,Yes,3,0
CUST-13948,70,Month-to-month,44.83,2917.37,No,Yes,Yes,Credit card,Yes,1,Yes,No,2,0
CUST-13949,12,One year,19.96,254.51,No,No,No,Bank transfer,Yes,0,No,Yes,1,0
CUST-13950,27,Month-to-month,18.0,482.62,DSL,Yes,Yes,Bank transfer,No,0,Yes,No,1,0
CUST-13951,16,Month-to-month,68.53,1148.57,No,Yes,Yes,Bank transfer,No,0,No,No,3,0
CUST-13952,53,Month-to-month,81.81,4321.18,No,No,Yes,Bank transfer,Yes,0,No,No,2,0
CUST-13953,33,Month-to-month,78.22,2492.42,Fiber optic,No,No,Mailed check,Yes,0,No,Yes,2,1
CUST-13954,43,Month-to-month,83.08,3495.29,DSL,No,No,Credit card,No,0,Yes,Yes,1,0
CUST-13955,68,One year,64.64,4454.36,DSL,No,No,Electronic check,Yes,1,Yes,No,4,1
CUST-13956,38,Month-to-month,56.8,2072.99,No,Yes,Yes,Credit card,Yes,0,No,No,2,1
CUST-13957,53,Month-to-month,32.81,1637.0,No,No,No,Credit card,Yes,0,No,No,0,1
CUST-13958,7,One year,51.8,379.72,No,Yes,Yes,Credit card,No,1,No,No,1,0
CUST-13959,15,Month-to-month,25.36,403.32,Fiber optic,Yes,No,Electronic check,No,0,No,No,1,1
CUST-13960,69,Month-to-month,39.65,2567.22,DSL,Yes,Yes,Mailed check,Yes,0,No,No,2,0
CUST-13961,62,Month-to-month,67.67,4232.35,Fiber optic,Yes,No,Bank transfer,Yes,0,Yes,No,3,0
CUST-13962,47,Month-to-month,61.47,2830.13,Fiber optic,No,No,Bank transfer,Yes,0,No,Yes,2,0
CUST-13963,27,Month-to-month,120.0,3222.27,DSL,No,No,Bank transfer,No,0,Yes,No,0,0
CUST-13964,14,One year,24.63,347.29,DSL,No,No,Bank transfer,Yes,0,Yes,No,1,1
CUST-13965,62,Month-to-month,61.25,3625.66,DSL,No,Yes,Electronic check,Yes,0,Yes,No,3,1
CUST-13966,57,One year,22.29,1205.01,DSL,Yes,Yes,Credit card,Yes,0,Yes,No,1,0
CUST-13967,17,Month-to-month,53.37,934.67,Fiber optic,No,Yes,Mailed check,Yes,0,Yes,Yes,0,1
CUST-13968,43,One year,54.59,2339.21,Fiber optic,Yes,Yes,Credit card,Yes,0,Yes,No,1,0
CUST-13969,45,One year,90.35,3961.27,Fiber optic,No,No,Bank transfer,No,0,No,No,0,1
CUST-13970,34,Month-to-month,51.51,1703.5,Fiber optic,No,No,Bank transfer,No,0,Yes,No,0,1
CUST-13971,67,Month-to-month,59.26,3882.85,No,Yes,No,Bank transfer,Yes,0,Yes,No,0,0
CUST-13972,9,Month-to-month,52.09,494.41,Fiber optic,No,No,Credit card,No,0,No,No,4,1
CUST-13973,18,Two year,22.97,428.76,Fiber optic,No,Yes,Credit card,No,0,No,Yes,0,0
CUST-13974,6,Two year,45.44,288.34,Fiber optic,Yes,Yes,Bank transfer,No,0,Yes,No,1,0
CUST-13975,50,Month-to-month,53.54,2703.95,Fiber optic,No,No,Bank transfer,No,0,Yes,No,1,0
CUST-13976,47,One year,67.21,3072.68,Fiber optic,No,Yes,Electronic check,No,0,Yes,No,1,0
CUST-13977,72,Month-to-month,81.77,5676.25,Fiber optic,Yes,No,Electronic check,Yes,1,Yes,No,2,1
CUST-13978,39,Month-to-month,57.96,2177.2,Fiber optic,Yes,No,Bank transfer,Yes,0,No,No,4,0
CUST-13979,10,One year,57.43,602.18,Fiber optic,No,No,Mailed check,Yes,0,Yes,No,1,0
CUST-13980,32,Month-to-month,18.0,547.69,Fiber optic,No,No,Mailed check,Yes,0,No,Yes,0,0
CUST-13981,6,Month-to-month,81.19,539.76,DSL,No,No,Bank transfer,No,0,Yes,No,3,1
CUST-13982,48,Two year,44.12,2031.78,Fiber optic,No,No,Electronic check,Yes,0,Yes,Yes,1,1
CUST-13983,49,Month-to-month,87.41,4061.94,Fiber optic,Yes,No,Mailed check,No,0,No,No,0,0
CUST-13984,62,One year,104.49,6064.27,Fiber optic,No,No,Electronic check,No,1,Yes,No,1,0
CUST-13985,24,Month-to-month,59.36,1463.26,Fiber optic,No,No,Credit card,Yes,0,No,No,0,1
CUST-13986,22,Month-to-month,34.3,777.08,DSL,No,Yes,Bank transfer,No,0,No,No,1,0
CUST-13987,5,Month-to-month,64.5,367.07,DSL,No,No,Electronic check,No,0,Yes,No,0,0
CUST-13988,30,Two year,75.46,2159.48,Fiber optic,No,Yes,Bank transfer,Yes,1,Yes,No,2,0
CUST-13989,34,Month-to-month,55.53,1836.73,Fiber optic,No,No,Electronic check,No,0,Yes,No,0,0
CUST-13990,55,Month-to-month,48.08,2672.46,DSL,Yes,No,Credit card,Yes,0,No,No,1,0
CUST-13991,55,One year,81.91,4485.77,DSL,Yes,Yes,Electronic check,Yes,0,No,Yes,4,0
CUST-13992,10,Two year,79.93,862.31,DSL,No,Yes,Mailed check,Yes,0,Yes,No,2,1
CUST-13993,20,Two year,54.61,1112.72,Fiber optic,No,Yes,Credit card,Yes,0,No,No,3,0
CUST-13994,37,One year,18.0,665.12,DSL,Yes,No,Bank transfer,Yes,0,Yes,No,3,0
CUST-13995,24,Month-to-month,78.69,1799.96,Fiber optic,No,No,Bank transfer,No,1,No,Yes,3,0
CUST-13996,1,One year,41.98,78.48,Fiber optic,No,No,Bank transfer,No,0,No,No,1,1
CUST-13997,61,Two year,71.43,4354.24,No,Yes,No,Bank transfer,Yes,1,Yes,No,4,1
CUST-13998,53,Two year,69.53,3445.72,Fiber optic,Yes,No,Electronic check,Yes,0,No,Yes,1,1
CUST-13999,37,Two year,18.0,620.74,DSL,No,No,Mailed check,Yes,0,No,No,1,0
